[
{
  "model": "forms.form",
  "fields": {
    "button_text": "Submit",
    "email_copies": "ledenadministratie@localhost",
    "send_email": true,
    "email_from": "root@localhost",
    "response": "<p>Bedankt voor je inschrijving. Je ontvangt een bevestigingsmail op het emailadres dat je hebt opgegeven.</p>",
    "content": "<p>Lid zijn is leuk. Word ook lid!</p>\n<p>Neem voor vragen contact op met <a href=\"mailto:ledenadministratie@jd.local\">ledenadministratie@jd.local</a>.</p>",
    "email_message": "Beste aanmelder,\r\n\r\nBedankt voor je aanmelding. Hieronder vind je een overzicht van de gegevens die je hebt ingevoerd.",
    "email_subject": "Bevestiging van inschrijving"
  },
  "pk": 14
},
{
  "model": "forms.field",
  "fields": {
    "help_text": " ",
    "placeholder_text": "",
    "_order": 0,
    "label": "Geslacht",
    "default": "",
    "form": 14,
    "choices": "Man, Vrouw",
    "visible": true,
    "required": true,
    "field_type": 8
  },
  "pk": 1
},
{
  "model": "forms.field",
  "fields": {
    "help_text": " ",
    "placeholder_text": "",
    "_order": 1,
    "label": "Naam",
    "default": "",
    "form": 14,
    "choices": "",
    "visible": true,
    "required": true,
    "field_type": 1
  },
  "pk": 2
},
{
  "model": "forms.field",
  "fields": {
    "help_text": " ",
    "placeholder_text": "",
    "_order": 3,
    "label": "E-mail",
    "default": "",
    "form": 14,
    "choices": "",
    "visible": true,
    "required": true,
    "field_type": 3
  },
  "pk": 3
},
{
  "model": "forms.field",
  "fields": {
    "help_text": "Je kunt je IBAN achterhalen op https://www.ibanbicservice.nl/SingleRequest.aspx",
    "placeholder_text": "",
    "_order": 4,
    "label": "IBAN",
    "default": "",
    "form": 14,
    "choices": "",
    "visible": true,
    "required": true,
    "field_type": 1
  },
  "pk": 4
},
{
  "model": "forms.field",
  "fields": {
    "help_text": " ",
    "placeholder_text": "",
    "_order": 5,
    "label": "Geboortedatum",
    "default": "",
    "form": 14,
    "choices": "",
    "visible": true,
    "required": true,
    "field_type": 15
  },
  "pk": 5
},
{
  "model": "forms.field",
  "fields": {
    "help_text": " ",
    "placeholder_text": "",
    "_order": 6,
    "label": "Type lidmaatschap",
    "default": "",
    "form": 14,
    "choices": "Combi, Zelfstandig",
    "visible": true,
    "required": true,
    "field_type": 6
  },
  "pk": 6
},
{
  "model": "forms.field",
  "fields": {
    "help_text": " ",
    "placeholder_text": "",
    "_order": 7,
    "label": "Opmerkingen",
    "default": "",
    "form": 14,
    "choices": "",
    "visible": true,
    "required": false,
    "field_type": 2
  },
  "pk": 7
},
{
  "model": "forms.field",
  "fields": {
    "help_text": " ",
    "placeholder_text": "",
    "_order": 2,
    "label": "Huisnummer",
    "default": "",
    "form": 14,
    "choices": "",
    "visible": true,
    "required": true,
    "field_type": 100
  },
  "pk": 8
},
{
  "model": "forms.field",
  "fields": {
    "help_text": " ",
    "placeholder_text": "",
    "_order": 8,
    "label": "Controle",
    "default": "",
    "form": 14,
    "choices": "",
    "visible": true,
    "required": true,
    "field_type": 101
  },
  "pk": 9
},
{
  "model": "forms.formentry",
  "fields": {
    "entry_time": "2014-12-27T22:33:05.576Z",
    "form": 14
  },
  "pk": 3
},
{
  "model": "forms.fieldentry",
  "fields": {
    "value": "Man",
    "entry": 3,
    "field_id": 1
  },
  "pk": 16
},
{
  "model": "forms.fieldentry",
  "fields": {
    "value": "John Doe",
    "entry": 3,
    "field_id": 2
  },
  "pk": 17
},
{
  "model": "forms.fieldentry",
  "fields": {
    "value": "1234",
    "entry": 3,
    "field_id": 8
  },
  "pk": 18
},
{
  "model": "forms.fieldentry",
  "fields": {
    "value": "a@b.com",
    "entry": 3,
    "field_id": 3
  },
  "pk": 19
},
{
  "model": "forms.fieldentry",
  "fields": {
    "value": "NL12XXXX3456789012",
    "entry": 3,
    "field_id": 4
  },
  "pk": 20
},
{
  "model": "forms.fieldentry",
  "fields": {
    "value": "2014-01-01",
    "entry": 3,
    "field_id": 5
  },
  "pk": 21
},
{
  "model": "forms.fieldentry",
  "fields": {
    "value": "Combi",
    "entry": 3,
    "field_id": 6
  },
  "pk": 22
},
{
  "model": "forms.fieldentry",
  "fields": {
    "value": "",
    "entry": 3,
    "field_id": 7
  },
  "pk": 23
},
{
  "model": "forms.fieldentry",
  "fields": {
    "value": "d4f12f1f70bb97b6e4c9168c1231013bdccedbc9, ",
    "entry": 3,
    "field_id": 9
  },
  "pk": 24
},
{
  "model": "pages.page",
  "fields": {
    "_meta_title": "",
    "title": "Blog",
    "site": 1,
    "content_model": "blogcategorypage",
    "login_required": false,
    "gen_description": true,
    "updated": "2015-04-10T17:37:25.110Z",
    "expiry_date": null,
    "in_sitemap": true,
    "in_menus": "1,2,3",
    "created": "2015-04-10T17:37:25.110Z",
    "status": 2,
    "description": "This is an example jdpages blog page.\u00a0",
    "short_url": null,
    "parent": null,
    "publish_date": "2015-04-10T17:37:25.100Z",
    "keywords_string": "",
    "titles": "Example blog",
    "_order": 7,
    "slug": "example-blog"
  },
  "pk": 1
},
{
  "model": "pages.page",
  "fields": {
    "_meta_title": "",
    "title": "Word actief!",
    "site": 1,
    "content_model": "richtextpage",
    "login_required": false,
    "gen_description": true,
    "updated": "2014-12-30T23:19:34.098Z",
    "expiry_date": null,
    "in_sitemap": true,
    "in_menus": "1,2,3",
    "created": "2014-12-21T21:35:53.992Z",
    "status": 2,
    "description": "\nLorem ipsum dolor sit amet, consectetur adipiscing elit. Morbi luctus eget erat efficitur porta. Donec a lorem urna. Morbi tincidunt ligula eget lectus condimentum, vitae consequat leo eleifend. Vivamus a porttitor felis. Curabitur suscipit, erat et varius egestas, odio ante pretium ante, a consectetur ligula urna non ante. Vivamus in libero convallis, tempus sem non, dignissim quam. Nam molestie diam nec leo dignissim, et iaculis erat aliquet. Praesent ullamcorper massa libero, non tempus eros commodo egestas. Nulla lorem elit, auctor id malesuada sit amet, semper in orci. Maecenas faucibus, risus vitae venenatis lacinia, erat mi venenatis augue, sit amet interdum dolor felis ut ante. Morbi a facilisis ante, in lobortis urna. Etiam ut nunc quis libero interdum aliquam eu at magna. Nunc vehicula risus eleifend molestie vulputate. Mauris diam odio, congue eget lorem id, finibus imperdiet sem.",
    "short_url": null,
    "parent": null,
    "publish_date": "2014-12-21T21:35:53Z",
    "keywords_string": "",
    "titles": "Word actief!",
    "_order": 1,
    "slug": "word-actief"
  },
  "pk": 2
},
{
  "model": "pages.page",
  "fields": {
    "_meta_title": "",
    "title": "Media",
    "site": 1,
    "content_model": "richtextpage",
    "login_required": false,
    "gen_description": true,
    "updated": "2014-12-21T21:36:16.018Z",
    "expiry_date": null,
    "in_sitemap": true,
    "in_menus": "1,2,3",
    "created": "2014-12-21T21:36:16.018Z",
    "status": 2,
    "description": "\nLorem ipsum dolor sit amet, consectetur adipiscing elit. Morbi luctus eget erat efficitur porta. Donec a lorem urna. Morbi tincidunt ligula eget lectus condimentum, vitae consequat leo eleifend. Vivamus a porttitor felis. Curabitur suscipit, erat et varius egestas, odio ante pretium ante, a consectetur ligula urna non ante. Vivamus in libero convallis, tempus sem non, dignissim quam. Nam molestie diam nec leo dignissim, et iaculis erat aliquet. Praesent ullamcorper massa libero, non tempus eros commodo egestas. Nulla lorem elit, auctor id malesuada sit amet, semper in orci. Maecenas faucibus, risus vitae venenatis lacinia, erat mi venenatis augue, sit amet interdum dolor felis ut ante. Morbi a facilisis ante, in lobortis urna. Etiam ut nunc quis libero interdum aliquam eu at magna. Nunc vehicula risus eleifend molestie vulputate. Mauris diam odio, congue eget lorem id, finibus imperdiet sem.",
    "short_url": null,
    "parent": null,
    "publish_date": "2014-12-21T21:36:16.017Z",
    "keywords_string": "",
    "titles": "Media",
    "_order": 3,
    "slug": "media"
  },
  "pk": 3
},
{
  "model": "pages.page",
  "fields": {
    "_meta_title": "",
    "title": "Word actief!",
    "site": 3,
    "content_model": "richtextpage",
    "login_required": false,
    "gen_description": true,
    "updated": "2014-12-21T21:39:42.707Z",
    "expiry_date": null,
    "in_sitemap": true,
    "in_menus": "1,2,3",
    "created": "2014-12-21T21:39:42.707Z",
    "status": 2,
    "description": "\nLorem ipsum dolor sit amet, consectetur adipiscing elit. Morbi luctus eget erat efficitur porta. Donec a lorem urna. Morbi tincidunt ligula eget lectus condimentum, vitae consequat leo eleifend. Vivamus a porttitor felis. Curabitur suscipit, erat et varius egestas, odio ante pretium ante, a consectetur ligula urna non ante. Vivamus in libero convallis, tempus sem non, dignissim quam. Nam molestie diam nec leo dignissim, et iaculis erat aliquet. Praesent ullamcorper massa libero, non tempus eros commodo egestas. Nulla lorem elit, auctor id malesuada sit amet, semper in orci. Maecenas faucibus, risus vitae venenatis lacinia, erat mi venenatis augue, sit amet interdum dolor felis ut ante. Morbi a facilisis ante, in lobortis urna. Etiam ut nunc quis libero interdum aliquam eu at magna. Nunc vehicula risus eleifend molestie vulputate. Mauris diam odio, congue eget lorem id, finibus imperdiet sem.",
    "short_url": null,
    "parent": null,
    "publish_date": "2014-12-21T21:39:42.705Z",
    "keywords_string": "",
    "titles": "Word actief!",
    "_order": 1,
    "slug": "word-actief"
  },
  "pk": 6
},
{
  "model": "pages.page",
  "fields": {
    "_meta_title": "",
    "title": "Organisatie",
    "site": 3,
    "content_model": "richtextpage",
    "login_required": false,
    "gen_description": true,
    "updated": "2014-12-21T21:39:54.779Z",
    "expiry_date": null,
    "in_sitemap": true,
    "in_menus": "1,2,3",
    "created": "2014-12-21T21:39:54.779Z",
    "status": 2,
    "description": "\nLorem ipsum dolor sit amet, consectetur adipiscing elit. Morbi luctus eget erat efficitur porta. Donec a lorem urna. Morbi tincidunt ligula eget lectus condimentum, vitae consequat leo eleifend. Vivamus a porttitor felis. Curabitur suscipit, erat et varius egestas, odio ante pretium ante, a consectetur ligula urna non ante. Vivamus in libero convallis, tempus sem non, dignissim quam. Nam molestie diam nec leo dignissim, et iaculis erat aliquet. Praesent ullamcorper massa libero, non tempus eros commodo egestas. Nulla lorem elit, auctor id malesuada sit amet, semper in orci. Maecenas faucibus, risus vitae venenatis lacinia, erat mi venenatis augue, sit amet interdum dolor felis ut ante. Morbi a facilisis ante, in lobortis urna. Etiam ut nunc quis libero interdum aliquam eu at magna. Nunc vehicula risus eleifend molestie vulputate. Mauris diam odio, congue eget lorem id, finibus imperdiet sem.",
    "short_url": null,
    "parent": null,
    "publish_date": "2014-12-21T21:39:54.776Z",
    "keywords_string": "",
    "titles": "Organisatie",
    "_order": 2,
    "slug": "organisatie"
  },
  "pk": 7
},
{
  "model": "pages.page",
  "fields": {
    "_meta_title": "",
    "title": "Bestuur",
    "site": 3,
    "content_model": "richtextpage",
    "login_required": false,
    "gen_description": true,
    "updated": "2014-12-21T21:40:44.994Z",
    "expiry_date": null,
    "in_sitemap": true,
    "in_menus": "1,2,3",
    "created": "2014-12-21T21:39:59.444Z",
    "status": 2,
    "description": "\nLorem ipsum dolor sit amet, consectetur adipiscing elit. Morbi luctus eget erat efficitur porta. Donec a lorem urna. Morbi tincidunt ligula eget lectus condimentum, vitae consequat leo eleifend. Vivamus a porttitor felis. Curabitur suscipit, erat et varius egestas, odio ante pretium ante, a consectetur ligula urna non ante. Vivamus in libero convallis, tempus sem non, dignissim quam. Nam molestie diam nec leo dignissim, et iaculis erat aliquet. Praesent ullamcorper massa libero, non tempus eros commodo egestas. Nulla lorem elit, auctor id malesuada sit amet, semper in orci. Maecenas faucibus, risus vitae venenatis lacinia, erat mi venenatis augue, sit amet interdum dolor felis ut ante. Morbi a facilisis ante, in lobortis urna. Etiam ut nunc quis libero interdum aliquam eu at magna. Nunc vehicula risus eleifend molestie vulputate. Mauris diam odio, congue eget lorem id, finibus imperdiet sem.",
    "short_url": null,
    "parent": 7,
    "publish_date": "2014-12-21T21:39:59.442Z",
    "keywords_string": "",
    "titles": "Organisatie / Bestuur",
    "_order": 0,
    "slug": "bestuur"
  },
  "pk": 8
},
{
  "model": "pages.page",
  "fields": {
    "_meta_title": "",
    "title": "Regionaal Politiek Programma",
    "site": 3,
    "content_model": "richtextpage",
    "login_required": false,
    "gen_description": true,
    "updated": "2014-12-21T21:40:51.654Z",
    "expiry_date": null,
    "in_sitemap": true,
    "in_menus": "1,2,3",
    "created": "2014-12-21T21:40:15.081Z",
    "status": 2,
    "description": "\nLorem ipsum dolor sit amet, consectetur adipiscing elit. Morbi luctus eget erat efficitur porta. Donec a lorem urna. Morbi tincidunt ligula eget lectus condimentum, vitae consequat leo eleifend. Vivamus a porttitor felis. Curabitur suscipit, erat et varius egestas, odio ante pretium ante, a consectetur ligula urna non ante. Vivamus in libero convallis, tempus sem non, dignissim quam. Nam molestie diam nec leo dignissim, et iaculis erat aliquet. Praesent ullamcorper massa libero, non tempus eros commodo egestas. Nulla lorem elit, auctor id malesuada sit amet, semper in orci. Maecenas faucibus, risus vitae venenatis lacinia, erat mi venenatis augue, sit amet interdum dolor felis ut ante. Morbi a facilisis ante, in lobortis urna. Etiam ut nunc quis libero interdum aliquam eu at magna. Nunc vehicula risus eleifend molestie vulputate. Mauris diam odio, congue eget lorem id, finibus imperdiet sem.",
    "short_url": null,
    "parent": 7,
    "publish_date": "2014-12-21T21:40:15.079Z",
    "keywords_string": "",
    "titles": "Organisatie / Regionaal Politiek Programma",
    "_order": 1,
    "slug": "regionaal-politiek-programma"
  },
  "pk": 9
},
{
  "model": "pages.page",
  "fields": {
    "_meta_title": "",
    "title": "AAV",
    "site": 3,
    "content_model": "richtextpage",
    "login_required": false,
    "gen_description": true,
    "updated": "2014-12-21T21:40:54.359Z",
    "expiry_date": null,
    "in_sitemap": true,
    "in_menus": "1,2,3",
    "created": "2014-12-21T21:40:19.832Z",
    "status": 2,
    "description": "\nLorem ipsum dolor sit amet, consectetur adipiscing elit. Morbi luctus eget erat efficitur porta. Donec a lorem urna. Morbi tincidunt ligula eget lectus condimentum, vitae consequat leo eleifend. Vivamus a porttitor felis. Curabitur suscipit, erat et varius egestas, odio ante pretium ante, a consectetur ligula urna non ante. Vivamus in libero convallis, tempus sem non, dignissim quam. Nam molestie diam nec leo dignissim, et iaculis erat aliquet. Praesent ullamcorper massa libero, non tempus eros commodo egestas. Nulla lorem elit, auctor id malesuada sit amet, semper in orci. Maecenas faucibus, risus vitae venenatis lacinia, erat mi venenatis augue, sit amet interdum dolor felis ut ante. Morbi a facilisis ante, in lobortis urna. Etiam ut nunc quis libero interdum aliquam eu at magna. Nunc vehicula risus eleifend molestie vulputate. Mauris diam odio, congue eget lorem id, finibus imperdiet sem.",
    "short_url": null,
    "parent": 7,
    "publish_date": "2014-12-21T21:40:19.830Z",
    "keywords_string": "",
    "titles": "Organisatie / AAV",
    "_order": 2,
    "slug": "aav"
  },
  "pk": 10
},
{
  "model": "pages.page",
  "fields": {
    "_meta_title": "",
    "title": "Afdelingsreglement",
    "site": 3,
    "content_model": "richtextpage",
    "login_required": false,
    "gen_description": true,
    "updated": "2014-12-21T21:40:56.270Z",
    "expiry_date": null,
    "in_sitemap": true,
    "in_menus": "1,2,3",
    "created": "2014-12-21T21:40:40.527Z",
    "status": 2,
    "description": "\nLorem ipsum dolor sit amet, consectetur adipiscing elit. Morbi luctus eget erat efficitur porta. Donec a lorem urna. Morbi tincidunt ligula eget lectus condimentum, vitae consequat leo eleifend. Vivamus a porttitor felis. Curabitur suscipit, erat et varius egestas, odio ante pretium ante, a consectetur ligula urna non ante. Vivamus in libero convallis, tempus sem non, dignissim quam. Nam molestie diam nec leo dignissim, et iaculis erat aliquet. Praesent ullamcorper massa libero, non tempus eros commodo egestas. Nulla lorem elit, auctor id malesuada sit amet, semper in orci. Maecenas faucibus, risus vitae venenatis lacinia, erat mi venenatis augue, sit amet interdum dolor felis ut ante. Morbi a facilisis ante, in lobortis urna. Etiam ut nunc quis libero interdum aliquam eu at magna. Nunc vehicula risus eleifend molestie vulputate. Mauris diam odio, congue eget lorem id, finibus imperdiet sem.",
    "short_url": null,
    "parent": 7,
    "publish_date": "2014-12-21T21:40:40.525Z",
    "keywords_string": "",
    "titles": "Organisatie / Afdelingsreglement",
    "_order": 3,
    "slug": "afdelingsreglement"
  },
  "pk": 11
},
{
  "model": "pages.page",
  "fields": {
    "_meta_title": "",
    "title": "Word lid!",
    "site": 1,
    "content_model": "form",
    "login_required": false,
    "gen_description": true,
    "updated": "2015-01-01T18:31:47.106Z",
    "expiry_date": null,
    "in_sitemap": true,
    "in_menus": "1,2,3",
    "created": "2014-12-26T10:40:31.513Z",
    "status": 2,
    "description": "Lid zijn is leuk. Word ook lid!",
    "short_url": null,
    "parent": 2,
    "publish_date": "2014-12-26T10:40:31Z",
    "keywords_string": "",
    "titles": "Word actief! / Word lid!",
    "_order": 0,
    "slug": "word-actief/word-lid"
  },
  "pk": 14
},
{
  "model": "pages.page",
  "fields": {
    "_meta_title": "",
    "title": "Afdelingen",
    "site": 1,
    "content_model": "richtextpage",
    "login_required": false,
    "gen_description": true,
    "updated": "2015-01-18T19:18:42.053Z",
    "expiry_date": null,
    "in_sitemap": true,
    "in_menus": "1,2,3",
    "created": "2014-12-29T16:09:13.588Z",
    "status": 2,
    "description": "De afdelingen van de Jonge Democraten zijn:",
    "short_url": null,
    "parent": null,
    "publish_date": "2014-12-29T16:09:13Z",
    "keywords_string": "",
    "titles": "Afdelingen",
    "_order": 4,
    "slug": "afdelingen"
  },
  "pk": 15
},
{
  "model": "pages.page",
  "fields": {
    "_meta_title": null,
    "title": "Visie",
    "site": 1,
    "content_model": "link",
    "login_required": false,
    "gen_description": true,
    "updated": "2014-12-29T16:34:15.695Z",
    "expiry_date": null,
    "in_sitemap": false,
    "in_menus": "1,2,3",
    "created": "2014-12-29T16:34:15.695Z",
    "status": 2,
    "description": "Visie",
    "short_url": null,
    "parent": null,
    "publish_date": "2014-12-29T16:34:15.695Z",
    "keywords_string": "",
    "titles": "Visie",
    "_order": 5,
    "slug": "http://visie.jongedemocraten.nl"
  },
  "pk": 16
},
{
  "model": "pages.page",
  "fields": {
    "_meta_title": "",
    "title": "Home",
    "site": 1,
    "content_model": "homepage",
    "login_required": false,
    "gen_description": true,
    "updated": "2015-04-25T14:29:35.692Z",
    "expiry_date": null,
    "in_sitemap": true,
    "in_menus": "1,2,3",
    "created": "2014-12-31T11:14:42.969Z",
    "status": 2,
    "description": "Welkom op de website van de Jonge Democraten. De JD is met ruim 5500 leden een van de grootste politieke jongerenorganisaties van Nederland.",
    "short_url": null,
    "parent": null,
    "publish_date": "2014-12-31T11:14:42Z",
    "keywords_string": "",
    "titles": "Home",
    "_order": 0,
    "slug": "/"
  },
  "pk": 17
},
{
  "model": "pages.page",
  "fields": {
    "_meta_title": null,
    "title": "Amsterdam",
    "site": 1,
    "content_model": "link",
    "login_required": false,
    "gen_description": true,
    "updated": "2014-12-31T11:20:57.455Z",
    "expiry_date": null,
    "in_sitemap": false,
    "in_menus": "1,2,3",
    "created": "2014-12-31T11:20:44.706Z",
    "status": 2,
    "description": "Afdelingen / Amsterdam",
    "short_url": null,
    "parent": 15,
    "publish_date": "2014-12-31T11:20:44Z",
    "keywords_string": "",
    "titles": "Afdelingen / Amsterdam",
    "_order": 0,
    "slug": "http://ams.jd.local:8000"
  },
  "pk": 19
},
{
  "model": "pages.page",
  "fields": {
    "_meta_title": null,
    "title": "Leiden-Haaglanden",
    "site": 1,
    "content_model": "link",
    "login_required": false,
    "gen_description": true,
    "updated": "2014-12-31T11:21:31.246Z",
    "expiry_date": null,
    "in_sitemap": false,
    "in_menus": "1,2,3",
    "created": "2014-12-31T11:21:31.245Z",
    "status": 2,
    "description": "Afdelingen / Leiden-Haaglanden",
    "short_url": null,
    "parent": 15,
    "publish_date": "2014-12-31T11:21:31.244Z",
    "keywords_string": "",
    "titles": "Afdelingen / Leiden-Haaglanden",
    "_order": 1,
    "slug": "http://lh.jd.local:8000"
  },
  "pk": 20
},
{
  "model": "pages.page",
  "fields": {
    "_meta_title": "",
    "title": "Home",
    "site": 2,
    "content_model": "homepage",
    "login_required": false,
    "gen_description": true,
    "updated": "2014-12-31T13:47:18.225Z",
    "expiry_date": null,
    "in_sitemap": true,
    "in_menus": "1,2,3",
    "created": "2014-12-31T13:46:34.819Z",
    "status": 2,
    "description": ".",
    "short_url": null,
    "parent": null,
    "publish_date": "2014-12-31T13:46:34Z",
    "keywords_string": "",
    "titles": "Home",
    "_order": 0,
    "slug": "/"
  },
  "pk": 22
},
{
  "model": "pages.page",
  "fields": {
    "_meta_title": "",
    "title": "Home",
    "site": 3,
    "content_model": "homepage",
    "login_required": false,
    "gen_description": true,
    "updated": "2014-12-31T14:08:51.406Z",
    "expiry_date": null,
    "in_sitemap": true,
    "in_menus": "1,2,3",
    "created": "2014-12-31T14:08:06.771Z",
    "status": 2,
    "description": "Welkom op de afdelingsite van de Jonge Democraten Leiden-Haaglanden. Hier vind je informatie over ons als\u00a0bestuur, de activiteiten die wij organiseren en de verschillende\u00a0commissies\u00a0die onze afdeling rijk is.",
    "short_url": null,
    "parent": null,
    "publish_date": "2014-12-31T14:08:06Z",
    "keywords_string": "",
    "titles": "Home",
    "_order": 0,
    "slug": "/"
  },
  "pk": 23
},
{
  "model": "pages.page",
  "fields": {
    "_meta_title": "",
    "title": "Documenten",
    "site": 1,
    "content_model": "documentlisting",
    "login_required": false,
    "gen_description": true,
    "updated": "2015-01-28T20:07:16.631Z",
    "expiry_date": null,
    "in_sitemap": true,
    "in_menus": "1,2,3",
    "created": "2015-01-03T23:02:01.802Z",
    "status": 2,
    "description": "Dit zijn belangrijke documenten voor de vereniging.",
    "short_url": null,
    "parent": null,
    "publish_date": "2015-01-03T23:02:01Z",
    "keywords_string": "",
    "titles": "Documenten",
    "_order": 6,
    "slug": "documenten"
  },
  "pk": 24
},
{
  "model": "pages.page",
  "fields": {
    "_meta_title": "",
    "title": "JD Blog",
    "site": 1,
    "content_model": "blogcategorypage",
    "login_required": false,
    "gen_description": true,
    "updated": "2015-04-10T18:00:13.548Z",
    "expiry_date": null,
    "in_sitemap": true,
    "in_menus": "1,2,3",
    "created": "2015-04-10T18:00:13.545Z",
    "status": 2,
    "description": "Dit is een algemeen blog.",
    "short_url": null,
    "parent": 3,
    "publish_date": "2015-04-10T18:00:13.542Z",
    "keywords_string": "",
    "titles": "Media / JD Blog",
    "_order": 0,
    "slug": "media/jd-blog"
  },
  "pk": 25
},
{
  "model": "pages.page",
  "fields": {
    "_meta_title": "",
    "title": "Persberichten",
    "site": 1,
    "content_model": "blogcategorypage",
    "login_required": false,
    "gen_description": true,
    "updated": "2015-04-10T18:00:44.317Z",
    "expiry_date": null,
    "in_sitemap": true,
    "in_menus": "1,2,3",
    "created": "2015-04-10T18:00:44.314Z",
    "status": 2,
    "description": "Hier vind je alle persberichten.",
    "short_url": null,
    "parent": 3,
    "publish_date": "2015-04-10T18:00:44.311Z",
    "keywords_string": "",
    "titles": "Media / Persberichten",
    "_order": 1,
    "slug": "media/persberichten"
  },
  "pk": 26
},
{
  "model": "pages.page",
  "fields": {
    "_meta_title": "",
    "title": "Nieuws",
    "site": 3,
    "content_model": "blogcategorypage",
    "login_required": false,
    "gen_description": true,
    "updated": "2015-04-10T18:12:10.999Z",
    "expiry_date": null,
    "in_sitemap": true,
    "in_menus": "1,2,3",
    "created": "2015-04-10T18:02:26.229Z",
    "status": 2,
    "description": "Al het nieuws van de afdeling.",
    "short_url": null,
    "parent": null,
    "publish_date": "2015-04-10T18:02:26Z",
    "keywords_string": "",
    "titles": "Nieuws",
    "_order": 3,
    "slug": "nieuws"
  },
  "pk": 27
},
{
  "model": "pages.page",
  "fields": {
    "_meta_title": "",
    "title": "Weblog",
    "site": 3,
    "content_model": "blogcategorypage",
    "login_required": false,
    "gen_description": true,
    "updated": "2015-04-10T18:02:48.007Z",
    "expiry_date": null,
    "in_sitemap": true,
    "in_menus": "1,2,3",
    "created": "2015-04-10T18:02:48.007Z",
    "status": 2,
    "description": "Een weblog van de afdelingen.",
    "short_url": null,
    "parent": null,
    "publish_date": "2015-04-10T18:02:48.004Z",
    "keywords_string": "",
    "titles": "Weblog",
    "_order": 4,
    "slug": "weblog"
  },
  "pk": 28
},
{
  "model": "pages.richtextpage",
  "fields": {
    "content": "<p>De afdelingen van de Jonge Democraten zijn:</p>\n<p></p>\n<ul>\n<li><a class=\"internal\" href=\"http://ams.jd.local:8000\">Amsterdam</a></li>\n<li><a class=\"internal\" href=\"http://lh.jd.local:8000\">Leiden-Haaglanden</a></li>\n<li>Rotterdam</li>\n<li>en vele anderen...</li>\n</ul>\n<div id=\"afdelingskaart\">\n<div class=\"infobox\">\n<h2>Afdeling</h2>\n<h3>Gemeente</h3>\n</div>\n</div>\n<script src=\"http://d3js.org/d3.v3.min.js\" type=\"text/javascript\"></script>\n<script src=\"http://d3js.org/queue.v1.min.js\" type=\"text/javascript\"></script>\n<script src=\"http://d3js.org/d3.geo.projection.v0.min.js\" type=\"text/javascript\"></script>\n<script src=\"http://d3js.org/topojson.v0.min.js\" type=\"text/javascript\"></script>\n<script src=\"/static/js/render.js\" type=\"text/javascript\"></script>"
  },
  "pk": 15
},
{
  "model": "pages.richtextpage",
  "fields": {
    "content": "<p>Blog</p>"
  },
  "pk": 1
},
{
  "model": "pages.richtextpage",
  "fields": {
    "content": "<div id=\"lipsum\">\n<p>Lorem ipsum dolor sit amet, consectetur adipiscing elit. Morbi luctus eget erat efficitur porta. Donec a lorem urna. Morbi tincidunt ligula eget lectus condimentum, vitae consequat leo eleifend. Vivamus a porttitor felis. Curabitur suscipit, erat et varius egestas, odio ante pretium ante, a consectetur ligula urna non ante. Vivamus in libero convallis, tempus sem non, dignissim quam. Nam molestie diam nec leo dignissim, et iaculis erat aliquet. Praesent ullamcorper massa libero, non tempus eros commodo egestas. Nulla lorem elit, auctor id malesuada sit amet, semper in orci. Maecenas faucibus, risus vitae venenatis lacinia, erat mi venenatis augue, sit amet interdum dolor felis ut ante. Morbi a facilisis ante, in lobortis urna. Etiam ut nunc quis libero interdum aliquam eu at magna. Nunc vehicula risus eleifend molestie vulputate. Mauris diam odio, congue eget lorem id, finibus imperdiet sem.</p>\n<p>Vestibulum eget posuere metus, vel finibus leo. Suspendisse congue orci magna, in vestibulum lacus pulvinar a. Donec egestas, felis id feugiat tempus, orci velit ullamcorper risus, et ultricies augue arcu ullamcorper dolor. Mauris eget sollicitudin purus. Aenean a cursus risus, sit amet mattis erat. Curabitur vel venenatis sem. Cras non gravida tellus, eu egestas tellus. Morbi at lorem a turpis blandit vulputate vitae a est.</p>\n<p>Nam luctus vestibulum ultricies. Proin lobortis diam nec libero fringilla accumsan. Sed venenatis ante tortor, eu dapibus lectus finibus quis. Suspendisse faucibus felis nec consequat condimentum. Phasellus dui augue, sollicitudin euismod dolor non, hendrerit maximus sapien. Nullam porttitor hendrerit erat, eget commodo leo fermentum nec. Ut ex lacus, ullamcorper eu auctor eget, vehicula sed mauris. Aenean maximus ante eu eros sollicitudin bibendum. Quisque ullamcorper at lorem in bibendum. Phasellus erat sapien, iaculis in orci ac, tincidunt lacinia orci. Nunc euismod ligula lectus, eu euismod leo sollicitudin sit amet. Phasellus odio justo, pretium eget rhoncus sed, egestas eget felis. Phasellus cursus varius arcu, id bibendum enim convallis ac. Aliquam sagittis semper nulla ac molestie. Vestibulum varius gravida ornare.</p>\n<p>Aliquam posuere purus ac dolor eleifend fringilla. Fusce bibendum pretium facilisis. Etiam imperdiet ante vel convallis dignissim. Praesent vitae sapien a augue vehicula tincidunt. Quisque imperdiet sapien nec nibh tempus aliquet. Quisque sed tristique erat, sed faucibus ex. In fringilla elit et tortor pretium feugiat. Nullam ut posuere velit, nec volutpat sapien. Pellentesque congue pellentesque velit a egestas. Nullam libero elit, feugiat sollicitudin faucibus vel, vehicula eu turpis. Morbi mi diam, accumsan sed sapien vitae, auctor scelerisque nulla. Sed convallis velit non metus sollicitudin aliquam. Aenean fringilla leo et quam feugiat molestie. Curabitur gravida porttitor lorem.</p>\n<p>Nam ac molestie nunc. Nullam vel velit lacinia, auctor sapien vel, condimentum purus. Sed id vulputate tortor, quis pulvinar nunc. Nunc luctus sapien mi, id semper nisi ultricies vel. Proin laoreet, metus et rhoncus sagittis, neque nisl facilisis lorem, in feugiat arcu ex sit amet risus. Morbi et ante commodo, vehicula mi id, pulvinar ex. Integer tempus eros sit amet blandit dapibus. Nunc fringilla ac libero vitae viverra. Morbi mollis lorem non ex blandit, ut sollicitudin est faucibus.</p>\n</div>"
  },
  "pk": 3
},
{
  "model": "pages.richtextpage",
  "fields": {
    "content": "<div id=\"lipsum\">\n<p>Lorem ipsum dolor sit amet, consectetur adipiscing elit. Morbi luctus eget erat efficitur porta. Donec a lorem urna. Morbi tincidunt ligula eget lectus condimentum, vitae consequat leo eleifend. Vivamus a porttitor felis. Curabitur suscipit, erat et varius egestas, odio ante pretium ante, a consectetur ligula urna non ante. Vivamus in libero convallis, tempus sem non, dignissim quam. Nam molestie diam nec leo dignissim, et iaculis erat aliquet. Praesent ullamcorper massa libero, non tempus eros commodo egestas. Nulla lorem elit, auctor id malesuada sit amet, semper in orci. Maecenas faucibus, risus vitae venenatis lacinia, erat mi venenatis augue, sit amet interdum dolor felis ut ante. Morbi a facilisis ante, in lobortis urna. Etiam ut nunc quis libero interdum aliquam eu at magna. Nunc vehicula risus eleifend molestie vulputate. Mauris diam odio, congue eget lorem id, finibus imperdiet sem.</p>\n<p>Vestibulum eget posuere metus, vel finibus leo. Suspendisse congue orci magna, in vestibulum lacus pulvinar a. Donec egestas, felis id feugiat tempus, orci velit ullamcorper risus, et ultricies augue arcu ullamcorper dolor. Mauris eget sollicitudin purus. Aenean a cursus risus, sit amet mattis erat. Curabitur vel venenatis sem. Cras non gravida tellus, eu egestas tellus. Morbi at lorem a turpis blandit vulputate vitae a est.</p>\n<p>Nam luctus vestibulum ultricies. Proin lobortis diam nec libero fringilla accumsan. Sed venenatis ante tortor, eu dapibus lectus finibus quis. Suspendisse faucibus felis nec consequat condimentum. Phasellus dui augue, sollicitudin euismod dolor non, hendrerit maximus sapien. Nullam porttitor hendrerit erat, eget commodo leo fermentum nec. Ut ex lacus, ullamcorper eu auctor eget, vehicula sed mauris. Aenean maximus ante eu eros sollicitudin bibendum. Quisque ullamcorper at lorem in bibendum. Phasellus erat sapien, iaculis in orci ac, tincidunt lacinia orci. Nunc euismod ligula lectus, eu euismod leo sollicitudin sit amet. Phasellus odio justo, pretium eget rhoncus sed, egestas eget felis. Phasellus cursus varius arcu, id bibendum enim convallis ac. Aliquam sagittis semper nulla ac molestie. Vestibulum varius gravida ornare.</p>\n<p>Aliquam posuere purus ac dolor eleifend fringilla. Fusce bibendum pretium facilisis. Etiam imperdiet ante vel convallis dignissim. Praesent vitae sapien a augue vehicula tincidunt. Quisque imperdiet sapien nec nibh tempus aliquet. Quisque sed tristique erat, sed faucibus ex. In fringilla elit et tortor pretium feugiat. Nullam ut posuere velit, nec volutpat sapien. Pellentesque congue pellentesque velit a egestas. Nullam libero elit, feugiat sollicitudin faucibus vel, vehicula eu turpis. Morbi mi diam, accumsan sed sapien vitae, auctor scelerisque nulla. Sed convallis velit non metus sollicitudin aliquam. Aenean fringilla leo et quam feugiat molestie. Curabitur gravida porttitor lorem.</p>\n<p>Nam ac molestie nunc. Nullam vel velit lacinia, auctor sapien vel, condimentum purus. Sed id vulputate tortor, quis pulvinar nunc. Nunc luctus sapien mi, id semper nisi ultricies vel. Proin laoreet, metus et rhoncus sagittis, neque nisl facilisis lorem, in feugiat arcu ex sit amet risus. Morbi et ante commodo, vehicula mi id, pulvinar ex. Integer tempus eros sit amet blandit dapibus. Nunc fringilla ac libero vitae viverra. Morbi mollis lorem non ex blandit, ut sollicitudin est faucibus.</p>\n</div>"
  },
  "pk": 7
},
{
  "model": "pages.richtextpage",
  "fields": {
    "content": "<div id=\"lipsum\">\n<p>Lorem ipsum dolor sit amet, consectetur adipiscing elit. Morbi luctus eget erat efficitur porta. Donec a lorem urna. Morbi tincidunt ligula eget lectus condimentum, vitae consequat leo eleifend. Vivamus a porttitor felis. Curabitur suscipit, erat et varius egestas, odio ante pretium ante, a consectetur ligula urna non ante. Vivamus in libero convallis, tempus sem non, dignissim quam. Nam molestie diam nec leo dignissim, et iaculis erat aliquet. Praesent ullamcorper massa libero, non tempus eros commodo egestas. Nulla lorem elit, auctor id malesuada sit amet, semper in orci. Maecenas faucibus, risus vitae venenatis lacinia, erat mi venenatis augue, sit amet interdum dolor felis ut ante. Morbi a facilisis ante, in lobortis urna. Etiam ut nunc quis libero interdum aliquam eu at magna. Nunc vehicula risus eleifend molestie vulputate. Mauris diam odio, congue eget lorem id, finibus imperdiet sem.</p>\n<p>Vestibulum eget posuere metus, vel finibus leo. Suspendisse congue orci magna, in vestibulum lacus pulvinar a. Donec egestas, felis id feugiat tempus, orci velit ullamcorper risus, et ultricies augue arcu ullamcorper dolor. Mauris eget sollicitudin purus. Aenean a cursus risus, sit amet mattis erat. Curabitur vel venenatis sem. Cras non gravida tellus, eu egestas tellus. Morbi at lorem a turpis blandit vulputate vitae a est.</p>\n<p>Nam luctus vestibulum ultricies. Proin lobortis diam nec libero fringilla accumsan. Sed venenatis ante tortor, eu dapibus lectus finibus quis. Suspendisse faucibus felis nec consequat condimentum. Phasellus dui augue, sollicitudin euismod dolor non, hendrerit maximus sapien. Nullam porttitor hendrerit erat, eget commodo leo fermentum nec. Ut ex lacus, ullamcorper eu auctor eget, vehicula sed mauris. Aenean maximus ante eu eros sollicitudin bibendum. Quisque ullamcorper at lorem in bibendum. Phasellus erat sapien, iaculis in orci ac, tincidunt lacinia orci. Nunc euismod ligula lectus, eu euismod leo sollicitudin sit amet. Phasellus odio justo, pretium eget rhoncus sed, egestas eget felis. Phasellus cursus varius arcu, id bibendum enim convallis ac. Aliquam sagittis semper nulla ac molestie. Vestibulum varius gravida ornare.</p>\n<p>Aliquam posuere purus ac dolor eleifend fringilla. Fusce bibendum pretium facilisis. Etiam imperdiet ante vel convallis dignissim. Praesent vitae sapien a augue vehicula tincidunt. Quisque imperdiet sapien nec nibh tempus aliquet. Quisque sed tristique erat, sed faucibus ex. In fringilla elit et tortor pretium feugiat. Nullam ut posuere velit, nec volutpat sapien. Pellentesque congue pellentesque velit a egestas. Nullam libero elit, feugiat sollicitudin faucibus vel, vehicula eu turpis. Morbi mi diam, accumsan sed sapien vitae, auctor scelerisque nulla. Sed convallis velit non metus sollicitudin aliquam. Aenean fringilla leo et quam feugiat molestie. Curabitur gravida porttitor lorem.</p>\n<p>Nam ac molestie nunc. Nullam vel velit lacinia, auctor sapien vel, condimentum purus. Sed id vulputate tortor, quis pulvinar nunc. Nunc luctus sapien mi, id semper nisi ultricies vel. Proin laoreet, metus et rhoncus sagittis, neque nisl facilisis lorem, in feugiat arcu ex sit amet risus. Morbi et ante commodo, vehicula mi id, pulvinar ex. Integer tempus eros sit amet blandit dapibus. Nunc fringilla ac libero vitae viverra. Morbi mollis lorem non ex blandit, ut sollicitudin est faucibus.</p>\n</div>"
  },
  "pk": 10
},
{
  "model": "pages.richtextpage",
  "fields": {
    "content": "<div id=\"lipsum\">\n<p>Lorem ipsum dolor sit amet, consectetur adipiscing elit. Morbi luctus eget erat efficitur porta. Donec a lorem urna. Morbi tincidunt ligula eget lectus condimentum, vitae consequat leo eleifend. Vivamus a porttitor felis. Curabitur suscipit, erat et varius egestas, odio ante pretium ante, a consectetur ligula urna non ante. Vivamus in libero convallis, tempus sem non, dignissim quam. Nam molestie diam nec leo dignissim, et iaculis erat aliquet. Praesent ullamcorper massa libero, non tempus eros commodo egestas. Nulla lorem elit, auctor id malesuada sit amet, semper in orci. Maecenas faucibus, risus vitae venenatis lacinia, erat mi venenatis augue, sit amet interdum dolor felis ut ante. Morbi a facilisis ante, in lobortis urna. Etiam ut nunc quis libero interdum aliquam eu at magna. Nunc vehicula risus eleifend molestie vulputate. Mauris diam odio, congue eget lorem id, finibus imperdiet sem.</p>\n<p>Vestibulum eget posuere metus, vel finibus leo. Suspendisse congue orci magna, in vestibulum lacus pulvinar a. Donec egestas, felis id feugiat tempus, orci velit ullamcorper risus, et ultricies augue arcu ullamcorper dolor. Mauris eget sollicitudin purus. Aenean a cursus risus, sit amet mattis erat. Curabitur vel venenatis sem. Cras non gravida tellus, eu egestas tellus. Morbi at lorem a turpis blandit vulputate vitae a est.</p>\n<p>Nam luctus vestibulum ultricies. Proin lobortis diam nec libero fringilla accumsan. Sed venenatis ante tortor, eu dapibus lectus finibus quis. Suspendisse faucibus felis nec consequat condimentum. Phasellus dui augue, sollicitudin euismod dolor non, hendrerit maximus sapien. Nullam porttitor hendrerit erat, eget commodo leo fermentum nec. Ut ex lacus, ullamcorper eu auctor eget, vehicula sed mauris. Aenean maximus ante eu eros sollicitudin bibendum. Quisque ullamcorper at lorem in bibendum. Phasellus erat sapien, iaculis in orci ac, tincidunt lacinia orci. Nunc euismod ligula lectus, eu euismod leo sollicitudin sit amet. Phasellus odio justo, pretium eget rhoncus sed, egestas eget felis. Phasellus cursus varius arcu, id bibendum enim convallis ac. Aliquam sagittis semper nulla ac molestie. Vestibulum varius gravida ornare.</p>\n<p>Aliquam posuere purus ac dolor eleifend fringilla. Fusce bibendum pretium facilisis. Etiam imperdiet ante vel convallis dignissim. Praesent vitae sapien a augue vehicula tincidunt. Quisque imperdiet sapien nec nibh tempus aliquet. Quisque sed tristique erat, sed faucibus ex. In fringilla elit et tortor pretium feugiat. Nullam ut posuere velit, nec volutpat sapien. Pellentesque congue pellentesque velit a egestas. Nullam libero elit, feugiat sollicitudin faucibus vel, vehicula eu turpis. Morbi mi diam, accumsan sed sapien vitae, auctor scelerisque nulla. Sed convallis velit non metus sollicitudin aliquam. Aenean fringilla leo et quam feugiat molestie. Curabitur gravida porttitor lorem.</p>\n<p>Nam ac molestie nunc. Nullam vel velit lacinia, auctor sapien vel, condimentum purus. Sed id vulputate tortor, quis pulvinar nunc. Nunc luctus sapien mi, id semper nisi ultricies vel. Proin laoreet, metus et rhoncus sagittis, neque nisl facilisis lorem, in feugiat arcu ex sit amet risus. Morbi et ante commodo, vehicula mi id, pulvinar ex. Integer tempus eros sit amet blandit dapibus. Nunc fringilla ac libero vitae viverra. Morbi mollis lorem non ex blandit, ut sollicitudin est faucibus.</p>\n</div>"
  },
  "pk": 11
},
{
  "model": "pages.richtextpage",
  "fields": {
    "content": "<div id=\"lipsum\">\n<p>Lorem ipsum dolor sit amet, consectetur adipiscing elit. Morbi luctus eget erat efficitur porta. Donec a lorem urna. Morbi tincidunt ligula eget lectus condimentum, vitae consequat leo eleifend. Vivamus a porttitor felis. Curabitur suscipit, erat et varius egestas, odio ante pretium ante, a consectetur ligula urna non ante. Vivamus in libero convallis, tempus sem non, dignissim quam. Nam molestie diam nec leo dignissim, et iaculis erat aliquet. Praesent ullamcorper massa libero, non tempus eros commodo egestas. Nulla lorem elit, auctor id malesuada sit amet, semper in orci. Maecenas faucibus, risus vitae venenatis lacinia, erat mi venenatis augue, sit amet interdum dolor felis ut ante. Morbi a facilisis ante, in lobortis urna. Etiam ut nunc quis libero interdum aliquam eu at magna. Nunc vehicula risus eleifend molestie vulputate. Mauris diam odio, congue eget lorem id, finibus imperdiet sem.</p>\n<p>Vestibulum eget posuere metus, vel finibus leo. Suspendisse congue orci magna, in vestibulum lacus pulvinar a. Donec egestas, felis id feugiat tempus, orci velit ullamcorper risus, et ultricies augue arcu ullamcorper dolor. Mauris eget sollicitudin purus. Aenean a cursus risus, sit amet mattis erat. Curabitur vel venenatis sem. Cras non gravida tellus, eu egestas tellus. Morbi at lorem a turpis blandit vulputate vitae a est.</p>\n<p>Nam luctus vestibulum ultricies. Proin lobortis diam nec libero fringilla accumsan. Sed venenatis ante tortor, eu dapibus lectus finibus quis. Suspendisse faucibus felis nec consequat condimentum. Phasellus dui augue, sollicitudin euismod dolor non, hendrerit maximus sapien. Nullam porttitor hendrerit erat, eget commodo leo fermentum nec. Ut ex lacus, ullamcorper eu auctor eget, vehicula sed mauris. Aenean maximus ante eu eros sollicitudin bibendum. Quisque ullamcorper at lorem in bibendum. Phasellus erat sapien, iaculis in orci ac, tincidunt lacinia orci. Nunc euismod ligula lectus, eu euismod leo sollicitudin sit amet. Phasellus odio justo, pretium eget rhoncus sed, egestas eget felis. Phasellus cursus varius arcu, id bibendum enim convallis ac. Aliquam sagittis semper nulla ac molestie. Vestibulum varius gravida ornare.</p>\n<p>Aliquam posuere purus ac dolor eleifend fringilla. Fusce bibendum pretium facilisis. Etiam imperdiet ante vel convallis dignissim. Praesent vitae sapien a augue vehicula tincidunt. Quisque imperdiet sapien nec nibh tempus aliquet. Quisque sed tristique erat, sed faucibus ex. In fringilla elit et tortor pretium feugiat. Nullam ut posuere velit, nec volutpat sapien. Pellentesque congue pellentesque velit a egestas. Nullam libero elit, feugiat sollicitudin faucibus vel, vehicula eu turpis. Morbi mi diam, accumsan sed sapien vitae, auctor scelerisque nulla. Sed convallis velit non metus sollicitudin aliquam. Aenean fringilla leo et quam feugiat molestie. Curabitur gravida porttitor lorem.</p>\n<p>Nam ac molestie nunc. Nullam vel velit lacinia, auctor sapien vel, condimentum purus. Sed id vulputate tortor, quis pulvinar nunc. Nunc luctus sapien mi, id semper nisi ultricies vel. Proin laoreet, metus et rhoncus sagittis, neque nisl facilisis lorem, in feugiat arcu ex sit amet risus. Morbi et ante commodo, vehicula mi id, pulvinar ex. Integer tempus eros sit amet blandit dapibus. Nunc fringilla ac libero vitae viverra. Morbi mollis lorem non ex blandit, ut sollicitudin est faucibus.</p>\n</div>"
  },
  "pk": 8
},
{
  "model": "pages.richtextpage",
  "fields": {
    "content": "<div id=\"lipsum\">\n<p>Lorem ipsum dolor sit amet, consectetur adipiscing elit. Morbi luctus eget erat efficitur porta. Donec a lorem urna. Morbi tincidunt ligula eget lectus condimentum, vitae consequat leo eleifend. Vivamus a porttitor felis. Curabitur suscipit, erat et varius egestas, odio ante pretium ante, a consectetur ligula urna non ante. Vivamus in libero convallis, tempus sem non, dignissim quam. Nam molestie diam nec leo dignissim, et iaculis erat aliquet. Praesent ullamcorper massa libero, non tempus eros commodo egestas. Nulla lorem elit, auctor id malesuada sit amet, semper in orci. Maecenas faucibus, risus vitae venenatis lacinia, erat mi venenatis augue, sit amet interdum dolor felis ut ante. Morbi a facilisis ante, in lobortis urna. Etiam ut nunc quis libero interdum aliquam eu at magna. Nunc vehicula risus eleifend molestie vulputate. Mauris diam odio, congue eget lorem id, finibus imperdiet sem.</p>\n<p>Vestibulum eget posuere metus, vel finibus leo. Suspendisse congue orci magna, in vestibulum lacus pulvinar a. Donec egestas, felis id feugiat tempus, orci velit ullamcorper risus, et ultricies augue arcu ullamcorper dolor. Mauris eget sollicitudin purus. Aenean a cursus risus, sit amet mattis erat. Curabitur vel venenatis sem. Cras non gravida tellus, eu egestas tellus. Morbi at lorem a turpis blandit vulputate vitae a est.</p>\n<p>Nam luctus vestibulum ultricies. Proin lobortis diam nec libero fringilla accumsan. Sed venenatis ante tortor, eu dapibus lectus finibus quis. Suspendisse faucibus felis nec consequat condimentum. Phasellus dui augue, sollicitudin euismod dolor non, hendrerit maximus sapien. Nullam porttitor hendrerit erat, eget commodo leo fermentum nec. Ut ex lacus, ullamcorper eu auctor eget, vehicula sed mauris. Aenean maximus ante eu eros sollicitudin bibendum. Quisque ullamcorper at lorem in bibendum. Phasellus erat sapien, iaculis in orci ac, tincidunt lacinia orci. Nunc euismod ligula lectus, eu euismod leo sollicitudin sit amet. Phasellus odio justo, pretium eget rhoncus sed, egestas eget felis. Phasellus cursus varius arcu, id bibendum enim convallis ac. Aliquam sagittis semper nulla ac molestie. Vestibulum varius gravida ornare.</p>\n<p>Aliquam posuere purus ac dolor eleifend fringilla. Fusce bibendum pretium facilisis. Etiam imperdiet ante vel convallis dignissim. Praesent vitae sapien a augue vehicula tincidunt. Quisque imperdiet sapien nec nibh tempus aliquet. Quisque sed tristique erat, sed faucibus ex. In fringilla elit et tortor pretium feugiat. Nullam ut posuere velit, nec volutpat sapien. Pellentesque congue pellentesque velit a egestas. Nullam libero elit, feugiat sollicitudin faucibus vel, vehicula eu turpis. Morbi mi diam, accumsan sed sapien vitae, auctor scelerisque nulla. Sed convallis velit non metus sollicitudin aliquam. Aenean fringilla leo et quam feugiat molestie. Curabitur gravida porttitor lorem.</p>\n<p>Nam ac molestie nunc. Nullam vel velit lacinia, auctor sapien vel, condimentum purus. Sed id vulputate tortor, quis pulvinar nunc. Nunc luctus sapien mi, id semper nisi ultricies vel. Proin laoreet, metus et rhoncus sagittis, neque nisl facilisis lorem, in feugiat arcu ex sit amet risus. Morbi et ante commodo, vehicula mi id, pulvinar ex. Integer tempus eros sit amet blandit dapibus. Nunc fringilla ac libero vitae viverra. Morbi mollis lorem non ex blandit, ut sollicitudin est faucibus.</p>\n</div>"
  },
  "pk": 9
},
{
  "model": "pages.richtextpage",
  "fields": {
    "content": "<div id=\"lipsum\">\n<p>Lorem ipsum dolor sit amet, consectetur adipiscing elit. Morbi luctus eget erat efficitur porta. Donec a lorem urna. Morbi tincidunt ligula eget lectus condimentum, vitae consequat leo eleifend. Vivamus a porttitor felis. Curabitur suscipit, erat et varius egestas, odio ante pretium ante, a consectetur ligula urna non ante. Vivamus in libero convallis, tempus sem non, dignissim quam. Nam molestie diam nec leo dignissim, et iaculis erat aliquet. Praesent ullamcorper massa libero, non tempus eros commodo egestas. Nulla lorem elit, auctor id malesuada sit amet, semper in orci. Maecenas faucibus, risus vitae venenatis lacinia, erat mi venenatis augue, sit amet interdum dolor felis ut ante. Morbi a facilisis ante, in lobortis urna. Etiam ut nunc quis libero interdum aliquam eu at magna. Nunc vehicula risus eleifend molestie vulputate. Mauris diam odio, congue eget lorem id, finibus imperdiet sem.</p>\n<p><iframe height=\"315\" src=\"http://www.youtube.com/embed/J3_b4Ec_zEE\" width=\"560\"></iframe></p>\n<p>Vestibulum eget posuere metus, vel finibus leo. Suspendisse congue orci magna, in vestibulum lacus pulvinar a. Donec egestas, felis id feugiat tempus, orci velit ullamcorper risus, et ultricies augue arcu ullamcorper dolor. Mauris eget sollicitudin purus. Aenean a cursus risus, sit amet mattis erat. Curabitur vel venenatis sem. Cras non gravida tellus, eu egestas tellus. Morbi at lorem a turpis blandit vulputate vitae a est.</p>\n<p>Nam luctus vestibulum ultricies. Proin lobortis diam nec libero fringilla accumsan. Sed venenatis ante tortor, eu dapibus lectus finibus quis. Suspendisse faucibus felis nec consequat condimentum. Phasellus dui augue, sollicitudin euismod dolor non, hendrerit maximus sapien. Nullam porttitor hendrerit erat, eget commodo leo fermentum nec. Ut ex lacus, ullamcorper eu auctor eget, vehicula sed mauris. Aenean maximus ante eu eros sollicitudin bibendum. Quisque ullamcorper at lorem in bibendum. Phasellus erat sapien, iaculis in orci ac, tincidunt lacinia orci. Nunc euismod ligula lectus, eu euismod leo sollicitudin sit amet. Phasellus odio justo, pretium eget rhoncus sed, egestas eget felis. Phasellus cursus varius arcu, id bibendum enim convallis ac. Aliquam sagittis semper nulla ac molestie. Vestibulum varius gravida ornare.</p>\n<p>Aliquam posuere purus ac dolor eleifend fringilla. Fusce bibendum pretium facilisis. Etiam imperdiet ante vel convallis dignissim. Praesent vitae sapien a augue vehicula tincidunt. Quisque imperdiet sapien nec nibh tempus aliquet. Quisque sed tristique erat, sed faucibus ex. In fringilla elit et tortor pretium feugiat. Nullam ut posuere velit, nec volutpat sapien. Pellentesque congue pellentesque velit a egestas. Nullam libero elit, feugiat sollicitudin faucibus vel, vehicula eu turpis. Morbi mi diam, accumsan sed sapien vitae, auctor scelerisque nulla. Sed convallis velit non metus sollicitudin aliquam. Aenean fringilla leo et quam feugiat molestie. Curabitur gravida porttitor lorem.</p>\n<p>Nam ac molestie nunc. Nullam vel velit lacinia, auctor sapien vel, condimentum purus. Sed id vulputate tortor, quis pulvinar nunc. Nunc luctus sapien mi, id semper nisi ultricies vel. Proin laoreet, metus et rhoncus sagittis, neque nisl facilisis lorem, in feugiat arcu ex sit amet risus. Morbi et ante commodo, vehicula mi id, pulvinar ex. Integer tempus eros sit amet blandit dapibus. Nunc fringilla ac libero vitae viverra. Morbi mollis lorem non ex blandit, ut sollicitudin est faucibus.</p>\n</div>"
  },
  "pk": 2
},
{
  "model": "pages.richtextpage",
  "fields": {
    "content": "<div id=\"lipsum\">\n<p>Lorem ipsum dolor sit amet, consectetur adipiscing elit. Morbi luctus eget erat efficitur porta. Donec a lorem urna. Morbi tincidunt ligula eget lectus condimentum, vitae consequat leo eleifend. Vivamus a porttitor felis. Curabitur suscipit, erat et varius egestas, odio ante pretium ante, a consectetur ligula urna non ante. Vivamus in libero convallis, tempus sem non, dignissim quam. Nam molestie diam nec leo dignissim, et iaculis erat aliquet. Praesent ullamcorper massa libero, non tempus eros commodo egestas. Nulla lorem elit, auctor id malesuada sit amet, semper in orci. Maecenas faucibus, risus vitae venenatis lacinia, erat mi venenatis augue, sit amet interdum dolor felis ut ante. Morbi a facilisis ante, in lobortis urna. Etiam ut nunc quis libero interdum aliquam eu at magna. Nunc vehicula risus eleifend molestie vulputate. Mauris diam odio, congue eget lorem id, finibus imperdiet sem.</p>\n<p>Vestibulum eget posuere metus, vel finibus leo. Suspendisse congue orci magna, in vestibulum lacus pulvinar a. Donec egestas, felis id feugiat tempus, orci velit ullamcorper risus, et ultricies augue arcu ullamcorper dolor. Mauris eget sollicitudin purus. Aenean a cursus risus, sit amet mattis erat. Curabitur vel venenatis sem. Cras non gravida tellus, eu egestas tellus. Morbi at lorem a turpis blandit vulputate vitae a est.</p>\n<p>Nam luctus vestibulum ultricies. Proin lobortis diam nec libero fringilla accumsan. Sed venenatis ante tortor, eu dapibus lectus finibus quis. Suspendisse faucibus felis nec consequat condimentum. Phasellus dui augue, sollicitudin euismod dolor non, hendrerit maximus sapien. Nullam porttitor hendrerit erat, eget commodo leo fermentum nec. Ut ex lacus, ullamcorper eu auctor eget, vehicula sed mauris. Aenean maximus ante eu eros sollicitudin bibendum. Quisque ullamcorper at lorem in bibendum. Phasellus erat sapien, iaculis in orci ac, tincidunt lacinia orci. Nunc euismod ligula lectus, eu euismod leo sollicitudin sit amet. Phasellus odio justo, pretium eget rhoncus sed, egestas eget felis. Phasellus cursus varius arcu, id bibendum enim convallis ac. Aliquam sagittis semper nulla ac molestie. Vestibulum varius gravida ornare.</p>\n<p>Aliquam posuere purus ac dolor eleifend fringilla. Fusce bibendum pretium facilisis. Etiam imperdiet ante vel convallis dignissim. Praesent vitae sapien a augue vehicula tincidunt. Quisque imperdiet sapien nec nibh tempus aliquet. Quisque sed tristique erat, sed faucibus ex. In fringilla elit et tortor pretium feugiat. Nullam ut posuere velit, nec volutpat sapien. Pellentesque congue pellentesque velit a egestas. Nullam libero elit, feugiat sollicitudin faucibus vel, vehicula eu turpis. Morbi mi diam, accumsan sed sapien vitae, auctor scelerisque nulla. Sed convallis velit non metus sollicitudin aliquam. Aenean fringilla leo et quam feugiat molestie. Curabitur gravida porttitor lorem.</p>\n<p>Nam ac molestie nunc. Nullam vel velit lacinia, auctor sapien vel, condimentum purus. Sed id vulputate tortor, quis pulvinar nunc. Nunc luctus sapien mi, id semper nisi ultricies vel. Proin laoreet, metus et rhoncus sagittis, neque nisl facilisis lorem, in feugiat arcu ex sit amet risus. Morbi et ante commodo, vehicula mi id, pulvinar ex. Integer tempus eros sit amet blandit dapibus. Nunc fringilla ac libero vitae viverra. Morbi mollis lorem non ex blandit, ut sollicitudin est faucibus.</p>\n</div>"
  },
  "pk": 6
},
{
  "model": "pages.link",
  "fields": {},
  "pk": 19
},
{
  "model": "pages.link",
  "fields": {},
  "pk": 20
},
{
  "model": "pages.link",
  "fields": {},
  "pk": 16
},
{
  "model": "sites.site",
  "fields": {
    "name": "JD Landelijk",
    "domain": "jd.local:8000"
  },
  "pk": 1
},
{
  "model": "sites.site",
  "fields": {
    "name": "JD Amsterdam",
    "domain": "ams.jd.local:8000"
  },
  "pk": 2
},
{
  "model": "sites.site",
  "fields": {
    "name": "JD Leiden-Haaglanden",
    "domain": "lh.jd.local:8000"
  },
  "pk": 3
},
{
  "model": "blog.blogcategory",
  "fields": {
    "title": "JD Blog",
    "site": 1,
    "slug": "jd-blog"
  },
  "pk": 1
},
{
  "model": "blog.blogcategory",
  "fields": {
    "title": "Nieuws",
    "site": 1,
    "slug": "nieuws"
  },
  "pk": 2
},
{
  "model": "blog.blogcategory",
  "fields": {
    "title": "Weblog",
    "site": 3,
    "slug": "weblog"
  },
  "pk": 3
},
{
  "model": "blog.blogcategory",
  "fields": {
    "title": "Nieuws",
    "site": 3,
    "slug": "nieuws"
  },
  "pk": 4
},
{
  "model": "blog.blogcategory",
  "fields": {
    "title": "Politiek",
    "site": 1,
    "slug": "politiek"
  },
  "pk": 5
},
{
  "model": "blog.blogcategory",
  "fields": {
    "title": "Mededelingen",
    "site": 1,
    "slug": "mededelingen"
  },
  "pk": 6
},
{
  "model": "auth.group",
  "fields": {
    "name": "Content Manager",
    "permissions": [
      [
        "add_blogpost",
        "blog",
        "blogpost"
      ],
      [
        "change_blogpost",
        "blog",
        "blogpost"
      ],
      [
        "delete_blogpost",
        "blog",
        "blogpost"
      ],
      [
        "add_field",
        "forms",
        "field"
      ],
      [
        "change_field",
        "forms",
        "field"
      ],
      [
        "delete_field",
        "forms",
        "field"
      ],
      [
        "add_fieldentry",
        "forms",
        "fieldentry"
      ],
      [
        "change_fieldentry",
        "forms",
        "fieldentry"
      ],
      [
        "delete_fieldentry",
        "forms",
        "fieldentry"
      ],
      [
        "add_form",
        "forms",
        "form"
      ],
      [
        "change_form",
        "forms",
        "form"
      ],
      [
        "delete_form",
        "forms",
        "form"
      ],
      [
        "add_formentry",
        "forms",
        "formentry"
      ],
      [
        "change_formentry",
        "forms",
        "formentry"
      ],
      [
        "delete_formentry",
        "forms",
        "formentry"
      ],
      [
        "add_blogcategorypage",
        "jdpages",
        "blogcategorypage"
      ],
      [
        "change_blogcategorypage",
        "jdpages",
        "blogcategorypage"
      ],
      [
        "delete_blogcategorypage",
        "jdpages",
        "blogcategorypage"
      ],
      [
        "add_columnelementwidget",
        "jdpages",
        "columnelementwidget"
      ],
      [
        "change_columnelementwidget",
        "jdpages",
        "columnelementwidget"
      ],
      [
        "delete_columnelementwidget",
        "jdpages",
        "columnelementwidget"
      ],
      [
        "add_document",
        "jdpages",
        "document"
      ],
      [
        "change_document",
        "jdpages",
        "document"
      ],
      [
        "delete_document",
        "jdpages",
        "document"
      ],
      [
        "add_documentlisting",
        "jdpages",
        "documentlisting"
      ],
      [
        "change_documentlisting",
        "jdpages",
        "documentlisting"
      ],
      [
        "delete_documentlisting",
        "jdpages",
        "documentlisting"
      ],
      [
        "change_homepage",
        "jdpages",
        "homepage"
      ],
      [
        "change_sidebar",
        "jdpages",
        "sidebar"
      ],
      [
        "add_sidebarblogcategorywidget",
        "jdpages",
        "sidebarblogcategorywidget"
      ],
      [
        "change_sidebarblogcategorywidget",
        "jdpages",
        "sidebarblogcategorywidget"
      ],
      [
        "delete_sidebarblogcategorywidget",
        "jdpages",
        "sidebarblogcategorywidget"
      ],
      [
        "change_sidebartwitterwidget",
        "jdpages",
        "sidebartwitterwidget"
      ],
      [
        "add_socialmediabutton",
        "jdpages",
        "socialmediabutton"
      ],
      [
        "change_socialmediabutton",
        "jdpages",
        "socialmediabutton"
      ],
      [
        "delete_socialmediabutton",
        "jdpages",
        "socialmediabutton"
      ],
      [
        "add_link",
        "pages",
        "link"
      ],
      [
        "change_link",
        "pages",
        "link"
      ],
      [
        "delete_link",
        "pages",
        "link"
      ],
      [
        "add_page",
        "pages",
        "page"
      ],
      [
        "change_page",
        "pages",
        "page"
      ],
      [
        "delete_page",
        "pages",
        "page"
      ],
      [
        "add_richtextpage",
        "pages",
        "richtextpage"
      ],
      [
        "change_richtextpage",
        "pages",
        "richtextpage"
      ],
      [
        "delete_richtextpage",
        "pages",
        "richtextpage"
      ]
    ]
  },
  "pk": 1
},
{
  "model": "auth.group",
  "fields": {
    "name": "Publisher",
    "permissions": [
      [
        "add_blogpost",
        "blog",
        "blogpost"
      ]
    ]
  },
  "pk": 2
},
{
  "model": "auth.group",
  "fields": {
    "name": "Administrators",
    "permissions": [
      [
        "add_logentry",
        "admin",
        "logentry"
      ],
      [
        "change_logentry",
        "admin",
        "logentry"
      ],
      [
        "delete_logentry",
        "admin",
        "logentry"
      ],
      [
        "add_group",
        "auth",
        "group"
      ],
      [
        "change_group",
        "auth",
        "group"
      ],
      [
        "delete_group",
        "auth",
        "group"
      ],
      [
        "add_permission",
        "auth",
        "permission"
      ],
      [
        "change_permission",
        "auth",
        "permission"
      ],
      [
        "delete_permission",
        "auth",
        "permission"
      ],
      [
        "add_user",
        "auth",
        "user"
      ],
      [
        "change_user",
        "auth",
        "user"
      ],
      [
        "delete_user",
        "auth",
        "user"
      ],
      [
        "add_blogcategory",
        "blog",
        "blogcategory"
      ],
      [
        "change_blogcategory",
        "blog",
        "blogcategory"
      ],
      [
        "delete_blogcategory",
        "blog",
        "blogcategory"
      ],
      [
        "add_blogpost",
        "blog",
        "blogpost"
      ],
      [
        "change_blogpost",
        "blog",
        "blogpost"
      ],
      [
        "delete_blogpost",
        "blog",
        "blogpost"
      ],
      [
        "add_captchastore",
        "captcha",
        "captchastore"
      ],
      [
        "change_captchastore",
        "captcha",
        "captchastore"
      ],
      [
        "delete_captchastore",
        "captcha",
        "captchastore"
      ],
      [
        "add_comment",
        "comments",
        "comment"
      ],
      [
        "can_moderate",
        "comments",
        "comment"
      ],
      [
        "change_comment",
        "comments",
        "comment"
      ],
      [
        "delete_comment",
        "comments",
        "comment"
      ],
      [
        "add_commentflag",
        "comments",
        "commentflag"
      ],
      [
        "change_commentflag",
        "comments",
        "commentflag"
      ],
      [
        "delete_commentflag",
        "comments",
        "commentflag"
      ],
      [
        "add_setting",
        "conf",
        "setting"
      ],
      [
        "change_setting",
        "conf",
        "setting"
      ],
      [
        "delete_setting",
        "conf",
        "setting"
      ],
      [
        "add_contenttype",
        "contenttypes",
        "contenttype"
      ],
      [
        "change_contenttype",
        "contenttypes",
        "contenttype"
      ],
      [
        "delete_contenttype",
        "contenttypes",
        "contenttype"
      ],
      [
        "add_sitepermission",
        "core",
        "sitepermission"
      ],
      [
        "change_sitepermission",
        "core",
        "sitepermission"
      ],
      [
        "delete_sitepermission",
        "core",
        "sitepermission"
      ],
      [
        "add_field",
        "forms",
        "field"
      ],
      [
        "change_field",
        "forms",
        "field"
      ],
      [
        "delete_field",
        "forms",
        "field"
      ],
      [
        "add_fieldentry",
        "forms",
        "fieldentry"
      ],
      [
        "change_fieldentry",
        "forms",
        "fieldentry"
      ],
      [
        "delete_fieldentry",
        "forms",
        "fieldentry"
      ],
      [
        "add_form",
        "forms",
        "form"
      ],
      [
        "change_form",
        "forms",
        "form"
      ],
      [
        "delete_form",
        "forms",
        "form"
      ],
      [
        "add_formentry",
        "forms",
        "formentry"
      ],
      [
        "change_formentry",
        "forms",
        "formentry"
      ],
      [
        "delete_formentry",
        "forms",
        "formentry"
      ],
      [
        "add_gallery",
        "galleries",
        "gallery"
      ],
      [
        "change_gallery",
        "galleries",
        "gallery"
      ],
      [
        "delete_gallery",
        "galleries",
        "gallery"
      ],
      [
        "add_galleryimage",
        "galleries",
        "galleryimage"
      ],
      [
        "change_galleryimage",
        "galleries",
        "galleryimage"
      ],
      [
        "delete_galleryimage",
        "galleries",
        "galleryimage"
      ],
      [
        "add_assignedkeyword",
        "generic",
        "assignedkeyword"
      ],
      [
        "change_assignedkeyword",
        "generic",
        "assignedkeyword"
      ],
      [
        "delete_assignedkeyword",
        "generic",
        "assignedkeyword"
      ],
      [
        "add_keyword",
        "generic",
        "keyword"
      ],
      [
        "change_keyword",
        "generic",
        "keyword"
      ],
      [
        "delete_keyword",
        "generic",
        "keyword"
      ],
      [
        "add_rating",
        "generic",
        "rating"
      ],
      [
        "change_rating",
        "generic",
        "rating"
      ],
      [
        "delete_rating",
        "generic",
        "rating"
      ],
      [
        "add_threadedcomment",
        "generic",
        "threadedcomment"
      ],
      [
        "change_threadedcomment",
        "generic",
        "threadedcomment"
      ],
      [
        "delete_threadedcomment",
        "generic",
        "threadedcomment"
      ],
      [
        "add_janeusrole",
        "janeus",
        "janeusrole"
      ],
      [
        "change_janeusrole",
        "janeus",
        "janeusrole"
      ],
      [
        "delete_janeusrole",
        "janeus",
        "janeusrole"
      ],
      [
        "add_janeususer",
        "janeus",
        "janeususer"
      ],
      [
        "change_janeususer",
        "janeus",
        "janeususer"
      ],
      [
        "delete_janeususer",
        "janeus",
        "janeususer"
      ],
      [
        "add_blogcategorypage",
        "jdpages",
        "blogcategorypage"
      ],
      [
        "change_blogcategorypage",
        "jdpages",
        "blogcategorypage"
      ],
      [
        "delete_blogcategorypage",
        "jdpages",
        "blogcategorypage"
      ],
      [
        "add_columnelement",
        "jdpages",
        "columnelement"
      ],
      [
        "change_columnelement",
        "jdpages",
        "columnelement"
      ],
      [
        "delete_columnelement",
        "jdpages",
        "columnelement"
      ],
      [
        "add_columnelementwidget",
        "jdpages",
        "columnelementwidget"
      ],
      [
        "change_columnelementwidget",
        "jdpages",
        "columnelementwidget"
      ],
      [
        "delete_columnelementwidget",
        "jdpages",
        "columnelementwidget"
      ],
      [
        "add_document",
        "jdpages",
        "document"
      ],
      [
        "change_document",
        "jdpages",
        "document"
      ],
      [
        "delete_document",
        "jdpages",
        "document"
      ],
      [
        "add_documentlisting",
        "jdpages",
        "documentlisting"
      ],
      [
        "change_documentlisting",
        "jdpages",
        "documentlisting"
      ],
      [
        "delete_documentlisting",
        "jdpages",
        "documentlisting"
      ],
      [
        "add_homepage",
        "jdpages",
        "homepage"
      ],
      [
        "change_homepage",
        "jdpages",
        "homepage"
      ],
      [
        "delete_homepage",
        "jdpages",
        "homepage"
      ],
      [
        "add_sidebar",
        "jdpages",
        "sidebar"
      ],
      [
        "change_sidebar",
        "jdpages",
        "sidebar"
      ],
      [
        "delete_sidebar",
        "jdpages",
        "sidebar"
      ],
      [
        "add_sidebarbannerwidget",
        "jdpages",
        "sidebarbannerwidget"
      ],
      [
        "change_sidebarbannerwidget",
        "jdpages",
        "sidebarbannerwidget"
      ],
      [
        "delete_sidebarbannerwidget",
        "jdpages",
        "sidebarbannerwidget"
      ],
      [
        "add_sidebarblogcategorywidget",
        "jdpages",
        "sidebarblogcategorywidget"
      ],
      [
        "change_sidebarblogcategorywidget",
        "jdpages",
        "sidebarblogcategorywidget"
      ],
      [
        "delete_sidebarblogcategorywidget",
        "jdpages",
        "sidebarblogcategorywidget"
      ],
      [
        "add_sidebartwitterwidget",
        "jdpages",
        "sidebartwitterwidget"
      ],
      [
        "change_sidebartwitterwidget",
        "jdpages",
        "sidebartwitterwidget"
      ],
      [
        "delete_sidebartwitterwidget",
        "jdpages",
        "sidebartwitterwidget"
      ],
      [
        "add_socialmediabutton",
        "jdpages",
        "socialmediabutton"
      ],
      [
        "change_socialmediabutton",
        "jdpages",
        "socialmediabutton"
      ],
      [
        "delete_socialmediabutton",
        "jdpages",
        "socialmediabutton"
      ],
      [
        "add_link",
        "pages",
        "link"
      ],
      [
        "change_link",
        "pages",
        "link"
      ],
      [
        "delete_link",
        "pages",
        "link"
      ],
      [
        "add_page",
        "pages",
        "page"
      ],
      [
        "change_page",
        "pages",
        "page"
      ],
      [
        "delete_page",
        "pages",
        "page"
      ],
      [
        "add_richtextpage",
        "pages",
        "richtextpage"
      ],
      [
        "change_richtextpage",
        "pages",
        "richtextpage"
      ],
      [
        "delete_richtextpage",
        "pages",
        "richtextpage"
      ],
      [
        "add_redirect",
        "redirects",
        "redirect"
      ],
      [
        "change_redirect",
        "redirects",
        "redirect"
      ],
      [
        "delete_redirect",
        "redirects",
        "redirect"
      ],
      [
        "add_session",
        "sessions",
        "session"
      ],
      [
        "change_session",
        "sessions",
        "session"
      ],
      [
        "delete_session",
        "sessions",
        "session"
      ],
      [
        "add_site",
        "sites",
        "site"
      ],
      [
        "change_site",
        "sites",
        "site"
      ],
      [
        "delete_site",
        "sites",
        "site"
      ],
      [
        "add_query",
        "twitter",
        "query"
      ],
      [
        "change_query",
        "twitter",
        "query"
      ],
      [
        "delete_query",
        "twitter",
        "query"
      ],
      [
        "add_tweet",
        "twitter",
        "tweet"
      ],
      [
        "change_tweet",
        "twitter",
        "tweet"
      ],
      [
        "delete_tweet",
        "twitter",
        "tweet"
      ]
    ]
  },
  "pk": 3
},
{
  "model": "jdpages.pageheaderimagewidget",
  "fields": {
    "name": "Homepage header",
    "site": 1,
    "page": 17,
    "image": "uploads/site-1/example_header.jpg"
  },
  "pk": 1
},
{
  "model": "jdpages.pageheaderimagewidget",
  "fields": {
    "name": "Word actief header",
    "site": 1,
    "page": 2,
    "image": "uploads/site-1/example_header_subpage.jpg"
  },
  "pk": 2
},
{
  "model": "jdpages.columnelement",
  "fields": {
    "name": "Events for all sites",
    "content_type": [
      "jdpages",
      "eventcolumnelement"
    ],
    "site": 1,
    "subtype": "",
    "object_id": 1
  },
  "pk": 1
},
{
  "model": "jdpages.columnelement",
  "fields": {
    "name": "Events for example.com",
    "content_type": [
      "jdpages",
      "eventcolumnelement"
    ],
    "site": 1,
    "subtype": "",
    "object_id": 2
  },
  "pk": 2
},
{
  "model": "jdpages.columnelement",
  "fields": {
    "name": "Events for all sites",
    "content_type": [
      "jdpages",
      "eventcolumnelement"
    ],
    "site": 2,
    "subtype": "",
    "object_id": 3
  },
  "pk": 3
},
{
  "model": "jdpages.columnelement",
  "fields": {
    "name": "Events for ams.jd.local:8000",
    "content_type": [
      "jdpages",
      "eventcolumnelement"
    ],
    "site": 2,
    "subtype": "",
    "object_id": 4
  },
  "pk": 4
},
{
  "model": "jdpages.columnelement",
  "fields": {
    "name": "Events for main site and ams.jd.local:8000",
    "content_type": [
      "jdpages",
      "eventcolumnelement"
    ],
    "site": 2,
    "subtype": "",
    "object_id": 5
  },
  "pk": 5
},
{
  "model": "jdpages.columnelement",
  "fields": {
    "name": "Events for all sites",
    "content_type": [
      "jdpages",
      "eventcolumnelement"
    ],
    "site": 3,
    "subtype": "",
    "object_id": 6
  },
  "pk": 6
},
{
  "model": "jdpages.columnelement",
  "fields": {
    "name": "Events for lh.jd.local:8000",
    "content_type": [
      "jdpages",
      "eventcolumnelement"
    ],
    "site": 3,
    "subtype": "",
    "object_id": 7
  },
  "pk": 7
},
{
  "model": "jdpages.columnelement",
  "fields": {
    "name": "Events for main site and lh.jd.local:8000",
    "content_type": [
      "jdpages",
      "eventcolumnelement"
    ],
    "site": 3,
    "subtype": "",
    "object_id": 8
  },
  "pk": 8
},
{
  "model": "jdpages.columnelement",
  "fields": {
    "name": "JD Blog",
    "content_type": [
      "blog",
      "blogcategory"
    ],
    "site": 1,
    "subtype": "",
    "object_id": 1
  },
  "pk": 9
},
{
  "model": "jdpages.columnelement",
  "fields": {
    "name": "JD Blog Headlines",
    "content_type": [
      "blog",
      "blogcategory"
    ],
    "site": 1,
    "subtype": "CP",
    "object_id": 1
  },
  "pk": 10
},
{
  "model": "jdpages.columnelement",
  "fields": {
    "name": "Nieuws",
    "content_type": [
      "blog",
      "blogcategory"
    ],
    "site": 1,
    "subtype": "",
    "object_id": 2
  },
  "pk": 11
},
{
  "model": "jdpages.columnelement",
  "fields": {
    "name": "Nieuws Headlines",
    "content_type": [
      "blog",
      "blogcategory"
    ],
    "site": 1,
    "subtype": "CP",
    "object_id": 2
  },
  "pk": 12
},
{
  "model": "jdpages.columnelement",
  "fields": {
    "name": "Weblog",
    "content_type": [
      "blog",
      "blogcategory"
    ],
    "site": 3,
    "subtype": "",
    "object_id": 3
  },
  "pk": 13
},
{
  "model": "jdpages.columnelement",
  "fields": {
    "name": "Weblog Headlines",
    "content_type": [
      "blog",
      "blogcategory"
    ],
    "site": 3,
    "subtype": "CP",
    "object_id": 3
  },
  "pk": 14
},
{
  "model": "jdpages.columnelement",
  "fields": {
    "name": "Nieuws",
    "content_type": [
      "blog",
      "blogcategory"
    ],
    "site": 3,
    "subtype": "",
    "object_id": 4
  },
  "pk": 15
},
{
  "model": "jdpages.columnelement",
  "fields": {
    "name": "Nieuws Headlines",
    "content_type": [
      "blog",
      "blogcategory"
    ],
    "site": 3,
    "subtype": "CP",
    "object_id": 4
  },
  "pk": 16
},
{
  "model": "jdpages.columnelement",
  "fields": {
    "name": "Politiek",
    "content_type": [
      "blog",
      "blogcategory"
    ],
    "site": 1,
    "subtype": "",
    "object_id": 5
  },
  "pk": 17
},
{
  "model": "jdpages.columnelement",
  "fields": {
    "name": "Politiek Headlines",
    "content_type": [
      "blog",
      "blogcategory"
    ],
    "site": 1,
    "subtype": "CP",
    "object_id": 5
  },
  "pk": 18
},
{
  "model": "jdpages.columnelement",
  "fields": {
    "name": "Mededelingen",
    "content_type": [
      "blog",
      "blogcategory"
    ],
    "site": 1,
    "subtype": "",
    "object_id": 6
  },
  "pk": 19
},
{
  "model": "jdpages.columnelement",
  "fields": {
    "name": "Mededelingen Headlines",
    "content_type": [
      "blog",
      "blogcategory"
    ],
    "site": 1,
    "subtype": "CP",
    "object_id": 6
  },
  "pk": 20
},
{
  "model": "jdpages.columnelementwidget",
  "fields": {
    "title": "Blog",
    "max_items": 3,
    "horizontal_position": "Left",
    "column_element": 9,
    "site": 1,
    "page": 17,
    "_order": 0
  },
  "pk": 1
},
{
  "model": "jdpages.columnelementwidget",
  "fields": {
    "title": "Politiek",
    "max_items": 3,
    "horizontal_position": "Right",
    "column_element": 17,
    "site": 1,
    "page": 17,
    "_order": 0
  },
  "pk": 2
},
{
  "model": "jdpages.columnelementwidget",
  "fields": {
    "title": "Events",
    "max_items": 15,
    "horizontal_position": "Left",
    "column_element": 2,
    "site": 1,
    "page": 17,
    "_order": 1
  },
  "pk": 3
},
{
  "model": "jdpages.columnelementwidget",
  "fields": {
    "title": "Nieuws",
    "max_items": 3,
    "horizontal_position": "Right",
    "column_element": 12,
    "site": 1,
    "page": 17,
    "_order": 1
  },
  "pk": 4
},
{
  "model": "jdpages.sidebar",
  "fields": {
    "site": 1
  },
  "pk": 1
},
{
  "model": "jdpages.sidebar",
  "fields": {
    "site": 2
  },
  "pk": 2
},
{
  "model": "jdpages.sidebar",
  "fields": {
    "site": 3
  },
  "pk": 3
},
{
  "model": "jdpages.sidebarblogcategorywidget",
  "fields": {
    "title": "JD Blog",
    "site": 1,
    "blog_category": 1,
    "sidebar": 1
  },
  "pk": 1
},
{
  "model": "jdpages.sidebartabswidget",
  "fields": {
    "site": 1,
    "active": true,
    "sidebar": 1
  },
  "pk": 1
},
{
  "model": "jdpages.sidebartabswidget",
  "fields": {
    "site": 2,
    "active": true,
    "sidebar": 2
  },
  "pk": 2
},
{
  "model": "jdpages.sidebartabswidget",
  "fields": {
    "site": 3,
    "active": true,
    "sidebar": 3
  },
  "pk": 3
},
{
  "model": "jdpages.sidebartwitterwidget",
  "fields": {
    "site": 1,
    "active": true,
    "sidebar": 1
  },
  "pk": 1
},
{
  "model": "jdpages.sidebarbannerwidget",
  "fields": {
    "description": "Word lid!",
    "title": "Word lid banner",
    "url": "http://www.example.com/",
    "image": "uploads/site-1/wordlid.jpg",
    "active": true
  },
  "pk": 1
},
{
  "model": "jdpages.socialmediabutton",
  "fields": {
    "type": "FB",
    "url": "http://www.facebook.com/",
    "site": 1,
    "_order": 0,
    "sidebar": 1
  },
  "pk": 1
},
{
  "model": "jdpages.socialmediabutton",
  "fields": {
    "type": "LI",
    "url": "http://www.linkedin.com/",
    "site": 1,
    "_order": 1,
    "sidebar": 1
  },
  "pk": 2
},
{
  "model": "jdpages.socialmediabutton",
  "fields": {
    "type": "TW",
    "url": "http://www.twitter.com/",
    "site": 1,
    "_order": 2,
    "sidebar": 1
  },
  "pk": 3
},
{
  "model": "jdpages.socialmediabutton",
  "fields": {
    "type": "YT",
    "url": "http://www.youtube.com/",
    "site": 1,
    "_order": 3,
    "sidebar": 1
  },
  "pk": 4
},
{
  "model": "jdpages.homepage",
  "fields": {
    "content": "<p>Welkom op de website van de Jonge Democraten. De JD is met ruim 5500 leden een van de grootste politieke jongerenorganisaties van Nederland.</p>"
  },
  "pk": 17
},
{
  "model": "jdpages.homepage",
  "fields": {
    "content": "<p>.</p>"
  },
  "pk": 22
},
{
  "model": "jdpages.homepage",
  "fields": {
    "content": "<p>Welkom op de afdelingsite van de Jonge Democraten Leiden-Haaglanden. Hier vind je informatie over ons als\u00a0bestuur, de activiteiten die wij organiseren en de verschillende\u00a0commissies\u00a0die onze afdeling rijk is.</p>"
  },
  "pk": 23
},
{
  "model": "jdpages.documentlisting",
  "fields": {
    "content": "<p>Dit zijn belangrijke documenten voor de vereniging.</p>\n<p><object data=\"/static/media/uploads/tweede_belangrijke_document.pdf\" height=\"600\" type=\"application/pdf\" width=\"100%\">Alternative text</object></p>"
  },
  "pk": 24
},
{
  "model": "jdpages.document",
  "fields": {
    "description": "Document nr 2 - ook best belangrijk",
    "document_listing": 24,
    "document": "uploads/tweede_belangrijke_document.pdf",
    "_order": 1
  },
  "pk": 1
},
{
  "model": "jdpages.document",
  "fields": {
    "description": "Document 1 - zeer belangrijk",
    "document_listing": 24,
    "document": "uploads/eerste_belangrijke_document.docx",
    "_order": 0
  },
  "pk": 2
},
{
  "model": "jdpages.eventcolumnelement",
  "fields": {
    "type": "AL",
    "site": 1
  },
  "pk": 1
},
{
  "model": "jdpages.eventcolumnelement",
  "fields": {
    "type": "SI",
    "site": 1
  },
  "pk": 2
},
{
  "model": "jdpages.eventcolumnelement",
  "fields": {
    "type": "AL",
    "site": 2
  },
  "pk": 3
},
{
  "model": "jdpages.eventcolumnelement",
  "fields": {
    "type": "SI",
    "site": 2
  },
  "pk": 4
},
{
  "model": "jdpages.eventcolumnelement",
  "fields": {
    "type": "SM",
    "site": 2
  },
  "pk": 5
},
{
  "model": "jdpages.eventcolumnelement",
  "fields": {
    "type": "AL",
    "site": 3
  },
  "pk": 6
},
{
  "model": "jdpages.eventcolumnelement",
  "fields": {
    "type": "SI",
    "site": 3
  },
  "pk": 7
},
{
  "model": "jdpages.eventcolumnelement",
  "fields": {
    "type": "SM",
    "site": 3
  },
  "pk": 8
},
{
  "model": "jdpages.blogcategorypage",
  "fields": {
    "blog_category": 1,
    "content": "<p>This is an example jdpages blog page.\u00a0</p>"
  },
  "pk": 1
},
{
  "model": "jdpages.blogcategorypage",
  "fields": {
    "blog_category": 1,
    "content": "<p>Dit is een algemeen blog.</p>"
  },
  "pk": 25
},
{
  "model": "jdpages.blogcategorypage",
  "fields": {
    "blog_category": 2,
    "content": "<p>Hier vind je alle persberichten.</p>"
  },
  "pk": 26
},
{
  "model": "jdpages.blogcategorypage",
  "fields": {
    "blog_category": 4,
    "content": "<p>Al het nieuws van de afdeling.</p>"
  },
  "pk": 27
},
{
  "model": "jdpages.blogcategorypage",
  "fields": {
    "blog_category": 3,
    "content": "<p>Een weblog van de afdelingen.</p>"
  },
  "pk": 28
},
{
  "model": "conf.setting",
  "fields": {
    "name": "RATINGS_ACCOUNT_REQUIRED",
    "value": "False",
    "site": 1
  },
  "pk": 1
},
{
  "model": "conf.setting",
  "fields": {
    "name": "SSL_FORCE_HOST",
    "value": "",
    "site": 1
  },
  "pk": 2
},
{
  "model": "conf.setting",
  "fields": {
    "name": "TWITTER_ACCESS_TOKEN_SECRET",
    "value": "",
    "site": 1
  },
  "pk": 3
},
{
  "model": "conf.setting",
  "fields": {
    "name": "BLOG_POST_PER_PAGE",
    "value": "5",
    "site": 1
  },
  "pk": 4
},
{
  "model": "conf.setting",
  "fields": {
    "name": "TWITTER_ACCESS_TOKEN_KEY",
    "value": "",
    "site": 1
  },
  "pk": 5
},
{
  "model": "conf.setting",
  "fields": {
    "name": "ADMIN_MENU_COLLAPSED",
    "value": "False",
    "site": 1
  },
  "pk": 6
},
{
  "model": "conf.setting",
  "fields": {
    "name": "TWITTER_DEFAULT_QUERY_TYPE",
    "value": "search",
    "site": 1
  },
  "pk": 7
},
{
  "model": "conf.setting",
  "fields": {
    "name": "RICHTEXT_FILTER_LEVEL",
    "value": "1",
    "site": 1
  },
  "pk": 8
},
{
  "model": "conf.setting",
  "fields": {
    "name": "SSL_ENABLED",
    "value": "False",
    "site": 1
  },
  "pk": 9
},
{
  "model": "conf.setting",
  "fields": {
    "name": "SEARCH_PER_PAGE",
    "value": "10",
    "site": 1
  },
  "pk": 10
},
{
  "model": "conf.setting",
  "fields": {
    "name": "MAX_PAGING_LINKS",
    "value": "10",
    "site": 1
  },
  "pk": 11
},
{
  "model": "conf.setting",
  "fields": {
    "name": "TWITTER_CONSUMER_KEY",
    "value": "",
    "site": 1
  },
  "pk": 12
},
{
  "model": "conf.setting",
  "fields": {
    "name": "SITE_TAGLINE",
    "value": "",
    "site": 1
  },
  "pk": 13
},
{
  "model": "conf.setting",
  "fields": {
    "name": "TWITTER_CONSUMER_SECRET",
    "value": "",
    "site": 1
  },
  "pk": 14
},
{
  "model": "conf.setting",
  "fields": {
    "name": "SITE_TITLE",
    "value": "Jonge Democraten",
    "site": 1
  },
  "pk": 15
},
{
  "model": "conf.setting",
  "fields": {
    "name": "TWITTER_DEFAULT_QUERY",
    "value": "from:stephen_mcd mezzanine",
    "site": 1
  },
  "pk": 16
},
{
  "model": "conf.setting",
  "fields": {
    "name": "TWITTER_DEFAULT_NUM_TWEETS",
    "value": "3",
    "site": 1
  },
  "pk": 17
},
{
  "model": "conf.setting",
  "fields": {
    "name": "TWITTER_DEFAULT_QUERY",
    "value": "from:stephen_mcd mezzanine",
    "site": 2
  },
  "pk": 18
},
{
  "model": "conf.setting",
  "fields": {
    "name": "SSL_ENABLED",
    "value": "False",
    "site": 2
  },
  "pk": 19
},
{
  "model": "conf.setting",
  "fields": {
    "name": "MAX_PAGING_LINKS",
    "value": "10",
    "site": 2
  },
  "pk": 20
},
{
  "model": "conf.setting",
  "fields": {
    "name": "TWITTER_DEFAULT_NUM_TWEETS",
    "value": "3",
    "site": 2
  },
  "pk": 21
},
{
  "model": "conf.setting",
  "fields": {
    "name": "ADMIN_MENU_COLLAPSED",
    "value": "False",
    "site": 2
  },
  "pk": 22
},
{
  "model": "conf.setting",
  "fields": {
    "name": "SITE_TITLE",
    "value": "Jonge Democraten Amsterdam",
    "site": 2
  },
  "pk": 23
},
{
  "model": "conf.setting",
  "fields": {
    "name": "TWITTER_ACCESS_TOKEN_KEY",
    "value": "",
    "site": 2
  },
  "pk": 24
},
{
  "model": "conf.setting",
  "fields": {
    "name": "SITE_TAGLINE",
    "value": "Amsterdam",
    "site": 2
  },
  "pk": 25
},
{
  "model": "conf.setting",
  "fields": {
    "name": "TWITTER_ACCESS_TOKEN_SECRET",
    "value": "",
    "site": 2
  },
  "pk": 26
},
{
  "model": "conf.setting",
  "fields": {
    "name": "SSL_FORCE_HOST",
    "value": "",
    "site": 2
  },
  "pk": 27
},
{
  "model": "conf.setting",
  "fields": {
    "name": "BLOG_POST_PER_PAGE",
    "value": "5",
    "site": 2
  },
  "pk": 28
},
{
  "model": "conf.setting",
  "fields": {
    "name": "SEARCH_PER_PAGE",
    "value": "10",
    "site": 2
  },
  "pk": 29
},
{
  "model": "conf.setting",
  "fields": {
    "name": "RICHTEXT_FILTER_LEVEL",
    "value": "1",
    "site": 2
  },
  "pk": 30
},
{
  "model": "conf.setting",
  "fields": {
    "name": "TWITTER_CONSUMER_SECRET",
    "value": "",
    "site": 2
  },
  "pk": 31
},
{
  "model": "conf.setting",
  "fields": {
    "name": "TWITTER_DEFAULT_QUERY_TYPE",
    "value": "search",
    "site": 2
  },
  "pk": 32
},
{
  "model": "conf.setting",
  "fields": {
    "name": "TWITTER_CONSUMER_KEY",
    "value": "",
    "site": 2
  },
  "pk": 33
},
{
  "model": "conf.setting",
  "fields": {
    "name": "TWITTER_DEFAULT_QUERY",
    "value": "from:stephen_mcd mezzanine",
    "site": 3
  },
  "pk": 34
},
{
  "model": "conf.setting",
  "fields": {
    "name": "SSL_ENABLED",
    "value": "False",
    "site": 3
  },
  "pk": 35
},
{
  "model": "conf.setting",
  "fields": {
    "name": "MAX_PAGING_LINKS",
    "value": "10",
    "site": 3
  },
  "pk": 36
},
{
  "model": "conf.setting",
  "fields": {
    "name": "TWITTER_DEFAULT_NUM_TWEETS",
    "value": "3",
    "site": 3
  },
  "pk": 37
},
{
  "model": "conf.setting",
  "fields": {
    "name": "ADMIN_MENU_COLLAPSED",
    "value": "False",
    "site": 3
  },
  "pk": 38
},
{
  "model": "conf.setting",
  "fields": {
    "name": "SITE_TITLE",
    "value": "Jonge Democraten Leiden-Haaglanden",
    "site": 3
  },
  "pk": 39
},
{
  "model": "conf.setting",
  "fields": {
    "name": "TWITTER_ACCESS_TOKEN_KEY",
    "value": "",
    "site": 3
  },
  "pk": 40
},
{
  "model": "conf.setting",
  "fields": {
    "name": "SITE_TAGLINE",
    "value": "Leiden-Haaglanden",
    "site": 3
  },
  "pk": 41
},
{
  "model": "conf.setting",
  "fields": {
    "name": "TWITTER_ACCESS_TOKEN_SECRET",
    "value": "",
    "site": 3
  },
  "pk": 42
},
{
  "model": "conf.setting",
  "fields": {
    "name": "SSL_FORCE_HOST",
    "value": "",
    "site": 3
  },
  "pk": 43
},
{
  "model": "conf.setting",
  "fields": {
    "name": "BLOG_POST_PER_PAGE",
    "value": "5",
    "site": 3
  },
  "pk": 44
},
{
  "model": "conf.setting",
  "fields": {
    "name": "SEARCH_PER_PAGE",
    "value": "10",
    "site": 3
  },
  "pk": 45
},
{
  "model": "conf.setting",
  "fields": {
    "name": "RICHTEXT_FILTER_LEVEL",
    "value": "1",
    "site": 3
  },
  "pk": 46
},
{
  "model": "conf.setting",
  "fields": {
    "name": "TWITTER_CONSUMER_SECRET",
    "value": "",
    "site": 3
  },
  "pk": 47
},
{
  "model": "conf.setting",
  "fields": {
    "name": "TWITTER_DEFAULT_QUERY_TYPE",
    "value": "search",
    "site": 3
  },
  "pk": 48
},
{
  "model": "conf.setting",
  "fields": {
    "name": "TWITTER_CONSUMER_KEY",
    "value": "",
    "site": 3
  },
  "pk": 49
},
{
  "model": "janeus.janeusrole",
  "fields": {
    "sites": [
      2,
      1,
      3
    ],
    "groups": [
      [
        "Content Manager"
      ]
    ],
    "role": "role-as-landelijk",
    "permissions": []
  },
  "pk": 1
},
{
  "model": "janeus.janeusrole",
  "fields": {
    "sites": [],
    "groups": [
      [
        "Administrators"
      ]
    ],
    "role": "role-team-ict",
    "permissions": []
  },
  "pk": 2
},
{
  "model": "janeus.janeusrole",
  "fields": {
    "sites": [
      3
    ],
    "groups": [
      [
        "Content Manager"
      ]
    ],
    "role": "role-as-leidenhaaglanden",
    "permissions": []
  },
  "pk": 3
},
{
  "model": "janeus.janeusrole",
  "fields": {
    "sites": [
      3
    ],
    "groups": [
      [
        "Publisher"
      ]
    ],
    "role": "role-bestuur-leidenhaaglanden",
    "permissions": []
  },
  "pk": 4
},
{
  "model": "events.eventcategory",
  "fields": {
    "name": "Hackathon",
    "description": "Hackathons met ICT Team",
    "color": "#FF9900",
    "site": 1
  },
  "pk": 1
},
{
  "model": "events.eventcategory",
  "fields": {
    "name": "Activiteit",
    "description": "Algemene activiteiten",
    "color": "red",
    "site": 3
  },
  "pk": 2
},
{
  "model": "events.eventcategory",
  "fields": {
    "name": "Commissie-avond",
    "description": "Verschillende commissies organiseren verschillende activiteiten!",
    "color": "green",
    "site": 2
  },
  "pk": 3
},
{
  "model": "events.event",
  "fields": {
    "_meta_title": "",
    "title": "Programmeermiddag bij Pieter",
    "site": 1,
    "event_category": 1,
    "gen_description": true,
    "updated": "2015-02-15T11:56:42.614Z",
    "content": "<p>Hacken bij Pieter thuis</p>",
    "expiry_date": null,
    "in_sitemap": true,
    "created": "2015-06-15T11:56:24.899Z",
    "status": 2,
    "description": "Hacken bij Pieter thuis",
    "short_url": null,
    "publish_date": "2015-06-15T11:56:24Z",
    "keywords_string": "",
    "slug": "programmeermiddag-bij-pieter"
  },
  "pk": 1
},
{
  "model": "events.event",
  "fields": {
    "_meta_title": "",
    "title": "De media, kritische kijker of hondje van de overheid?",
    "site": 3,
    "event_category": 2,
    "gen_description": true,
    "updated": "2015-02-15T12:00:55.719Z",
    "content": "<p>Van oorsprong hoort de media de burger op een objectieve manier ge\u00efnformeerd te houden over wat de overheid allemaal doet. Daarbij komt ook dat het kritisch is en misstanden aan de kaak stelt. Maar in conflicten zien we toch al snel dat de overheid de media gebruikt als manier om de burger te be\u00efnvloeden. Zo ook in het Oekra\u00efne conflict.<br><br>Op 17 Februari zullen verschillende gastprekers ons een wat bij leren over hoe de overheid de media <br>op een effectieve manier kan gebruiken om de burger een vertekend beeld te geven. Hierbij zullen <br>we het conflict in Oekra\u00efne als case gebruiken en zowel aan de kant van Rusland alsook het \u2018Westen\u2019 <br>kijken hoe (en of) de media wordt gebruikt.<br><br>Dus wil jij weten wat je nog niet weet? Kom dan vooral langs!</p>",
    "expiry_date": null,
    "in_sitemap": true,
    "created": "2015-02-15T12:00:55.719Z",
    "status": 2,
    "description": "Van oorsprong hoort de media de burger op een objectieve manier ge\u00efnformeerd te houden over wat de overheid allemaal doet. Daarbij komt ook dat het kritisch is en misstanden aan de kaak stelt. Maar in conflicten zien we toch al snel dat de overheid de media gebruikt als manier om de burger te be\u00efnvloeden. Zo ook in het Oekra\u00efne conflict.Op 17 Februari zullen verschillende gastprekers ons een wat bij leren over hoe de overheid de media op een effectieve manier kan gebruiken om de burger een vertekend beeld te geven. Hierbij zullen we het conflict in Oekra\u00efne als case gebruiken en zowel aan de kant van Rusland alsook het \u2018Westen\u2019 kijken hoe (en of) de media wordt gebruikt.Dus wil jij weten wat je nog niet weet? Kom dan vooral langs!",
    "short_url": null,
    "publish_date": "2015-02-15T12:00:55.713Z",
    "keywords_string": "",
    "slug": "de-media-kritische-kijker-of-hondje-van-de-overheid"
  },
  "pk": 2
},
{
  "model": "events.event",
  "fields": {
    "_meta_title": "",
    "title": "COM-avond Internationaal: Verkiezingen VN-Veiligheidsraad",
    "site": 2,
    "event_category": 3,
    "gen_description": true,
    "updated": "2015-02-15T15:38:57.428Z",
    "content": "<p>De COM-avond van de JD Amsterdam wordt in februari georganiseerd door niemand minder dan de commissie Internationaal. In oktober 2016 zijn er verkiezingen voor een zetel in de VN Veiligheidsraad en Nederland dingt mee naar een plek. Directe tegenstanders zijn Itali\u00eb en Zweden. De campagne is al van start en zal in de maanden tot de verkiezingen alleen maar intensiveren. Dit is een mooi moment om de Nederlandse buitenlandse politiek nog eens goed te heroverwegen en de belangrijkste speerpunten te formuleren.<br>Tijdens deze avond zullen twee moderators van de commissie in debat met een medewerker van Buitenlandse Zaken \u00e9n iemand van Clingendeal. Aan de hand van stellingen polsen we hun mening over allerlei aspecten van de VN, de Veiligheidsraad en de toekomst van internationaal recht en internationale politiek.\u00a0</p>\n<p>Het tweede uur is interactief van aard. Nadat jullie de nodige kennis hebben opgedaan en goed ingewerkt zijn, gaan jullie in groepjes brainstormen over j\u00fallie belangrijkste speerpunt. Uiteindelijk presenteren jullie plan waarin je uitlegt wat volgens jullie het belangrijkste speerpunt van Nederland in deze verkiezingen van de VN-Veiligheidsraad zou moeten zijn. De avond sluiten we vanzelfsprekend af met een gezellige borrel.</p>",
    "expiry_date": null,
    "in_sitemap": true,
    "created": "2015-10-15T15:38:57.428Z",
    "status": 2,
    "description": "De COM-avond van de JD Amsterdam wordt in februari georganiseerd door niemand minder dan de commissie Internationaal. In oktober 2016 zijn er verkiezingen voor een zetel in de VN Veiligheidsraad en Nederland dingt mee naar een plek. Directe tegenstanders zijn Itali\u00eb en Zweden. De campagne is al van start en zal in de maanden tot de verkiezingen alleen maar intensiveren. Dit is een mooi moment om de Nederlandse buitenlandse politiek nog eens goed te heroverwegen en de belangrijkste speerpunten te formuleren.Tijdens deze avond zullen twee moderators van de commissie in debat met een medewerker van Buitenlandse Zaken \u00e9n iemand van Clingendeal. Aan de hand van stellingen polsen we hun mening over allerlei aspecten van de VN, de Veiligheidsraad en de toekomst van internationaal recht en internationale politiek.\u00a0",
    "short_url": null,
    "publish_date": "2015-10-15T15:38:57.415Z",
    "keywords_string": "",
    "slug": "com-avond-internationaal-verkiezingen-vn-veiligheidsraad"
  },
  "pk": 3
},
{
  "model": "events.event",
  "fields": {
    "_meta_title": "",
    "title": "Alpha testing",
    "site": 1,
    "event_category": 1,
    "gen_description": true,
    "updated": "2015-04-16T22:51:55.166Z",
    "content": "<p>Project demonstration and testing.</p>",
    "expiry_date": null,
    "in_sitemap": true,
    "created": "2015-04-16T22:50:42.924Z",
    "status": 2,
    "description": "Project demonstration and testing.",
    "short_url": null,
    "publish_date": "2015-04-16T22:50:42Z",
    "keywords_string": "",
    "slug": "alpha-testing"
  },
  "pk": 4
},
{
  "model": "events.occurrence",
  "fields": {
    "description": "",
    "event": 1,
    "end_time": "2015-06-15T22:00:00Z",
    "location": null,
    "start_time": "2015-06-15T11:00:00Z"
  },
  "pk": 1
},
{
  "model": "events.occurrence",
  "fields": {
    "description": "",
    "event": 1,
    "end_time": "2015-07-15T22:00:00Z",
    "location": null,
    "start_time": "2015-07-15T11:00:00Z"
  },
  "pk": 2
},
{
  "model": "events.occurrence",
  "fields": {
    "description": "",
    "event": 2,
    "end_time": "2015-08-17T21:30:00Z",
    "location": null,
    "start_time": "2015-08-17T18:30:00Z"
  },
  "pk": 3
},
{
  "model": "events.occurrence",
  "fields": {
    "description": "",
    "event": 3,
    "end_time": "2015-08-24T21:30:00Z",
    "location": null,
    "start_time": "2015-08-24T18:30:00Z"
  },
  "pk": 4
},
{
  "model": "events.occurrence",
  "fields": {
    "description": "Alpha testing of the project",
    "event": 4,
    "end_time": "2015-04-19T15:00:00Z",
    "location": "Tweede kamer",
    "start_time": "2015-04-19T09:00:00Z"
  },
  "pk": 5
},
{
  "model": "auth.user",
  "fields": {
    "groups": [],
    "username": "admin",
    "date_joined": "2014-12-21T21:34:09.881Z",
    "last_login": "2015-04-25T14:28:59.109Z",
    "email": "admin@admin.admin",
    "last_name": "",
    "password": "pbkdf2_sha256$12000$7lZdKvhp8rSo$/iSJHxO1UrsFsoCK9Gzx69/5q8d6COJYjvbAoNqt8IQ=",
    "is_active": true,
    "user_permissions": [],
    "first_name": "",
    "is_staff": true,
    "is_superuser": true
  },
  "pk": 1
},
{
  "model": "auth.user",
  "fields": {
    "groups": [
      [
        "Content Manager"
      ]
    ],
    "username": "cm",
    "date_joined": "2015-01-24T16:51:24Z",
    "last_login": "2015-01-27T22:10:59.655Z",
    "email": "",
    "last_name": "",
    "password": "pbkdf2_sha256$12000$wnMTa4JUBH5t$i51zeQKG02OdmhnaZTSghIBFZaLubwatuhdDEbsbrD8=",
    "is_active": true,
    "user_permissions": [],
    "first_name": "",
    "is_staff": true,
    "is_superuser": false
  },
  "pk": 2
},
{
  "model": "auth.user",
  "fields": {
    "groups": [
      [
        "Publisher"
      ]
    ],
    "username": "publisher",
    "date_joined": "2015-01-24T16:52:17Z",
    "last_login": "2015-01-24T16:52:17Z",
    "email": "",
    "last_name": "",
    "password": "pbkdf2_sha256$12000$n4cU24hBXh8r$UHpYKNh5eRXJQA1JFdKRNVKgR4dz9B4fC0yLGjhSCmM=",
    "is_active": true,
    "user_permissions": [],
    "first_name": "",
    "is_staff": true,
    "is_superuser": false
  },
  "pk": 3
},
{
  "model": "blog.blogpost",
  "fields": {
    "rating_count": 0,
    "_meta_title": "",
    "user": [
      "admin"
    ],
    "updated": "2014-12-30T23:22:53.495Z",
    "content": "<div id=\"lipsum\">\n<p>Lorem ipsum dolor sit amet, consectetur adipiscing elit. Morbi luctus eget erat efficitur porta. Donec a lorem urna. Morbi tincidunt ligula eget lectus condimentum, vitae consequat leo eleifend. Vivamus a porttitor felis. Curabitur suscipit, erat et varius egestas, odio ante pretium ante, a consectetur ligula urna non ante. Vivamus in libero convallis, tempus sem non, dignissim quam. Nam molestie diam nec leo dignissim, et iaculis erat aliquet. Praesent ullamcorper massa libero, non tempus eros commodo egestas. Nulla lorem elit, auctor id malesuada sit amet, semper in orci. Maecenas faucibus, risus vitae venenatis lacinia, erat mi venenatis augue, sit amet interdum dolor felis ut ante. Morbi a facilisis ante, in lobortis urna. Etiam ut nunc quis libero interdum aliquam eu at magna. Nunc vehicula risus eleifend molestie vulputate. Mauris diam odio, congue eget lorem id, finibus imperdiet sem.</p>\n<p><iframe height=\"315\" src=\"http://www.youtube.com/embed/J3_b4Ec_zEE\" width=\"560\"></iframe></p>\n<p>Vestibulum eget posuere metus, vel finibus leo. Suspendisse congue orci magna, in vestibulum lacus pulvinar a. Donec egestas, felis id feugiat tempus, orci velit ullamcorper risus, et ultricies augue arcu ullamcorper dolor. Mauris eget sollicitudin purus. Aenean a cursus risus, sit amet mattis erat. Curabitur vel venenatis sem. Cras non gravida tellus, eu egestas tellus. Morbi at lorem a turpis blandit vulputate vitae a est.</p>\n<p>Nam luctus vestibulum ultricies. Proin lobortis diam nec libero fringilla accumsan. Sed venenatis ante tortor, eu dapibus lectus finibus quis. Suspendisse faucibus felis nec consequat condimentum. Phasellus dui augue, sollicitudin euismod dolor non, hendrerit maximus sapien. Nullam porttitor hendrerit erat, eget commodo leo fermentum nec. Ut ex lacus, ullamcorper eu auctor eget, vehicula sed mauris. Aenean maximus ante eu eros sollicitudin bibendum. Quisque ullamcorper at lorem in bibendum. Phasellus erat sapien, iaculis in orci ac, tincidunt lacinia orci. Nunc euismod ligula lectus, eu euismod leo sollicitudin sit amet. Phasellus odio justo, pretium eget rhoncus sed, egestas eget felis. Phasellus cursus varius arcu, id bibendum enim convallis ac. Aliquam sagittis semper nulla ac molestie. Vestibulum varius gravida ornare.</p>\n<p>Aliquam posuere purus ac dolor eleifend fringilla. Fusce bibendum pretium facilisis. Etiam imperdiet ante vel convallis dignissim. Praesent vitae sapien a augue vehicula tincidunt. Quisque imperdiet sapien nec nibh tempus aliquet. Quisque sed tristique erat, sed faucibus ex. In fringilla elit et tortor pretium feugiat. Nullam ut posuere velit, nec volutpat sapien. Pellentesque congue pellentesque velit a egestas. Nullam libero elit, feugiat sollicitudin faucibus vel, vehicula eu turpis. Morbi mi diam, accumsan sed sapien vitae, auctor scelerisque nulla. Sed convallis velit non metus sollicitudin aliquam. Aenean fringilla leo et quam feugiat molestie. Curabitur gravida porttitor lorem.</p>\n<p>Nam ac molestie nunc. Nullam vel velit lacinia, auctor sapien vel, condimentum purus. Sed id vulputate tortor, quis pulvinar nunc. Nunc luctus sapien mi, id semper nisi ultricies vel. Proin laoreet, metus et rhoncus sagittis, neque nisl facilisis lorem, in feugiat arcu ex sit amet risus. Morbi et ante commodo, vehicula mi id, pulvinar ex. Integer tempus eros sit amet blandit dapibus. Nunc fringilla ac libero vitae viverra. Morbi mollis lorem non ex blandit, ut sollicitudin est faucibus.</p>\n</div>",
    "expiry_date": null,
    "in_sitemap": true,
    "status": 2,
    "description": "\nLorem ipsum dolor sit amet, consectetur adipiscing elit. Morbi luctus eget erat efficitur porta. Donec a lorem urna. Morbi tincidunt ligula eget lectus condimentum, vitae consequat leo eleifend. Vivamus a porttitor felis. Curabitur suscipit, erat et varius egestas, odio ante pretium ante, a consectetur ligula urna non ante. Vivamus in libero convallis, tempus sem non, dignissim quam. Nam molestie diam nec leo dignissim, et iaculis erat aliquet. Praesent ullamcorper massa libero, non tempus eros commodo egestas. Nulla lorem elit, auctor id malesuada sit amet, semper in orci. Maecenas faucibus, risus vitae venenatis lacinia, erat mi venenatis augue, sit amet interdum dolor felis ut ante. Morbi a facilisis ante, in lobortis urna. Etiam ut nunc quis libero interdum aliquam eu at magna. Nunc vehicula risus eleifend molestie vulputate. Mauris diam odio, congue eget lorem id, finibus imperdiet sem.",
    "featured_image": null,
    "site": 1,
    "rating_sum": 0,
    "title": "Een mooie blogpost",
    "short_url": "http://jd.local:8000/blog/een-mooie-blogpost/",
    "categories": [
      1
    ],
    "gen_description": true,
    "created": "2014-12-21T21:37:04.611Z",
    "comments_count": 0,
    "rating_average": 0.0,
    "allow_comments": true,
    "publish_date": "2014-12-21T21:37:04Z",
    "keywords_string": "",
    "related_posts": [],
    "slug": "een-mooie-blogpost"
  },
  "pk": 1
},
{
  "model": "blog.blogpost",
  "fields": {
    "rating_count": 0,
    "_meta_title": "",
    "user": [
      "admin"
    ],
    "updated": "2014-12-31T11:18:38.752Z",
    "content": "<div id=\"lipsum\">\n<p>Lorem ipsum dolor sit amet, consectetur adipiscing elit. Morbi luctus eget erat efficitur porta. Donec a lorem urna. Morbi tincidunt ligula eget lectus condimentum, vitae consequat leo eleifend. Vivamus a porttitor felis. Curabitur suscipit, erat et varius egestas, odio ante pretium ante, a consectetur ligula urna non ante. Vivamus in libero convallis, tempus sem non, dignissim quam. Nam molestie diam nec leo dignissim, et iaculis erat aliquet. Praesent ullamcorper massa libero, non tempus eros commodo egestas. Nulla lorem elit, auctor id malesuada sit amet, semper in orci. Maecenas faucibus, risus vitae venenatis lacinia, erat mi venenatis augue, sit amet interdum dolor felis ut ante. Morbi a facilisis ante, in lobortis urna. Etiam ut nunc quis libero interdum aliquam eu at magna. Nunc vehicula risus eleifend molestie vulputate. Mauris diam odio, congue eget lorem id, finibus imperdiet sem.</p>\n<p>Vestibulum eget posuere metus, vel finibus leo. Suspendisse congue orci magna, in vestibulum lacus pulvinar a. Donec egestas, felis id feugiat tempus, orci velit ullamcorper risus, et ultricies augue arcu ullamcorper dolor. Mauris eget sollicitudin purus. Aenean a cursus risus, sit amet mattis erat. Curabitur vel venenatis sem. Cras non gravida tellus, eu egestas tellus. Morbi at lorem a turpis blandit vulputate vitae a est.</p>\n<p>Nam luctus vestibulum ultricies. Proin lobortis diam nec libero fringilla accumsan. Sed venenatis ante tortor, eu dapibus lectus finibus quis. Suspendisse faucibus felis nec consequat condimentum. Phasellus dui augue, sollicitudin euismod dolor non, hendrerit maximus sapien. Nullam porttitor hendrerit erat, eget commodo leo fermentum nec. Ut ex lacus, ullamcorper eu auctor eget, vehicula sed mauris. Aenean maximus ante eu eros sollicitudin bibendum. Quisque ullamcorper at lorem in bibendum. Phasellus erat sapien, iaculis in orci ac, tincidunt lacinia orci. Nunc euismod ligula lectus, eu euismod leo sollicitudin sit amet. Phasellus odio justo, pretium eget rhoncus sed, egestas eget felis. Phasellus cursus varius arcu, id bibendum enim convallis ac. Aliquam sagittis semper nulla ac molestie. Vestibulum varius gravida ornare.</p>\n<p>Aliquam posuere purus ac dolor eleifend fringilla. Fusce bibendum pretium facilisis. Etiam imperdiet ante vel convallis dignissim. Praesent vitae sapien a augue vehicula tincidunt. Quisque imperdiet sapien nec nibh tempus aliquet. Quisque sed tristique erat, sed faucibus ex. In fringilla elit et tortor pretium feugiat. Nullam ut posuere velit, nec volutpat sapien. Pellentesque congue pellentesque velit a egestas. Nullam libero elit, feugiat sollicitudin faucibus vel, vehicula eu turpis. Morbi mi diam, accumsan sed sapien vitae, auctor scelerisque nulla. Sed convallis velit non metus sollicitudin aliquam. Aenean fringilla leo et quam feugiat molestie. Curabitur gravida porttitor lorem.</p>\n<p>Nam ac molestie nunc. Nullam vel velit lacinia, auctor sapien vel, condimentum purus. Sed id vulputate tortor, quis pulvinar nunc. Nunc luctus sapien mi, id semper nisi ultricies vel. Proin laoreet, metus et rhoncus sagittis, neque nisl facilisis lorem, in feugiat arcu ex sit amet risus. Morbi et ante commodo, vehicula mi id, pulvinar ex. Integer tempus eros sit amet blandit dapibus. Nunc fringilla ac libero vitae viverra. Morbi mollis lorem non ex blandit, ut sollicitudin est faucibus.</p>\n</div>",
    "expiry_date": null,
    "in_sitemap": true,
    "status": 2,
    "description": "\nLorem ipsum dolor sit amet, consectetur adipiscing elit. Morbi luctus eget erat efficitur porta. Donec a lorem urna. Morbi tincidunt ligula eget lectus condimentum, vitae consequat leo eleifend. Vivamus a porttitor felis. Curabitur suscipit, erat et varius egestas, odio ante pretium ante, a consectetur ligula urna non ante. Vivamus in libero convallis, tempus sem non, dignissim quam. Nam molestie diam nec leo dignissim, et iaculis erat aliquet. Praesent ullamcorper massa libero, non tempus eros commodo egestas. Nulla lorem elit, auctor id malesuada sit amet, semper in orci. Maecenas faucibus, risus vitae venenatis lacinia, erat mi venenatis augue, sit amet interdum dolor felis ut ante. Morbi a facilisis ante, in lobortis urna. Etiam ut nunc quis libero interdum aliquam eu at magna. Nunc vehicula risus eleifend molestie vulputate. Mauris diam odio, congue eget lorem id, finibus imperdiet sem.",
    "featured_image": null,
    "site": 1,
    "rating_sum": 0,
    "title": "Een groot nieuwtje!",
    "short_url": "http://jd.local:8000/blog/een-groot-nieuwtje/",
    "categories": [
      2
    ],
    "gen_description": true,
    "created": "2014-12-21T21:37:15.769Z",
    "comments_count": 0,
    "rating_average": 0.0,
    "allow_comments": true,
    "publish_date": "2014-12-21T21:37:15.767Z",
    "keywords_string": "",
    "related_posts": [],
    "slug": "een-groot-nieuwtje"
  },
  "pk": 2
},
{
  "model": "blog.blogpost",
  "fields": {
    "rating_count": 0,
    "_meta_title": "",
    "user": [
      "admin"
    ],
    "updated": "2014-12-21T21:41:33.326Z",
    "content": "<div id=\"lipsum\">\n<p>Lorem ipsum dolor sit amet, consectetur adipiscing elit. Morbi luctus eget erat efficitur porta. Donec a lorem urna. Morbi tincidunt ligula eget lectus condimentum, vitae consequat leo eleifend. Vivamus a porttitor felis. Curabitur suscipit, erat et varius egestas, odio ante pretium ante, a consectetur ligula urna non ante. Vivamus in libero convallis, tempus sem non, dignissim quam. Nam molestie diam nec leo dignissim, et iaculis erat aliquet. Praesent ullamcorper massa libero, non tempus eros commodo egestas. Nulla lorem elit, auctor id malesuada sit amet, semper in orci. Maecenas faucibus, risus vitae venenatis lacinia, erat mi venenatis augue, sit amet interdum dolor felis ut ante. Morbi a facilisis ante, in lobortis urna. Etiam ut nunc quis libero interdum aliquam eu at magna. Nunc vehicula risus eleifend molestie vulputate. Mauris diam odio, congue eget lorem id, finibus imperdiet sem.</p>\n<p>Vestibulum eget posuere metus, vel finibus leo. Suspendisse congue orci magna, in vestibulum lacus pulvinar a. Donec egestas, felis id feugiat tempus, orci velit ullamcorper risus, et ultricies augue arcu ullamcorper dolor. Mauris eget sollicitudin purus. Aenean a cursus risus, sit amet mattis erat. Curabitur vel venenatis sem. Cras non gravida tellus, eu egestas tellus. Morbi at lorem a turpis blandit vulputate vitae a est.</p>\n<p>Nam luctus vestibulum ultricies. Proin lobortis diam nec libero fringilla accumsan. Sed venenatis ante tortor, eu dapibus lectus finibus quis. Suspendisse faucibus felis nec consequat condimentum. Phasellus dui augue, sollicitudin euismod dolor non, hendrerit maximus sapien. Nullam porttitor hendrerit erat, eget commodo leo fermentum nec. Ut ex lacus, ullamcorper eu auctor eget, vehicula sed mauris. Aenean maximus ante eu eros sollicitudin bibendum. Quisque ullamcorper at lorem in bibendum. Phasellus erat sapien, iaculis in orci ac, tincidunt lacinia orci. Nunc euismod ligula lectus, eu euismod leo sollicitudin sit amet. Phasellus odio justo, pretium eget rhoncus sed, egestas eget felis. Phasellus cursus varius arcu, id bibendum enim convallis ac. Aliquam sagittis semper nulla ac molestie. Vestibulum varius gravida ornare.</p>\n<p>Aliquam posuere purus ac dolor eleifend fringilla. Fusce bibendum pretium facilisis. Etiam imperdiet ante vel convallis dignissim. Praesent vitae sapien a augue vehicula tincidunt. Quisque imperdiet sapien nec nibh tempus aliquet. Quisque sed tristique erat, sed faucibus ex. In fringilla elit et tortor pretium feugiat. Nullam ut posuere velit, nec volutpat sapien. Pellentesque congue pellentesque velit a egestas. Nullam libero elit, feugiat sollicitudin faucibus vel, vehicula eu turpis. Morbi mi diam, accumsan sed sapien vitae, auctor scelerisque nulla. Sed convallis velit non metus sollicitudin aliquam. Aenean fringilla leo et quam feugiat molestie. Curabitur gravida porttitor lorem.</p>\n<p>Nam ac molestie nunc. Nullam vel velit lacinia, auctor sapien vel, condimentum purus. Sed id vulputate tortor, quis pulvinar nunc. Nunc luctus sapien mi, id semper nisi ultricies vel. Proin laoreet, metus et rhoncus sagittis, neque nisl facilisis lorem, in feugiat arcu ex sit amet risus. Morbi et ante commodo, vehicula mi id, pulvinar ex. Integer tempus eros sit amet blandit dapibus. Nunc fringilla ac libero vitae viverra. Morbi mollis lorem non ex blandit, ut sollicitudin est faucibus.</p>\n</div>",
    "expiry_date": null,
    "in_sitemap": true,
    "status": 2,
    "description": "\nLorem ipsum dolor sit amet, consectetur adipiscing elit. Morbi luctus eget erat efficitur porta. Donec a lorem urna. Morbi tincidunt ligula eget lectus condimentum, vitae consequat leo eleifend. Vivamus a porttitor felis. Curabitur suscipit, erat et varius egestas, odio ante pretium ante, a consectetur ligula urna non ante. Vivamus in libero convallis, tempus sem non, dignissim quam. Nam molestie diam nec leo dignissim, et iaculis erat aliquet. Praesent ullamcorper massa libero, non tempus eros commodo egestas. Nulla lorem elit, auctor id malesuada sit amet, semper in orci. Maecenas faucibus, risus vitae venenatis lacinia, erat mi venenatis augue, sit amet interdum dolor felis ut ante. Morbi a facilisis ante, in lobortis urna. Etiam ut nunc quis libero interdum aliquam eu at magna. Nunc vehicula risus eleifend molestie vulputate. Mauris diam odio, congue eget lorem id, finibus imperdiet sem.",
    "featured_image": null,
    "site": 3,
    "rating_sum": 0,
    "title": "Een controversi\u00eble blogpost",
    "short_url": null,
    "categories": [ 3 ],
    "gen_description": true,
    "created": "2014-12-21T21:41:33.326Z",
    "comments_count": 0,
    "rating_average": 0.0,
    "allow_comments": true,
    "publish_date": "2014-12-21T21:41:33.322Z",
    "keywords_string": "",
    "related_posts": [],
    "slug": "een-controversi\u00eble-blogpost"
  },
  "pk": 3
},
{
  "model": "blog.blogpost",
  "fields": {
    "rating_count": 0,
    "_meta_title": "",
    "user": [
      "admin"
    ],
    "updated": "2015-01-18T23:14:57.450Z",
    "content": "<div id=\"lipsum\">\n<p>Lorem ipsum dolor sit amet, consectetur adipiscing elit. Morbi luctus eget erat efficitur porta. Donec a lorem urna. Morbi tincidunt ligula eget lectus condimentum, vitae consequat leo eleifend. Vivamus a porttitor felis. Curabitur suscipit, erat et varius egestas, odio ante pretium ante, a consectetur ligula urna non ante. Vivamus in libero convallis, tempus sem non, dignissim quam. Nam molestie diam nec leo dignissim, et iaculis erat aliquet. Praesent ullamcorper massa libero, non tempus eros commodo egestas. Nulla lorem elit, auctor id malesuada sit amet, semper in orci. Maecenas faucibus, risus vitae venenatis lacinia, erat mi venenatis augue, sit amet interdum dolor felis ut ante. Morbi a facilisis ante, in lobortis urna. Etiam ut nunc quis libero interdum aliquam eu at magna. Nunc vehicula risus eleifend molestie vulputate. Mauris diam odio, congue eget lorem id, finibus imperdiet sem.</p>\n<p>Vestibulum eget posuere metus, vel finibus leo. Suspendisse congue orci magna, in vestibulum lacus pulvinar a. Donec egestas, felis id feugiat tempus, orci velit ullamcorper risus, et ultricies augue arcu ullamcorper dolor. Mauris eget sollicitudin purus. Aenean a cursus risus, sit amet mattis erat. Curabitur vel venenatis sem. Cras non gravida tellus, eu egestas tellus. Morbi at lorem a turpis blandit vulputate vitae a est.</p>\n<p>Nam luctus vestibulum ultricies. Proin lobortis diam nec libero fringilla accumsan. Sed venenatis ante tortor, eu dapibus lectus finibus quis. Suspendisse faucibus felis nec consequat condimentum. Phasellus dui augue, sollicitudin euismod dolor non, hendrerit maximus sapien. Nullam porttitor hendrerit erat, eget commodo leo fermentum nec. Ut ex lacus, ullamcorper eu auctor eget, vehicula sed mauris. Aenean maximus ante eu eros sollicitudin bibendum. Quisque ullamcorper at lorem in bibendum. Phasellus erat sapien, iaculis in orci ac, tincidunt lacinia orci. Nunc euismod ligula lectus, eu euismod leo sollicitudin sit amet. Phasellus odio justo, pretium eget rhoncus sed, egestas eget felis. Phasellus cursus varius arcu, id bibendum enim convallis ac. Aliquam sagittis semper nulla ac molestie. Vestibulum varius gravida ornare.</p>\n<p>Aliquam posuere purus ac dolor eleifend fringilla. Fusce bibendum pretium facilisis. Etiam imperdiet ante vel convallis dignissim. Praesent vitae sapien a augue vehicula tincidunt. Quisque imperdiet sapien nec nibh tempus aliquet. Quisque sed tristique erat, sed faucibus ex. In fringilla elit et tortor pretium feugiat. Nullam ut posuere velit, nec volutpat sapien. Pellentesque congue pellentesque velit a egestas. Nullam libero elit, feugiat sollicitudin faucibus vel, vehicula eu turpis. Morbi mi diam, accumsan sed sapien vitae, auctor scelerisque nulla. Sed convallis velit non metus sollicitudin aliquam. Aenean fringilla leo et quam feugiat molestie. Curabitur gravida porttitor lorem.</p>\n<p>Nam ac molestie nunc. Nullam vel velit lacinia, auctor sapien vel, condimentum purus. Sed id vulputate tortor, quis pulvinar nunc. Nunc luctus sapien mi, id semper nisi ultricies vel. Proin laoreet, metus et rhoncus sagittis, neque nisl facilisis lorem, in feugiat arcu ex sit amet risus. Morbi et ante commodo, vehicula mi id, pulvinar ex. Integer tempus eros sit amet blandit dapibus. Nunc fringilla ac libero vitae viverra. Morbi mollis lorem non ex blandit, ut sollicitudin est faucibus.</p>\n</div>",
    "expiry_date": null,
    "in_sitemap": true,
    "status": 2,
    "description": "\nLorem ipsum dolor sit amet, consectetur adipiscing elit. Morbi luctus eget erat efficitur porta. Donec a lorem urna. Morbi tincidunt ligula eget lectus condimentum, vitae consequat leo eleifend. Vivamus a porttitor felis. Curabitur suscipit, erat et varius egestas, odio ante pretium ante, a consectetur ligula urna non ante. Vivamus in libero convallis, tempus sem non, dignissim quam. Nam molestie diam nec leo dignissim, et iaculis erat aliquet. Praesent ullamcorper massa libero, non tempus eros commodo egestas. Nulla lorem elit, auctor id malesuada sit amet, semper in orci. Maecenas faucibus, risus vitae venenatis lacinia, erat mi venenatis augue, sit amet interdum dolor felis ut ante. Morbi a facilisis ante, in lobortis urna. Etiam ut nunc quis libero interdum aliquam eu at magna. Nunc vehicula risus eleifend molestie vulputate. Mauris diam odio, congue eget lorem id, finibus imperdiet sem.",
    "featured_image": null,
    "site": 3,
    "rating_sum": 0,
    "title": "Een mildere blogpost",
    "short_url": "http://lh.jd.local:8000/blog/een-mildere-blogpost/",
    "categories": [ 3 ],
    "gen_description": true,
    "created": "2014-12-21T21:41:45.325Z",
    "comments_count": 0,
    "rating_average": 0.0,
    "allow_comments": true,
    "publish_date": "2014-12-21T21:41:45.323Z",
    "keywords_string": "",
    "related_posts": [],
    "slug": "een-mildere-blogpost"
  },
  "pk": 4
},
{
  "model": "blog.blogpost",
  "fields": {
    "rating_count": 0,
    "_meta_title": "",
    "user": [
      "admin"
    ],
    "updated": "2015-01-18T23:08:30.509Z",
    "content": "<div id=\"lipsum\">\n<p>Lorem ipsum dolor sit amet, consectetur adipiscing elit. Morbi luctus eget erat efficitur porta. Donec a lorem urna. Morbi tincidunt ligula eget lectus condimentum, vitae consequat leo eleifend. Vivamus a porttitor felis. Curabitur suscipit, erat et varius egestas, odio ante pretium ante, a consectetur ligula urna non ante. Vivamus in libero convallis, tempus sem non, dignissim quam. Nam molestie diam nec leo dignissim, et iaculis erat aliquet. Praesent ullamcorper massa libero, non tempus eros commodo egestas. Nulla lorem elit, auctor id malesuada sit amet, semper in orci. Maecenas faucibus, risus vitae venenatis lacinia, erat mi venenatis augue, sit amet interdum dolor felis ut ante. Morbi a facilisis ante, in lobortis urna. Etiam ut nunc quis libero interdum aliquam eu at magna. Nunc vehicula risus eleifend molestie vulputate. Mauris diam odio, congue eget lorem id, finibus imperdiet sem.</p>\n<p>Vestibulum eget posuere metus, vel finibus leo. Suspendisse congue orci magna, in vestibulum lacus pulvinar a. Donec egestas, felis id feugiat tempus, orci velit ullamcorper risus, et ultricies augue arcu ullamcorper dolor. Mauris eget sollicitudin purus. Aenean a cursus risus, sit amet mattis erat. Curabitur vel venenatis sem. Cras non gravida tellus, eu egestas tellus. Morbi at lorem a turpis blandit vulputate vitae a est.</p>\n<p>Nam luctus vestibulum ultricies. Proin lobortis diam nec libero fringilla accumsan. Sed venenatis ante tortor, eu dapibus lectus finibus quis. Suspendisse faucibus felis nec consequat condimentum. Phasellus dui augue, sollicitudin euismod dolor non, hendrerit maximus sapien. Nullam porttitor hendrerit erat, eget commodo leo fermentum nec. Ut ex lacus, ullamcorper eu auctor eget, vehicula sed mauris. Aenean maximus ante eu eros sollicitudin bibendum. Quisque ullamcorper at lorem in bibendum. Phasellus erat sapien, iaculis in orci ac, tincidunt lacinia orci. Nunc euismod ligula lectus, eu euismod leo sollicitudin sit amet. Phasellus odio justo, pretium eget rhoncus sed, egestas eget felis. Phasellus cursus varius arcu, id bibendum enim convallis ac. Aliquam sagittis semper nulla ac molestie. Vestibulum varius gravida ornare.</p>\n<p>Aliquam posuere purus ac dolor eleifend fringilla. Fusce bibendum pretium facilisis. Etiam imperdiet ante vel convallis dignissim. Praesent vitae sapien a augue vehicula tincidunt. Quisque imperdiet sapien nec nibh tempus aliquet. Quisque sed tristique erat, sed faucibus ex. In fringilla elit et tortor pretium feugiat. Nullam ut posuere velit, nec volutpat sapien. Pellentesque congue pellentesque velit a egestas. Nullam libero elit, feugiat sollicitudin faucibus vel, vehicula eu turpis. Morbi mi diam, accumsan sed sapien vitae, auctor scelerisque nulla. Sed convallis velit non metus sollicitudin aliquam. Aenean fringilla leo et quam feugiat molestie. Curabitur gravida porttitor lorem.</p>\n<p>Nam ac molestie nunc. Nullam vel velit lacinia, auctor sapien vel, condimentum purus. Sed id vulputate tortor, quis pulvinar nunc. Nunc luctus sapien mi, id semper nisi ultricies vel. Proin laoreet, metus et rhoncus sagittis, neque nisl facilisis lorem, in feugiat arcu ex sit amet risus. Morbi et ante commodo, vehicula mi id, pulvinar ex. Integer tempus eros sit amet blandit dapibus. Nunc fringilla ac libero vitae viverra. Morbi mollis lorem non ex blandit, ut sollicitudin est faucibus.</p>\n</div>",
    "expiry_date": null,
    "in_sitemap": true,
    "status": 2,
    "description": "\nLorem ipsum dolor sit amet, consectetur adipiscing elit. Morbi luctus eget erat efficitur porta. Donec a lorem urna. Morbi tincidunt ligula eget lectus condimentum, vitae consequat leo eleifend. Vivamus a porttitor felis. Curabitur suscipit, erat et varius egestas, odio ante pretium ante, a consectetur ligula urna non ante. Vivamus in libero convallis, tempus sem non, dignissim quam. Nam molestie diam nec leo dignissim, et iaculis erat aliquet. Praesent ullamcorper massa libero, non tempus eros commodo egestas. Nulla lorem elit, auctor id malesuada sit amet, semper in orci. Maecenas faucibus, risus vitae venenatis lacinia, erat mi venenatis augue, sit amet interdum dolor felis ut ante. Morbi a facilisis ante, in lobortis urna. Etiam ut nunc quis libero interdum aliquam eu at magna. Nunc vehicula risus eleifend molestie vulputate. Mauris diam odio, congue eget lorem id, finibus imperdiet sem.",
    "featured_image": null,
    "site": 3,
    "rating_sum": 0,
    "title": "Het persbericht van het jaar!",
    "short_url": "http://lh.jd.local:8000/blog/het-persbericht-van-het-jaar/",
    "categories": [ 4 ],
    "gen_description": true,
    "created": "2014-12-21T21:41:59.969Z",
    "comments_count": 0,
    "rating_average": 0.0,
    "allow_comments": true,
    "publish_date": "2014-12-21T21:41:59.965Z",
    "keywords_string": "",
    "related_posts": [],
    "slug": "het-persbericht-van-het-jaar"
  },
  "pk": 5
},
{
  "model": "blog.blogpost",
  "fields": {
    "rating_count": 0,
    "_meta_title": "",
    "user": [
      "admin"
    ],
    "updated": "2014-12-31T11:18:29.940Z",
    "content": "<p class=\"menu\">Robert Mugabe, Ra\u00fal Castro, Kim Jong-Un en Sybrand Buma. Allen heb ze \u00e9\u00e9n ding gemeen: het willen uitbannen van onwelgevallige partijen. Uiterlijk 18 december wordt er in de Tweede Kamer gestemd over het voorstel van de CDA-voorman om zogenaamde 'democratie-ondermijnende' partijen te verbieden. De ironie wil echter dat de christendemocraten juist met dit voorstel de bijl aan de wortel van ons democratisch bestel leggen.</p>",
    "expiry_date": null,
    "in_sitemap": true,
    "status": 2,
    "description": "Robert Mugabe, Ra\u00fal Castro, Kim Jong-Un en Sybrand Buma. Allen heb ze \u00e9\u00e9n ding gemeen: het willen uitbannen van onwelgevallige partijen. Uiterlijk 18 december wordt er in de Tweede Kamer gestemd over het voorstel van de CDA-voorman om zogenaamde 'democratie-ondermijnende' partijen te verbieden. De ironie wil echter dat de christendemocraten juist met dit voorstel de bijl aan de wortel van ons democratisch bestel leggen.",
    "featured_image": null,
    "site": 1,
    "rating_sum": 0,
    "title": "Een partijverbod druist in tegen de democratie",
    "short_url": "http://jd.local:8000/blog/een-partijverbod-druist-in-tegen-de-democratie/",
    "categories": [
      5
    ],
    "gen_description": true,
    "created": "2014-12-31T11:17:42.436Z",
    "comments_count": 0,
    "rating_average": 0.0,
    "allow_comments": true,
    "publish_date": "2014-12-31T11:17:42Z",
    "keywords_string": "",
    "related_posts": [],
    "slug": "een-partijverbod-druist-in-tegen-de-democratie"
  },
  "pk": 6
}
]
