[
{
  "fields": {
    "send_email": true,
    "content": "<p>Lid zijn is leuk. Word ook lid!</p>\n<p>Neem voor vragen contact op met <a href=\"mailto:ledenadministratie@jd.local\">ledenadministratie@jd.local</a>.</p>",
    "email_copies": "ledenadministratie@localhost",
    "button_text": "Submit",
    "email_subject": "Bevestiging van inschrijving",
    "email_from": "root@localhost",
    "response": "<p>Bedankt voor je inschrijving. Je ontvangt een bevestigingsmail op het emailadres dat je hebt opgegeven.</p>",
    "email_message": "Beste aanmelder,\r\n\r\nBedankt voor je aanmelding. Hieronder vind je een overzicht van de gegevens die je hebt ingevoerd."
  },
  "pk": 14,
  "model": "forms.form"
},
{
  "fields": {
    "default": "",
    "placeholder_text": "",
    "label": "Geslacht",
    "_order": 0,
    "choices": "Man, Vrouw",
    "form": 14,
    "required": true,
    "help_text": " ",
    "visible": true,
    "field_type": 8
  },
  "pk": 1,
  "model": "forms.field"
},
{
  "fields": {
    "default": "",
    "placeholder_text": "",
    "label": "Naam",
    "_order": 1,
    "choices": "",
    "form": 14,
    "required": true,
    "help_text": " ",
    "visible": true,
    "field_type": 1
  },
  "pk": 2,
  "model": "forms.field"
},
{
  "fields": {
    "default": "",
    "placeholder_text": "",
    "label": "E-mail",
    "_order": 3,
    "choices": "",
    "form": 14,
    "required": true,
    "help_text": " ",
    "visible": true,
    "field_type": 3
  },
  "pk": 3,
  "model": "forms.field"
},
{
  "fields": {
    "default": "",
    "placeholder_text": "",
    "label": "IBAN",
    "_order": 4,
    "choices": "",
    "form": 14,
    "required": true,
    "help_text": "Je kunt je IBAN achterhalen op https://www.ibanbicservice.nl/SingleRequest.aspx",
    "visible": true,
    "field_type": 1
  },
  "pk": 4,
  "model": "forms.field"
},
{
  "fields": {
    "default": "",
    "placeholder_text": "",
    "label": "Geboortedatum",
    "_order": 5,
    "choices": "",
    "form": 14,
    "required": true,
    "help_text": " ",
    "visible": true,
    "field_type": 15
  },
  "pk": 5,
  "model": "forms.field"
},
{
  "fields": {
    "default": "",
    "placeholder_text": "",
    "label": "Type lidmaatschap",
    "_order": 6,
    "choices": "Combi, Zelfstandig",
    "form": 14,
    "required": true,
    "help_text": " ",
    "visible": true,
    "field_type": 6
  },
  "pk": 6,
  "model": "forms.field"
},
{
  "fields": {
    "default": "",
    "placeholder_text": "",
    "label": "Opmerkingen",
    "_order": 7,
    "choices": "",
    "form": 14,
    "required": false,
    "help_text": " ",
    "visible": true,
    "field_type": 2
  },
  "pk": 7,
  "model": "forms.field"
},
{
  "fields": {
    "default": "",
    "placeholder_text": "",
    "label": "Huisnummer",
    "_order": 2,
    "choices": "",
    "form": 14,
    "required": true,
    "help_text": " ",
    "visible": true,
    "field_type": 100
  },
  "pk": 8,
  "model": "forms.field"
},
{
  "fields": {
    "default": "",
    "placeholder_text": "",
    "label": "Controle",
    "_order": 8,
    "choices": "",
    "form": 14,
    "required": true,
    "help_text": " ",
    "visible": true,
    "field_type": 101
  },
  "pk": 9,
  "model": "forms.field"
},
{
  "fields": {
    "entry_time": "2014-12-27T22:33:05.576Z",
    "form": 14
  },
  "pk": 3,
  "model": "forms.formentry"
},
{
  "fields": {
    "field_id": 1,
    "entry": 3,
    "value": "Man"
  },
  "pk": 16,
  "model": "forms.fieldentry"
},
{
  "fields": {
    "field_id": 2,
    "entry": 3,
    "value": "John Doe"
  },
  "pk": 17,
  "model": "forms.fieldentry"
},
{
  "fields": {
    "field_id": 8,
    "entry": 3,
    "value": "1234"
  },
  "pk": 18,
  "model": "forms.fieldentry"
},
{
  "fields": {
    "field_id": 3,
    "entry": 3,
    "value": "a@b.com"
  },
  "pk": 19,
  "model": "forms.fieldentry"
},
{
  "fields": {
    "field_id": 4,
    "entry": 3,
    "value": "NL12XXXX3456789012"
  },
  "pk": 20,
  "model": "forms.fieldentry"
},
{
  "fields": {
    "field_id": 5,
    "entry": 3,
    "value": "2014-01-01"
  },
  "pk": 21,
  "model": "forms.fieldentry"
},
{
  "fields": {
    "field_id": 6,
    "entry": 3,
    "value": "Combi"
  },
  "pk": 22,
  "model": "forms.fieldentry"
},
{
  "fields": {
    "field_id": 7,
    "entry": 3,
    "value": ""
  },
  "pk": 23,
  "model": "forms.fieldentry"
},
{
  "fields": {
    "field_id": 9,
    "entry": 3,
    "value": "d4f12f1f70bb97b6e4c9168c1231013bdccedbc9, "
  },
  "pk": 24,
  "model": "forms.fieldentry"
},
{
  "fields": {
    "site": 1,
    "in_sitemap": true,
    "short_url": null,
    "updated": "2015-04-10T17:37:25.110Z",
    "parent": null,
    "titles": "Example blog",
    "created": "2015-04-10T17:37:25.110Z",
    "_meta_title": "",
    "publish_date": "2015-04-10T17:37:25.100Z",
    "login_required": false,
    "expiry_date": null,
    "content_model": "blogcategorypage",
    "description": "This is an example jdpages blog page.\u00a0",
    "status": 2,
    "_order": 7,
    "title": "Blog",
    "in_menus": "1,2,3",
    "gen_description": true,
    "keywords_string": "",
    "slug": "example-blog"
  },
  "pk": 1,
  "model": "pages.page"
},
{
  "fields": {
    "site": 1,
    "in_sitemap": true,
    "short_url": null,
    "updated": "2014-12-30T23:19:34.098Z",
    "parent": null,
    "titles": "Word actief!",
    "created": "2014-12-21T21:35:53.992Z",
    "_meta_title": "",
    "publish_date": "2014-12-21T21:35:53Z",
    "login_required": false,
    "expiry_date": null,
    "content_model": "richtextpage",
    "description": "\nLorem ipsum dolor sit amet, consectetur adipiscing elit. Morbi luctus eget erat efficitur porta. Donec a lorem urna. Morbi tincidunt ligula eget lectus condimentum, vitae consequat leo eleifend. Vivamus a porttitor felis. Curabitur suscipit, erat et varius egestas, odio ante pretium ante, a consectetur ligula urna non ante. Vivamus in libero convallis, tempus sem non, dignissim quam. Nam molestie diam nec leo dignissim, et iaculis erat aliquet. Praesent ullamcorper massa libero, non tempus eros commodo egestas. Nulla lorem elit, auctor id malesuada sit amet, semper in orci. Maecenas faucibus, risus vitae venenatis lacinia, erat mi venenatis augue, sit amet interdum dolor felis ut ante. Morbi a facilisis ante, in lobortis urna. Etiam ut nunc quis libero interdum aliquam eu at magna. Nunc vehicula risus eleifend molestie vulputate. Mauris diam odio, congue eget lorem id, finibus imperdiet sem.",
    "status": 2,
    "_order": 1,
    "title": "Word actief!",
    "in_menus": "1,2,3",
    "gen_description": true,
    "keywords_string": "",
    "slug": "word-actief"
  },
  "pk": 2,
  "model": "pages.page"
},
{
  "fields": {
    "site": 1,
    "in_sitemap": true,
    "short_url": null,
    "updated": "2014-12-21T21:36:16.018Z",
    "parent": null,
    "titles": "Media",
    "created": "2014-12-21T21:36:16.018Z",
    "_meta_title": "",
    "publish_date": "2014-12-21T21:36:16.017Z",
    "login_required": false,
    "expiry_date": null,
    "content_model": "richtextpage",
    "description": "\nLorem ipsum dolor sit amet, consectetur adipiscing elit. Morbi luctus eget erat efficitur porta. Donec a lorem urna. Morbi tincidunt ligula eget lectus condimentum, vitae consequat leo eleifend. Vivamus a porttitor felis. Curabitur suscipit, erat et varius egestas, odio ante pretium ante, a consectetur ligula urna non ante. Vivamus in libero convallis, tempus sem non, dignissim quam. Nam molestie diam nec leo dignissim, et iaculis erat aliquet. Praesent ullamcorper massa libero, non tempus eros commodo egestas. Nulla lorem elit, auctor id malesuada sit amet, semper in orci. Maecenas faucibus, risus vitae venenatis lacinia, erat mi venenatis augue, sit amet interdum dolor felis ut ante. Morbi a facilisis ante, in lobortis urna. Etiam ut nunc quis libero interdum aliquam eu at magna. Nunc vehicula risus eleifend molestie vulputate. Mauris diam odio, congue eget lorem id, finibus imperdiet sem.",
    "status": 2,
    "_order": 3,
    "title": "Media",
    "in_menus": "1,2,3",
    "gen_description": true,
    "keywords_string": "",
    "slug": "media"
  },
  "pk": 3,
  "model": "pages.page"
},
{
  "fields": {
    "site": 3,
    "in_sitemap": true,
    "short_url": null,
    "updated": "2014-12-21T21:39:42.707Z",
    "parent": null,
    "titles": "Word actief!",
    "created": "2014-12-21T21:39:42.707Z",
    "_meta_title": "",
    "publish_date": "2014-12-21T21:39:42.705Z",
    "login_required": false,
    "expiry_date": null,
    "content_model": "richtextpage",
    "description": "\nLorem ipsum dolor sit amet, consectetur adipiscing elit. Morbi luctus eget erat efficitur porta. Donec a lorem urna. Morbi tincidunt ligula eget lectus condimentum, vitae consequat leo eleifend. Vivamus a porttitor felis. Curabitur suscipit, erat et varius egestas, odio ante pretium ante, a consectetur ligula urna non ante. Vivamus in libero convallis, tempus sem non, dignissim quam. Nam molestie diam nec leo dignissim, et iaculis erat aliquet. Praesent ullamcorper massa libero, non tempus eros commodo egestas. Nulla lorem elit, auctor id malesuada sit amet, semper in orci. Maecenas faucibus, risus vitae venenatis lacinia, erat mi venenatis augue, sit amet interdum dolor felis ut ante. Morbi a facilisis ante, in lobortis urna. Etiam ut nunc quis libero interdum aliquam eu at magna. Nunc vehicula risus eleifend molestie vulputate. Mauris diam odio, congue eget lorem id, finibus imperdiet sem.",
    "status": 2,
    "_order": 1,
    "title": "Word actief!",
    "in_menus": "1,2,3",
    "gen_description": true,
    "keywords_string": "",
    "slug": "word-actief"
  },
  "pk": 6,
  "model": "pages.page"
},
{
  "fields": {
    "site": 3,
    "in_sitemap": true,
    "short_url": null,
    "updated": "2014-12-21T21:39:54.779Z",
    "parent": null,
    "titles": "Organisatie",
    "created": "2014-12-21T21:39:54.779Z",
    "_meta_title": "",
    "publish_date": "2014-12-21T21:39:54.776Z",
    "login_required": false,
    "expiry_date": null,
    "content_model": "richtextpage",
    "description": "\nLorem ipsum dolor sit amet, consectetur adipiscing elit. Morbi luctus eget erat efficitur porta. Donec a lorem urna. Morbi tincidunt ligula eget lectus condimentum, vitae consequat leo eleifend. Vivamus a porttitor felis. Curabitur suscipit, erat et varius egestas, odio ante pretium ante, a consectetur ligula urna non ante. Vivamus in libero convallis, tempus sem non, dignissim quam. Nam molestie diam nec leo dignissim, et iaculis erat aliquet. Praesent ullamcorper massa libero, non tempus eros commodo egestas. Nulla lorem elit, auctor id malesuada sit amet, semper in orci. Maecenas faucibus, risus vitae venenatis lacinia, erat mi venenatis augue, sit amet interdum dolor felis ut ante. Morbi a facilisis ante, in lobortis urna. Etiam ut nunc quis libero interdum aliquam eu at magna. Nunc vehicula risus eleifend molestie vulputate. Mauris diam odio, congue eget lorem id, finibus imperdiet sem.",
    "status": 2,
    "_order": 2,
    "title": "Organisatie",
    "in_menus": "1,2,3",
    "gen_description": true,
    "keywords_string": "",
    "slug": "organisatie"
  },
  "pk": 7,
  "model": "pages.page"
},
{
  "fields": {
    "site": 3,
    "in_sitemap": true,
    "short_url": null,
    "updated": "2014-12-21T21:40:44.994Z",
    "parent": 7,
    "titles": "Organisatie / Bestuur",
    "created": "2014-12-21T21:39:59.444Z",
    "_meta_title": "",
    "publish_date": "2014-12-21T21:39:59.442Z",
    "login_required": false,
    "expiry_date": null,
    "content_model": "richtextpage",
    "description": "\nLorem ipsum dolor sit amet, consectetur adipiscing elit. Morbi luctus eget erat efficitur porta. Donec a lorem urna. Morbi tincidunt ligula eget lectus condimentum, vitae consequat leo eleifend. Vivamus a porttitor felis. Curabitur suscipit, erat et varius egestas, odio ante pretium ante, a consectetur ligula urna non ante. Vivamus in libero convallis, tempus sem non, dignissim quam. Nam molestie diam nec leo dignissim, et iaculis erat aliquet. Praesent ullamcorper massa libero, non tempus eros commodo egestas. Nulla lorem elit, auctor id malesuada sit amet, semper in orci. Maecenas faucibus, risus vitae venenatis lacinia, erat mi venenatis augue, sit amet interdum dolor felis ut ante. Morbi a facilisis ante, in lobortis urna. Etiam ut nunc quis libero interdum aliquam eu at magna. Nunc vehicula risus eleifend molestie vulputate. Mauris diam odio, congue eget lorem id, finibus imperdiet sem.",
    "status": 2,
    "_order": 0,
    "title": "Bestuur",
    "in_menus": "1,2,3",
    "gen_description": true,
    "keywords_string": "",
    "slug": "bestuur"
  },
  "pk": 8,
  "model": "pages.page"
},
{
  "fields": {
    "site": 3,
    "in_sitemap": true,
    "short_url": null,
    "updated": "2014-12-21T21:40:51.654Z",
    "parent": 7,
    "titles": "Organisatie / Regionaal Politiek Programma",
    "created": "2014-12-21T21:40:15.081Z",
    "_meta_title": "",
    "publish_date": "2014-12-21T21:40:15.079Z",
    "login_required": false,
    "expiry_date": null,
    "content_model": "richtextpage",
    "description": "\nLorem ipsum dolor sit amet, consectetur adipiscing elit. Morbi luctus eget erat efficitur porta. Donec a lorem urna. Morbi tincidunt ligula eget lectus condimentum, vitae consequat leo eleifend. Vivamus a porttitor felis. Curabitur suscipit, erat et varius egestas, odio ante pretium ante, a consectetur ligula urna non ante. Vivamus in libero convallis, tempus sem non, dignissim quam. Nam molestie diam nec leo dignissim, et iaculis erat aliquet. Praesent ullamcorper massa libero, non tempus eros commodo egestas. Nulla lorem elit, auctor id malesuada sit amet, semper in orci. Maecenas faucibus, risus vitae venenatis lacinia, erat mi venenatis augue, sit amet interdum dolor felis ut ante. Morbi a facilisis ante, in lobortis urna. Etiam ut nunc quis libero interdum aliquam eu at magna. Nunc vehicula risus eleifend molestie vulputate. Mauris diam odio, congue eget lorem id, finibus imperdiet sem.",
    "status": 2,
    "_order": 1,
    "title": "Regionaal Politiek Programma",
    "in_menus": "1,2,3",
    "gen_description": true,
    "keywords_string": "",
    "slug": "regionaal-politiek-programma"
  },
  "pk": 9,
  "model": "pages.page"
},
{
  "fields": {
    "site": 3,
    "in_sitemap": true,
    "short_url": null,
    "updated": "2014-12-21T21:40:54.359Z",
    "parent": 7,
    "titles": "Organisatie / AAV",
    "created": "2014-12-21T21:40:19.832Z",
    "_meta_title": "",
    "publish_date": "2014-12-21T21:40:19.830Z",
    "login_required": false,
    "expiry_date": null,
    "content_model": "richtextpage",
    "description": "\nLorem ipsum dolor sit amet, consectetur adipiscing elit. Morbi luctus eget erat efficitur porta. Donec a lorem urna. Morbi tincidunt ligula eget lectus condimentum, vitae consequat leo eleifend. Vivamus a porttitor felis. Curabitur suscipit, erat et varius egestas, odio ante pretium ante, a consectetur ligula urna non ante. Vivamus in libero convallis, tempus sem non, dignissim quam. Nam molestie diam nec leo dignissim, et iaculis erat aliquet. Praesent ullamcorper massa libero, non tempus eros commodo egestas. Nulla lorem elit, auctor id malesuada sit amet, semper in orci. Maecenas faucibus, risus vitae venenatis lacinia, erat mi venenatis augue, sit amet interdum dolor felis ut ante. Morbi a facilisis ante, in lobortis urna. Etiam ut nunc quis libero interdum aliquam eu at magna. Nunc vehicula risus eleifend molestie vulputate. Mauris diam odio, congue eget lorem id, finibus imperdiet sem.",
    "status": 2,
    "_order": 2,
    "title": "AAV",
    "in_menus": "1,2,3",
    "gen_description": true,
    "keywords_string": "",
    "slug": "aav"
  },
  "pk": 10,
  "model": "pages.page"
},
{
  "fields": {
    "site": 3,
    "in_sitemap": true,
    "short_url": null,
    "updated": "2014-12-21T21:40:56.270Z",
    "parent": 7,
    "titles": "Organisatie / Afdelingsreglement",
    "created": "2014-12-21T21:40:40.527Z",
    "_meta_title": "",
    "publish_date": "2014-12-21T21:40:40.525Z",
    "login_required": false,
    "expiry_date": null,
    "content_model": "richtextpage",
    "description": "\nLorem ipsum dolor sit amet, consectetur adipiscing elit. Morbi luctus eget erat efficitur porta. Donec a lorem urna. Morbi tincidunt ligula eget lectus condimentum, vitae consequat leo eleifend. Vivamus a porttitor felis. Curabitur suscipit, erat et varius egestas, odio ante pretium ante, a consectetur ligula urna non ante. Vivamus in libero convallis, tempus sem non, dignissim quam. Nam molestie diam nec leo dignissim, et iaculis erat aliquet. Praesent ullamcorper massa libero, non tempus eros commodo egestas. Nulla lorem elit, auctor id malesuada sit amet, semper in orci. Maecenas faucibus, risus vitae venenatis lacinia, erat mi venenatis augue, sit amet interdum dolor felis ut ante. Morbi a facilisis ante, in lobortis urna. Etiam ut nunc quis libero interdum aliquam eu at magna. Nunc vehicula risus eleifend molestie vulputate. Mauris diam odio, congue eget lorem id, finibus imperdiet sem.",
    "status": 2,
    "_order": 3,
    "title": "Afdelingsreglement",
    "in_menus": "1,2,3",
    "gen_description": true,
    "keywords_string": "",
    "slug": "afdelingsreglement"
  },
  "pk": 11,
  "model": "pages.page"
},
{
  "fields": {
    "site": 1,
    "in_sitemap": true,
    "short_url": null,
    "updated": "2015-01-01T18:31:47.106Z",
    "parent": 2,
    "titles": "Word actief! / Word lid!",
    "created": "2014-12-26T10:40:31.513Z",
    "_meta_title": "",
    "publish_date": "2014-12-26T10:40:31Z",
    "login_required": false,
    "expiry_date": null,
    "content_model": "form",
    "description": "Lid zijn is leuk. Word ook lid!",
    "status": 2,
    "_order": 0,
    "title": "Word lid!",
    "in_menus": "1,2,3",
    "gen_description": true,
    "keywords_string": "",
    "slug": "word-actief/word-lid"
  },
  "pk": 14,
  "model": "pages.page"
},
{
  "fields": {
    "site": 1,
    "in_sitemap": true,
    "short_url": null,
    "updated": "2015-01-18T19:18:42.053Z",
    "parent": null,
    "titles": "Afdelingen",
    "created": "2014-12-29T16:09:13.588Z",
    "_meta_title": "",
    "publish_date": "2014-12-29T16:09:13Z",
    "login_required": false,
    "expiry_date": null,
    "content_model": "richtextpage",
    "description": "De afdelingen van de Jonge Democraten zijn:",
    "status": 2,
    "_order": 4,
    "title": "Afdelingen",
    "in_menus": "1,2,3",
    "gen_description": true,
    "keywords_string": "",
    "slug": "afdelingen"
  },
  "pk": 15,
  "model": "pages.page"
},
{
  "fields": {
    "site": 1,
    "in_sitemap": false,
    "short_url": null,
    "updated": "2014-12-29T16:34:15.695Z",
    "parent": null,
    "titles": "Visie",
    "created": "2014-12-29T16:34:15.695Z",
    "_meta_title": null,
    "publish_date": "2014-12-29T16:34:15.695Z",
    "login_required": false,
    "expiry_date": null,
    "content_model": "link",
    "description": "Visie",
    "status": 2,
    "_order": 5,
    "title": "Visie",
    "in_menus": "1,2,3",
    "gen_description": true,
    "keywords_string": "",
    "slug": "http://visie.jongedemocraten.nl"
  },
  "pk": 16,
  "model": "pages.page"
},
{
  "fields": {
    "site": 1,
    "in_sitemap": true,
    "short_url": null,
    "updated": "2015-04-25T14:29:35.692Z",
    "parent": null,
    "titles": "Home",
    "created": "2014-12-31T11:14:42.969Z",
    "_meta_title": "",
    "publish_date": "2014-12-31T11:14:42Z",
    "login_required": false,
    "expiry_date": null,
    "content_model": "homepage",
    "description": "Welkom op de website van de Jonge Democraten. De JD is met ruim 5500 leden een van de grootste politieke jongerenorganisaties van Nederland.",
    "status": 2,
    "_order": 0,
    "title": "Home",
    "in_menus": "1,2,3",
    "gen_description": true,
    "keywords_string": "",
    "slug": "/"
  },
  "pk": 17,
  "model": "pages.page"
},
{
  "fields": {
    "site": 1,
    "in_sitemap": false,
    "short_url": null,
    "updated": "2014-12-31T11:20:57.455Z",
    "parent": 15,
    "titles": "Afdelingen / Amsterdam",
    "created": "2014-12-31T11:20:44.706Z",
    "_meta_title": null,
    "publish_date": "2014-12-31T11:20:44Z",
    "login_required": false,
    "expiry_date": null,
    "content_model": "link",
    "description": "Afdelingen / Amsterdam",
    "status": 2,
    "_order": 0,
    "title": "Amsterdam",
    "in_menus": "1,2,3",
    "gen_description": true,
    "keywords_string": "",
    "slug": "http://ams.jd.local:8000"
  },
  "pk": 19,
  "model": "pages.page"
},
{
  "fields": {
    "site": 1,
    "in_sitemap": false,
    "short_url": null,
    "updated": "2014-12-31T11:21:31.246Z",
    "parent": 15,
    "titles": "Afdelingen / Leiden-Haaglanden",
    "created": "2014-12-31T11:21:31.245Z",
    "_meta_title": null,
    "publish_date": "2014-12-31T11:21:31.244Z",
    "login_required": false,
    "expiry_date": null,
    "content_model": "link",
    "description": "Afdelingen / Leiden-Haaglanden",
    "status": 2,
    "_order": 1,
    "title": "Leiden-Haaglanden",
    "in_menus": "1,2,3",
    "gen_description": true,
    "keywords_string": "",
    "slug": "http://lh.jd.local:8000"
  },
  "pk": 20,
  "model": "pages.page"
},
{
  "fields": {
    "site": 2,
    "in_sitemap": true,
    "short_url": null,
    "updated": "2014-12-31T13:47:18.225Z",
    "parent": null,
    "titles": "Home",
    "created": "2014-12-31T13:46:34.819Z",
    "_meta_title": "",
    "publish_date": "2014-12-31T13:46:34Z",
    "login_required": false,
    "expiry_date": null,
    "content_model": "homepage",
    "description": ".",
    "status": 2,
    "_order": 0,
    "title": "Home",
    "in_menus": "1,2,3",
    "gen_description": true,
    "keywords_string": "",
    "slug": "/"
  },
  "pk": 22,
  "model": "pages.page"
},
{
  "fields": {
    "site": 3,
    "in_sitemap": true,
    "short_url": null,
    "updated": "2014-12-31T14:08:51.406Z",
    "parent": null,
    "titles": "Home",
    "created": "2014-12-31T14:08:06.771Z",
    "_meta_title": "",
    "publish_date": "2014-12-31T14:08:06Z",
    "login_required": false,
    "expiry_date": null,
    "content_model": "homepage",
    "description": "Welkom op de afdelingsite van de Jonge Democraten Leiden-Haaglanden. Hier vind je informatie over ons als\u00a0bestuur, de activiteiten die wij organiseren en de verschillende\u00a0commissies\u00a0die onze afdeling rijk is.",
    "status": 2,
    "_order": 0,
    "title": "Home",
    "in_menus": "1,2,3",
    "gen_description": true,
    "keywords_string": "",
    "slug": "/"
  },
  "pk": 23,
  "model": "pages.page"
},
{
  "fields": {
    "site": 1,
    "in_sitemap": true,
    "short_url": null,
    "updated": "2015-01-28T20:07:16.631Z",
    "parent": null,
    "titles": "Documenten",
    "created": "2015-01-03T23:02:01.802Z",
    "_meta_title": "",
    "publish_date": "2015-01-03T23:02:01Z",
    "login_required": false,
    "expiry_date": null,
    "content_model": "documentlisting",
    "description": "Dit zijn belangrijke documenten voor de vereniging.",
    "status": 2,
    "_order": 6,
    "title": "Documenten",
    "in_menus": "1,2,3",
    "gen_description": true,
    "keywords_string": "",
    "slug": "documenten"
  },
  "pk": 24,
  "model": "pages.page"
},
{
  "fields": {
    "site": 1,
    "in_sitemap": true,
    "short_url": null,
    "updated": "2015-04-10T18:00:13.548Z",
    "parent": 3,
    "titles": "Media / JD Blog",
    "created": "2015-04-10T18:00:13.545Z",
    "_meta_title": "",
    "publish_date": "2015-04-10T18:00:13.542Z",
    "login_required": false,
    "expiry_date": null,
    "content_model": "blogcategorypage",
    "description": "Dit is een algemeen blog.",
    "status": 2,
    "_order": 0,
    "title": "JD Blog",
    "in_menus": "1,2,3",
    "gen_description": true,
    "keywords_string": "",
    "slug": "media/jd-blog"
  },
  "pk": 25,
  "model": "pages.page"
},
{
  "fields": {
    "site": 1,
    "in_sitemap": true,
    "short_url": null,
    "updated": "2015-04-10T18:00:44.317Z",
    "parent": 3,
    "titles": "Media / Persberichten",
    "created": "2015-04-10T18:00:44.314Z",
    "_meta_title": "",
    "publish_date": "2015-04-10T18:00:44.311Z",
    "login_required": false,
    "expiry_date": null,
    "content_model": "blogcategorypage",
    "description": "Hier vind je alle persberichten.",
    "status": 2,
    "_order": 1,
    "title": "Persberichten",
    "in_menus": "1,2,3",
    "gen_description": true,
    "keywords_string": "",
    "slug": "media/persberichten"
  },
  "pk": 26,
  "model": "pages.page"
},
{
  "fields": {
    "site": 3,
    "in_sitemap": true,
    "short_url": null,
    "updated": "2015-04-10T18:12:10.999Z",
    "parent": null,
    "titles": "Nieuws",
    "created": "2015-04-10T18:02:26.229Z",
    "_meta_title": "",
    "publish_date": "2015-04-10T18:02:26Z",
    "login_required": false,
    "expiry_date": null,
    "content_model": "blogcategorypage",
    "description": "Al het nieuws van de afdeling.",
    "status": 2,
    "_order": 3,
    "title": "Nieuws",
    "in_menus": "1,2,3",
    "gen_description": true,
    "keywords_string": "",
    "slug": "nieuws"
  },
  "pk": 27,
  "model": "pages.page"
},
{
  "fields": {
    "site": 3,
    "in_sitemap": true,
    "short_url": null,
    "updated": "2015-04-10T18:02:48.007Z",
    "parent": null,
    "titles": "Weblog",
    "created": "2015-04-10T18:02:48.007Z",
    "_meta_title": "",
    "publish_date": "2015-04-10T18:02:48.004Z",
    "login_required": false,
    "expiry_date": null,
    "content_model": "blogcategorypage",
    "description": "Een weblog van de afdelingen.",
    "status": 2,
    "_order": 4,
    "title": "Weblog",
    "in_menus": "1,2,3",
    "gen_description": true,
    "keywords_string": "",
    "slug": "weblog"
  },
  "pk": 28,
  "model": "pages.page"
},
{
  "fields": {
    "content": "<p>De afdelingen van de Jonge Democraten zijn:</p>\n<p></p>\n<ul>\n<li><a class=\"internal\" href=\"http://ams.jd.local:8000\">Amsterdam</a></li>\n<li><a class=\"internal\" href=\"http://lh.jd.local:8000\">Leiden-Haaglanden</a></li>\n<li>Rotterdam</li>\n<li>en vele anderen...</li>\n</ul>\n<div id=\"afdelingskaart\">\n<div class=\"infobox\">\n<h2>Afdeling</h2>\n<h3>Gemeente</h3>\n</div>\n</div>\n<script src=\"/static/website/js/d3.v3.min.js\" type=\"text/javascript\"></script>\n<script src=\"/static/website/js/queue.v1.min.js\" type=\"text/javascript\"></script>\n<script src=\"/static/website/js/d3.geo.projection.v0.min.js\" type=\"text/javascript\"></script>\n<script src=\"/static/website/js/topojson.v0.min.js\" type=\"text/javascript\"></script>\n<script src=\"/static/website/js/render.js\" type=\"text/javascript\"></script>"
  },
  "pk": 15,
  "model": "pages.richtextpage"
},
{
  "fields": {
    "content": "<p>Blog</p>"
  },
  "pk": 1,
  "model": "pages.richtextpage"
},
{
  "fields": {
    "content": "<div id=\"lipsum\">\n<p>Lorem ipsum dolor sit amet, consectetur adipiscing elit. Morbi luctus eget erat efficitur porta. Donec a lorem urna. Morbi tincidunt ligula eget lectus condimentum, vitae consequat leo eleifend. Vivamus a porttitor felis. Curabitur suscipit, erat et varius egestas, odio ante pretium ante, a consectetur ligula urna non ante. Vivamus in libero convallis, tempus sem non, dignissim quam. Nam molestie diam nec leo dignissim, et iaculis erat aliquet. Praesent ullamcorper massa libero, non tempus eros commodo egestas. Nulla lorem elit, auctor id malesuada sit amet, semper in orci. Maecenas faucibus, risus vitae venenatis lacinia, erat mi venenatis augue, sit amet interdum dolor felis ut ante. Morbi a facilisis ante, in lobortis urna. Etiam ut nunc quis libero interdum aliquam eu at magna. Nunc vehicula risus eleifend molestie vulputate. Mauris diam odio, congue eget lorem id, finibus imperdiet sem.</p>\n<p>Vestibulum eget posuere metus, vel finibus leo. Suspendisse congue orci magna, in vestibulum lacus pulvinar a. Donec egestas, felis id feugiat tempus, orci velit ullamcorper risus, et ultricies augue arcu ullamcorper dolor. Mauris eget sollicitudin purus. Aenean a cursus risus, sit amet mattis erat. Curabitur vel venenatis sem. Cras non gravida tellus, eu egestas tellus. Morbi at lorem a turpis blandit vulputate vitae a est.</p>\n<p>Nam luctus vestibulum ultricies. Proin lobortis diam nec libero fringilla accumsan. Sed venenatis ante tortor, eu dapibus lectus finibus quis. Suspendisse faucibus felis nec consequat condimentum. Phasellus dui augue, sollicitudin euismod dolor non, hendrerit maximus sapien. Nullam porttitor hendrerit erat, eget commodo leo fermentum nec. Ut ex lacus, ullamcorper eu auctor eget, vehicula sed mauris. Aenean maximus ante eu eros sollicitudin bibendum. Quisque ullamcorper at lorem in bibendum. Phasellus erat sapien, iaculis in orci ac, tincidunt lacinia orci. Nunc euismod ligula lectus, eu euismod leo sollicitudin sit amet. Phasellus odio justo, pretium eget rhoncus sed, egestas eget felis. Phasellus cursus varius arcu, id bibendum enim convallis ac. Aliquam sagittis semper nulla ac molestie. Vestibulum varius gravida ornare.</p>\n<p>Aliquam posuere purus ac dolor eleifend fringilla. Fusce bibendum pretium facilisis. Etiam imperdiet ante vel convallis dignissim. Praesent vitae sapien a augue vehicula tincidunt. Quisque imperdiet sapien nec nibh tempus aliquet. Quisque sed tristique erat, sed faucibus ex. In fringilla elit et tortor pretium feugiat. Nullam ut posuere velit, nec volutpat sapien. Pellentesque congue pellentesque velit a egestas. Nullam libero elit, feugiat sollicitudin faucibus vel, vehicula eu turpis. Morbi mi diam, accumsan sed sapien vitae, auctor scelerisque nulla. Sed convallis velit non metus sollicitudin aliquam. Aenean fringilla leo et quam feugiat molestie. Curabitur gravida porttitor lorem.</p>\n<p>Nam ac molestie nunc. Nullam vel velit lacinia, auctor sapien vel, condimentum purus. Sed id vulputate tortor, quis pulvinar nunc. Nunc luctus sapien mi, id semper nisi ultricies vel. Proin laoreet, metus et rhoncus sagittis, neque nisl facilisis lorem, in feugiat arcu ex sit amet risus. Morbi et ante commodo, vehicula mi id, pulvinar ex. Integer tempus eros sit amet blandit dapibus. Nunc fringilla ac libero vitae viverra. Morbi mollis lorem non ex blandit, ut sollicitudin est faucibus.</p>\n</div>"
  },
  "pk": 3,
  "model": "pages.richtextpage"
},
{
  "fields": {
    "content": "<div id=\"lipsum\">\n<p>Lorem ipsum dolor sit amet, consectetur adipiscing elit. Morbi luctus eget erat efficitur porta. Donec a lorem urna. Morbi tincidunt ligula eget lectus condimentum, vitae consequat leo eleifend. Vivamus a porttitor felis. Curabitur suscipit, erat et varius egestas, odio ante pretium ante, a consectetur ligula urna non ante. Vivamus in libero convallis, tempus sem non, dignissim quam. Nam molestie diam nec leo dignissim, et iaculis erat aliquet. Praesent ullamcorper massa libero, non tempus eros commodo egestas. Nulla lorem elit, auctor id malesuada sit amet, semper in orci. Maecenas faucibus, risus vitae venenatis lacinia, erat mi venenatis augue, sit amet interdum dolor felis ut ante. Morbi a facilisis ante, in lobortis urna. Etiam ut nunc quis libero interdum aliquam eu at magna. Nunc vehicula risus eleifend molestie vulputate. Mauris diam odio, congue eget lorem id, finibus imperdiet sem.</p>\n<p>Vestibulum eget posuere metus, vel finibus leo. Suspendisse congue orci magna, in vestibulum lacus pulvinar a. Donec egestas, felis id feugiat tempus, orci velit ullamcorper risus, et ultricies augue arcu ullamcorper dolor. Mauris eget sollicitudin purus. Aenean a cursus risus, sit amet mattis erat. Curabitur vel venenatis sem. Cras non gravida tellus, eu egestas tellus. Morbi at lorem a turpis blandit vulputate vitae a est.</p>\n<p>Nam luctus vestibulum ultricies. Proin lobortis diam nec libero fringilla accumsan. Sed venenatis ante tortor, eu dapibus lectus finibus quis. Suspendisse faucibus felis nec consequat condimentum. Phasellus dui augue, sollicitudin euismod dolor non, hendrerit maximus sapien. Nullam porttitor hendrerit erat, eget commodo leo fermentum nec. Ut ex lacus, ullamcorper eu auctor eget, vehicula sed mauris. Aenean maximus ante eu eros sollicitudin bibendum. Quisque ullamcorper at lorem in bibendum. Phasellus erat sapien, iaculis in orci ac, tincidunt lacinia orci. Nunc euismod ligula lectus, eu euismod leo sollicitudin sit amet. Phasellus odio justo, pretium eget rhoncus sed, egestas eget felis. Phasellus cursus varius arcu, id bibendum enim convallis ac. Aliquam sagittis semper nulla ac molestie. Vestibulum varius gravida ornare.</p>\n<p>Aliquam posuere purus ac dolor eleifend fringilla. Fusce bibendum pretium facilisis. Etiam imperdiet ante vel convallis dignissim. Praesent vitae sapien a augue vehicula tincidunt. Quisque imperdiet sapien nec nibh tempus aliquet. Quisque sed tristique erat, sed faucibus ex. In fringilla elit et tortor pretium feugiat. Nullam ut posuere velit, nec volutpat sapien. Pellentesque congue pellentesque velit a egestas. Nullam libero elit, feugiat sollicitudin faucibus vel, vehicula eu turpis. Morbi mi diam, accumsan sed sapien vitae, auctor scelerisque nulla. Sed convallis velit non metus sollicitudin aliquam. Aenean fringilla leo et quam feugiat molestie. Curabitur gravida porttitor lorem.</p>\n<p>Nam ac molestie nunc. Nullam vel velit lacinia, auctor sapien vel, condimentum purus. Sed id vulputate tortor, quis pulvinar nunc. Nunc luctus sapien mi, id semper nisi ultricies vel. Proin laoreet, metus et rhoncus sagittis, neque nisl facilisis lorem, in feugiat arcu ex sit amet risus. Morbi et ante commodo, vehicula mi id, pulvinar ex. Integer tempus eros sit amet blandit dapibus. Nunc fringilla ac libero vitae viverra. Morbi mollis lorem non ex blandit, ut sollicitudin est faucibus.</p>\n</div>"
  },
  "pk": 7,
  "model": "pages.richtextpage"
},
{
  "fields": {
    "content": "<div id=\"lipsum\">\n<p>Lorem ipsum dolor sit amet, consectetur adipiscing elit. Morbi luctus eget erat efficitur porta. Donec a lorem urna. Morbi tincidunt ligula eget lectus condimentum, vitae consequat leo eleifend. Vivamus a porttitor felis. Curabitur suscipit, erat et varius egestas, odio ante pretium ante, a consectetur ligula urna non ante. Vivamus in libero convallis, tempus sem non, dignissim quam. Nam molestie diam nec leo dignissim, et iaculis erat aliquet. Praesent ullamcorper massa libero, non tempus eros commodo egestas. Nulla lorem elit, auctor id malesuada sit amet, semper in orci. Maecenas faucibus, risus vitae venenatis lacinia, erat mi venenatis augue, sit amet interdum dolor felis ut ante. Morbi a facilisis ante, in lobortis urna. Etiam ut nunc quis libero interdum aliquam eu at magna. Nunc vehicula risus eleifend molestie vulputate. Mauris diam odio, congue eget lorem id, finibus imperdiet sem.</p>\n<p>Vestibulum eget posuere metus, vel finibus leo. Suspendisse congue orci magna, in vestibulum lacus pulvinar a. Donec egestas, felis id feugiat tempus, orci velit ullamcorper risus, et ultricies augue arcu ullamcorper dolor. Mauris eget sollicitudin purus. Aenean a cursus risus, sit amet mattis erat. Curabitur vel venenatis sem. Cras non gravida tellus, eu egestas tellus. Morbi at lorem a turpis blandit vulputate vitae a est.</p>\n<p>Nam luctus vestibulum ultricies. Proin lobortis diam nec libero fringilla accumsan. Sed venenatis ante tortor, eu dapibus lectus finibus quis. Suspendisse faucibus felis nec consequat condimentum. Phasellus dui augue, sollicitudin euismod dolor non, hendrerit maximus sapien. Nullam porttitor hendrerit erat, eget commodo leo fermentum nec. Ut ex lacus, ullamcorper eu auctor eget, vehicula sed mauris. Aenean maximus ante eu eros sollicitudin bibendum. Quisque ullamcorper at lorem in bibendum. Phasellus erat sapien, iaculis in orci ac, tincidunt lacinia orci. Nunc euismod ligula lectus, eu euismod leo sollicitudin sit amet. Phasellus odio justo, pretium eget rhoncus sed, egestas eget felis. Phasellus cursus varius arcu, id bibendum enim convallis ac. Aliquam sagittis semper nulla ac molestie. Vestibulum varius gravida ornare.</p>\n<p>Aliquam posuere purus ac dolor eleifend fringilla. Fusce bibendum pretium facilisis. Etiam imperdiet ante vel convallis dignissim. Praesent vitae sapien a augue vehicula tincidunt. Quisque imperdiet sapien nec nibh tempus aliquet. Quisque sed tristique erat, sed faucibus ex. In fringilla elit et tortor pretium feugiat. Nullam ut posuere velit, nec volutpat sapien. Pellentesque congue pellentesque velit a egestas. Nullam libero elit, feugiat sollicitudin faucibus vel, vehicula eu turpis. Morbi mi diam, accumsan sed sapien vitae, auctor scelerisque nulla. Sed convallis velit non metus sollicitudin aliquam. Aenean fringilla leo et quam feugiat molestie. Curabitur gravida porttitor lorem.</p>\n<p>Nam ac molestie nunc. Nullam vel velit lacinia, auctor sapien vel, condimentum purus. Sed id vulputate tortor, quis pulvinar nunc. Nunc luctus sapien mi, id semper nisi ultricies vel. Proin laoreet, metus et rhoncus sagittis, neque nisl facilisis lorem, in feugiat arcu ex sit amet risus. Morbi et ante commodo, vehicula mi id, pulvinar ex. Integer tempus eros sit amet blandit dapibus. Nunc fringilla ac libero vitae viverra. Morbi mollis lorem non ex blandit, ut sollicitudin est faucibus.</p>\n</div>"
  },
  "pk": 10,
  "model": "pages.richtextpage"
},
{
  "fields": {
    "content": "<div id=\"lipsum\">\n<p>Lorem ipsum dolor sit amet, consectetur adipiscing elit. Morbi luctus eget erat efficitur porta. Donec a lorem urna. Morbi tincidunt ligula eget lectus condimentum, vitae consequat leo eleifend. Vivamus a porttitor felis. Curabitur suscipit, erat et varius egestas, odio ante pretium ante, a consectetur ligula urna non ante. Vivamus in libero convallis, tempus sem non, dignissim quam. Nam molestie diam nec leo dignissim, et iaculis erat aliquet. Praesent ullamcorper massa libero, non tempus eros commodo egestas. Nulla lorem elit, auctor id malesuada sit amet, semper in orci. Maecenas faucibus, risus vitae venenatis lacinia, erat mi venenatis augue, sit amet interdum dolor felis ut ante. Morbi a facilisis ante, in lobortis urna. Etiam ut nunc quis libero interdum aliquam eu at magna. Nunc vehicula risus eleifend molestie vulputate. Mauris diam odio, congue eget lorem id, finibus imperdiet sem.</p>\n<p>Vestibulum eget posuere metus, vel finibus leo. Suspendisse congue orci magna, in vestibulum lacus pulvinar a. Donec egestas, felis id feugiat tempus, orci velit ullamcorper risus, et ultricies augue arcu ullamcorper dolor. Mauris eget sollicitudin purus. Aenean a cursus risus, sit amet mattis erat. Curabitur vel venenatis sem. Cras non gravida tellus, eu egestas tellus. Morbi at lorem a turpis blandit vulputate vitae a est.</p>\n<p>Nam luctus vestibulum ultricies. Proin lobortis diam nec libero fringilla accumsan. Sed venenatis ante tortor, eu dapibus lectus finibus quis. Suspendisse faucibus felis nec consequat condimentum. Phasellus dui augue, sollicitudin euismod dolor non, hendrerit maximus sapien. Nullam porttitor hendrerit erat, eget commodo leo fermentum nec. Ut ex lacus, ullamcorper eu auctor eget, vehicula sed mauris. Aenean maximus ante eu eros sollicitudin bibendum. Quisque ullamcorper at lorem in bibendum. Phasellus erat sapien, iaculis in orci ac, tincidunt lacinia orci. Nunc euismod ligula lectus, eu euismod leo sollicitudin sit amet. Phasellus odio justo, pretium eget rhoncus sed, egestas eget felis. Phasellus cursus varius arcu, id bibendum enim convallis ac. Aliquam sagittis semper nulla ac molestie. Vestibulum varius gravida ornare.</p>\n<p>Aliquam posuere purus ac dolor eleifend fringilla. Fusce bibendum pretium facilisis. Etiam imperdiet ante vel convallis dignissim. Praesent vitae sapien a augue vehicula tincidunt. Quisque imperdiet sapien nec nibh tempus aliquet. Quisque sed tristique erat, sed faucibus ex. In fringilla elit et tortor pretium feugiat. Nullam ut posuere velit, nec volutpat sapien. Pellentesque congue pellentesque velit a egestas. Nullam libero elit, feugiat sollicitudin faucibus vel, vehicula eu turpis. Morbi mi diam, accumsan sed sapien vitae, auctor scelerisque nulla. Sed convallis velit non metus sollicitudin aliquam. Aenean fringilla leo et quam feugiat molestie. Curabitur gravida porttitor lorem.</p>\n<p>Nam ac molestie nunc. Nullam vel velit lacinia, auctor sapien vel, condimentum purus. Sed id vulputate tortor, quis pulvinar nunc. Nunc luctus sapien mi, id semper nisi ultricies vel. Proin laoreet, metus et rhoncus sagittis, neque nisl facilisis lorem, in feugiat arcu ex sit amet risus. Morbi et ante commodo, vehicula mi id, pulvinar ex. Integer tempus eros sit amet blandit dapibus. Nunc fringilla ac libero vitae viverra. Morbi mollis lorem non ex blandit, ut sollicitudin est faucibus.</p>\n</div>"
  },
  "pk": 11,
  "model": "pages.richtextpage"
},
{
  "fields": {
    "content": "<div id=\"lipsum\">\n<p>Lorem ipsum dolor sit amet, consectetur adipiscing elit. Morbi luctus eget erat efficitur porta. Donec a lorem urna. Morbi tincidunt ligula eget lectus condimentum, vitae consequat leo eleifend. Vivamus a porttitor felis. Curabitur suscipit, erat et varius egestas, odio ante pretium ante, a consectetur ligula urna non ante. Vivamus in libero convallis, tempus sem non, dignissim quam. Nam molestie diam nec leo dignissim, et iaculis erat aliquet. Praesent ullamcorper massa libero, non tempus eros commodo egestas. Nulla lorem elit, auctor id malesuada sit amet, semper in orci. Maecenas faucibus, risus vitae venenatis lacinia, erat mi venenatis augue, sit amet interdum dolor felis ut ante. Morbi a facilisis ante, in lobortis urna. Etiam ut nunc quis libero interdum aliquam eu at magna. Nunc vehicula risus eleifend molestie vulputate. Mauris diam odio, congue eget lorem id, finibus imperdiet sem.</p>\n<p>Vestibulum eget posuere metus, vel finibus leo. Suspendisse congue orci magna, in vestibulum lacus pulvinar a. Donec egestas, felis id feugiat tempus, orci velit ullamcorper risus, et ultricies augue arcu ullamcorper dolor. Mauris eget sollicitudin purus. Aenean a cursus risus, sit amet mattis erat. Curabitur vel venenatis sem. Cras non gravida tellus, eu egestas tellus. Morbi at lorem a turpis blandit vulputate vitae a est.</p>\n<p>Nam luctus vestibulum ultricies. Proin lobortis diam nec libero fringilla accumsan. Sed venenatis ante tortor, eu dapibus lectus finibus quis. Suspendisse faucibus felis nec consequat condimentum. Phasellus dui augue, sollicitudin euismod dolor non, hendrerit maximus sapien. Nullam porttitor hendrerit erat, eget commodo leo fermentum nec. Ut ex lacus, ullamcorper eu auctor eget, vehicula sed mauris. Aenean maximus ante eu eros sollicitudin bibendum. Quisque ullamcorper at lorem in bibendum. Phasellus erat sapien, iaculis in orci ac, tincidunt lacinia orci. Nunc euismod ligula lectus, eu euismod leo sollicitudin sit amet. Phasellus odio justo, pretium eget rhoncus sed, egestas eget felis. Phasellus cursus varius arcu, id bibendum enim convallis ac. Aliquam sagittis semper nulla ac molestie. Vestibulum varius gravida ornare.</p>\n<p>Aliquam posuere purus ac dolor eleifend fringilla. Fusce bibendum pretium facilisis. Etiam imperdiet ante vel convallis dignissim. Praesent vitae sapien a augue vehicula tincidunt. Quisque imperdiet sapien nec nibh tempus aliquet. Quisque sed tristique erat, sed faucibus ex. In fringilla elit et tortor pretium feugiat. Nullam ut posuere velit, nec volutpat sapien. Pellentesque congue pellentesque velit a egestas. Nullam libero elit, feugiat sollicitudin faucibus vel, vehicula eu turpis. Morbi mi diam, accumsan sed sapien vitae, auctor scelerisque nulla. Sed convallis velit non metus sollicitudin aliquam. Aenean fringilla leo et quam feugiat molestie. Curabitur gravida porttitor lorem.</p>\n<p>Nam ac molestie nunc. Nullam vel velit lacinia, auctor sapien vel, condimentum purus. Sed id vulputate tortor, quis pulvinar nunc. Nunc luctus sapien mi, id semper nisi ultricies vel. Proin laoreet, metus et rhoncus sagittis, neque nisl facilisis lorem, in feugiat arcu ex sit amet risus. Morbi et ante commodo, vehicula mi id, pulvinar ex. Integer tempus eros sit amet blandit dapibus. Nunc fringilla ac libero vitae viverra. Morbi mollis lorem non ex blandit, ut sollicitudin est faucibus.</p>\n</div>"
  },
  "pk": 8,
  "model": "pages.richtextpage"
},
{
  "fields": {
    "content": "<div id=\"lipsum\">\n<p>Lorem ipsum dolor sit amet, consectetur adipiscing elit. Morbi luctus eget erat efficitur porta. Donec a lorem urna. Morbi tincidunt ligula eget lectus condimentum, vitae consequat leo eleifend. Vivamus a porttitor felis. Curabitur suscipit, erat et varius egestas, odio ante pretium ante, a consectetur ligula urna non ante. Vivamus in libero convallis, tempus sem non, dignissim quam. Nam molestie diam nec leo dignissim, et iaculis erat aliquet. Praesent ullamcorper massa libero, non tempus eros commodo egestas. Nulla lorem elit, auctor id malesuada sit amet, semper in orci. Maecenas faucibus, risus vitae venenatis lacinia, erat mi venenatis augue, sit amet interdum dolor felis ut ante. Morbi a facilisis ante, in lobortis urna. Etiam ut nunc quis libero interdum aliquam eu at magna. Nunc vehicula risus eleifend molestie vulputate. Mauris diam odio, congue eget lorem id, finibus imperdiet sem.</p>\n<p>Vestibulum eget posuere metus, vel finibus leo. Suspendisse congue orci magna, in vestibulum lacus pulvinar a. Donec egestas, felis id feugiat tempus, orci velit ullamcorper risus, et ultricies augue arcu ullamcorper dolor. Mauris eget sollicitudin purus. Aenean a cursus risus, sit amet mattis erat. Curabitur vel venenatis sem. Cras non gravida tellus, eu egestas tellus. Morbi at lorem a turpis blandit vulputate vitae a est.</p>\n<p>Nam luctus vestibulum ultricies. Proin lobortis diam nec libero fringilla accumsan. Sed venenatis ante tortor, eu dapibus lectus finibus quis. Suspendisse faucibus felis nec consequat condimentum. Phasellus dui augue, sollicitudin euismod dolor non, hendrerit maximus sapien. Nullam porttitor hendrerit erat, eget commodo leo fermentum nec. Ut ex lacus, ullamcorper eu auctor eget, vehicula sed mauris. Aenean maximus ante eu eros sollicitudin bibendum. Quisque ullamcorper at lorem in bibendum. Phasellus erat sapien, iaculis in orci ac, tincidunt lacinia orci. Nunc euismod ligula lectus, eu euismod leo sollicitudin sit amet. Phasellus odio justo, pretium eget rhoncus sed, egestas eget felis. Phasellus cursus varius arcu, id bibendum enim convallis ac. Aliquam sagittis semper nulla ac molestie. Vestibulum varius gravida ornare.</p>\n<p>Aliquam posuere purus ac dolor eleifend fringilla. Fusce bibendum pretium facilisis. Etiam imperdiet ante vel convallis dignissim. Praesent vitae sapien a augue vehicula tincidunt. Quisque imperdiet sapien nec nibh tempus aliquet. Quisque sed tristique erat, sed faucibus ex. In fringilla elit et tortor pretium feugiat. Nullam ut posuere velit, nec volutpat sapien. Pellentesque congue pellentesque velit a egestas. Nullam libero elit, feugiat sollicitudin faucibus vel, vehicula eu turpis. Morbi mi diam, accumsan sed sapien vitae, auctor scelerisque nulla. Sed convallis velit non metus sollicitudin aliquam. Aenean fringilla leo et quam feugiat molestie. Curabitur gravida porttitor lorem.</p>\n<p>Nam ac molestie nunc. Nullam vel velit lacinia, auctor sapien vel, condimentum purus. Sed id vulputate tortor, quis pulvinar nunc. Nunc luctus sapien mi, id semper nisi ultricies vel. Proin laoreet, metus et rhoncus sagittis, neque nisl facilisis lorem, in feugiat arcu ex sit amet risus. Morbi et ante commodo, vehicula mi id, pulvinar ex. Integer tempus eros sit amet blandit dapibus. Nunc fringilla ac libero vitae viverra. Morbi mollis lorem non ex blandit, ut sollicitudin est faucibus.</p>\n</div>"
  },
  "pk": 9,
  "model": "pages.richtextpage"
},
{
  "fields": {
    "content": "<div id=\"lipsum\">\n<p>Lorem ipsum dolor sit amet, consectetur adipiscing elit. Morbi luctus eget erat efficitur porta. Donec a lorem urna. Morbi tincidunt ligula eget lectus condimentum, vitae consequat leo eleifend. Vivamus a porttitor felis. Curabitur suscipit, erat et varius egestas, odio ante pretium ante, a consectetur ligula urna non ante. Vivamus in libero convallis, tempus sem non, dignissim quam. Nam molestie diam nec leo dignissim, et iaculis erat aliquet. Praesent ullamcorper massa libero, non tempus eros commodo egestas. Nulla lorem elit, auctor id malesuada sit amet, semper in orci. Maecenas faucibus, risus vitae venenatis lacinia, erat mi venenatis augue, sit amet interdum dolor felis ut ante. Morbi a facilisis ante, in lobortis urna. Etiam ut nunc quis libero interdum aliquam eu at magna. Nunc vehicula risus eleifend molestie vulputate. Mauris diam odio, congue eget lorem id, finibus imperdiet sem.</p>\n<p><iframe height=\"315\" src=\"http://www.youtube.com/embed/J3_b4Ec_zEE\" width=\"560\"></iframe></p>\n<p>Vestibulum eget posuere metus, vel finibus leo. Suspendisse congue orci magna, in vestibulum lacus pulvinar a. Donec egestas, felis id feugiat tempus, orci velit ullamcorper risus, et ultricies augue arcu ullamcorper dolor. Mauris eget sollicitudin purus. Aenean a cursus risus, sit amet mattis erat. Curabitur vel venenatis sem. Cras non gravida tellus, eu egestas tellus. Morbi at lorem a turpis blandit vulputate vitae a est.</p>\n<p>Nam luctus vestibulum ultricies. Proin lobortis diam nec libero fringilla accumsan. Sed venenatis ante tortor, eu dapibus lectus finibus quis. Suspendisse faucibus felis nec consequat condimentum. Phasellus dui augue, sollicitudin euismod dolor non, hendrerit maximus sapien. Nullam porttitor hendrerit erat, eget commodo leo fermentum nec. Ut ex lacus, ullamcorper eu auctor eget, vehicula sed mauris. Aenean maximus ante eu eros sollicitudin bibendum. Quisque ullamcorper at lorem in bibendum. Phasellus erat sapien, iaculis in orci ac, tincidunt lacinia orci. Nunc euismod ligula lectus, eu euismod leo sollicitudin sit amet. Phasellus odio justo, pretium eget rhoncus sed, egestas eget felis. Phasellus cursus varius arcu, id bibendum enim convallis ac. Aliquam sagittis semper nulla ac molestie. Vestibulum varius gravida ornare.</p>\n<p>Aliquam posuere purus ac dolor eleifend fringilla. Fusce bibendum pretium facilisis. Etiam imperdiet ante vel convallis dignissim. Praesent vitae sapien a augue vehicula tincidunt. Quisque imperdiet sapien nec nibh tempus aliquet. Quisque sed tristique erat, sed faucibus ex. In fringilla elit et tortor pretium feugiat. Nullam ut posuere velit, nec volutpat sapien. Pellentesque congue pellentesque velit a egestas. Nullam libero elit, feugiat sollicitudin faucibus vel, vehicula eu turpis. Morbi mi diam, accumsan sed sapien vitae, auctor scelerisque nulla. Sed convallis velit non metus sollicitudin aliquam. Aenean fringilla leo et quam feugiat molestie. Curabitur gravida porttitor lorem.</p>\n<p>Nam ac molestie nunc. Nullam vel velit lacinia, auctor sapien vel, condimentum purus. Sed id vulputate tortor, quis pulvinar nunc. Nunc luctus sapien mi, id semper nisi ultricies vel. Proin laoreet, metus et rhoncus sagittis, neque nisl facilisis lorem, in feugiat arcu ex sit amet risus. Morbi et ante commodo, vehicula mi id, pulvinar ex. Integer tempus eros sit amet blandit dapibus. Nunc fringilla ac libero vitae viverra. Morbi mollis lorem non ex blandit, ut sollicitudin est faucibus.</p>\n</div>"
  },
  "pk": 2,
  "model": "pages.richtextpage"
},
{
  "fields": {
    "content": "<div id=\"lipsum\">\n<p>Lorem ipsum dolor sit amet, consectetur adipiscing elit. Morbi luctus eget erat efficitur porta. Donec a lorem urna. Morbi tincidunt ligula eget lectus condimentum, vitae consequat leo eleifend. Vivamus a porttitor felis. Curabitur suscipit, erat et varius egestas, odio ante pretium ante, a consectetur ligula urna non ante. Vivamus in libero convallis, tempus sem non, dignissim quam. Nam molestie diam nec leo dignissim, et iaculis erat aliquet. Praesent ullamcorper massa libero, non tempus eros commodo egestas. Nulla lorem elit, auctor id malesuada sit amet, semper in orci. Maecenas faucibus, risus vitae venenatis lacinia, erat mi venenatis augue, sit amet interdum dolor felis ut ante. Morbi a facilisis ante, in lobortis urna. Etiam ut nunc quis libero interdum aliquam eu at magna. Nunc vehicula risus eleifend molestie vulputate. Mauris diam odio, congue eget lorem id, finibus imperdiet sem.</p>\n<p>Vestibulum eget posuere metus, vel finibus leo. Suspendisse congue orci magna, in vestibulum lacus pulvinar a. Donec egestas, felis id feugiat tempus, orci velit ullamcorper risus, et ultricies augue arcu ullamcorper dolor. Mauris eget sollicitudin purus. Aenean a cursus risus, sit amet mattis erat. Curabitur vel venenatis sem. Cras non gravida tellus, eu egestas tellus. Morbi at lorem a turpis blandit vulputate vitae a est.</p>\n<p>Nam luctus vestibulum ultricies. Proin lobortis diam nec libero fringilla accumsan. Sed venenatis ante tortor, eu dapibus lectus finibus quis. Suspendisse faucibus felis nec consequat condimentum. Phasellus dui augue, sollicitudin euismod dolor non, hendrerit maximus sapien. Nullam porttitor hendrerit erat, eget commodo leo fermentum nec. Ut ex lacus, ullamcorper eu auctor eget, vehicula sed mauris. Aenean maximus ante eu eros sollicitudin bibendum. Quisque ullamcorper at lorem in bibendum. Phasellus erat sapien, iaculis in orci ac, tincidunt lacinia orci. Nunc euismod ligula lectus, eu euismod leo sollicitudin sit amet. Phasellus odio justo, pretium eget rhoncus sed, egestas eget felis. Phasellus cursus varius arcu, id bibendum enim convallis ac. Aliquam sagittis semper nulla ac molestie. Vestibulum varius gravida ornare.</p>\n<p>Aliquam posuere purus ac dolor eleifend fringilla. Fusce bibendum pretium facilisis. Etiam imperdiet ante vel convallis dignissim. Praesent vitae sapien a augue vehicula tincidunt. Quisque imperdiet sapien nec nibh tempus aliquet. Quisque sed tristique erat, sed faucibus ex. In fringilla elit et tortor pretium feugiat. Nullam ut posuere velit, nec volutpat sapien. Pellentesque congue pellentesque velit a egestas. Nullam libero elit, feugiat sollicitudin faucibus vel, vehicula eu turpis. Morbi mi diam, accumsan sed sapien vitae, auctor scelerisque nulla. Sed convallis velit non metus sollicitudin aliquam. Aenean fringilla leo et quam feugiat molestie. Curabitur gravida porttitor lorem.</p>\n<p>Nam ac molestie nunc. Nullam vel velit lacinia, auctor sapien vel, condimentum purus. Sed id vulputate tortor, quis pulvinar nunc. Nunc luctus sapien mi, id semper nisi ultricies vel. Proin laoreet, metus et rhoncus sagittis, neque nisl facilisis lorem, in feugiat arcu ex sit amet risus. Morbi et ante commodo, vehicula mi id, pulvinar ex. Integer tempus eros sit amet blandit dapibus. Nunc fringilla ac libero vitae viverra. Morbi mollis lorem non ex blandit, ut sollicitudin est faucibus.</p>\n</div>"
  },
  "pk": 6,
  "model": "pages.richtextpage"
},
{
  "fields": {},
  "pk": 19,
  "model": "pages.link"
},
{
  "fields": {},
  "pk": 20,
  "model": "pages.link"
},
{
  "fields": {},
  "pk": 16,
  "model": "pages.link"
},
{
  "fields": {
    "name": "JD Landelijk",
    "domain": "jd.local:8000"
  },
  "pk": 1,
  "model": "sites.site"
},
{
  "fields": {
    "name": "JD Amsterdam",
    "domain": "ams.jd.local:8000"
  },
  "pk": 2,
  "model": "sites.site"
},
{
  "fields": {
    "name": "JD Leiden-Haaglanden",
    "domain": "lh.jd.local:8000"
  },
  "pk": 3,
  "model": "sites.site"
},
{
  "fields": {
    "title": "JD Blog",
    "slug": "jd-blog",
    "site": 1
  },
  "pk": 1,
  "model": "blog.blogcategory"
},
{
  "fields": {
    "title": "Nieuws",
    "slug": "nieuws",
    "site": 1
  },
  "pk": 2,
  "model": "blog.blogcategory"
},
{
  "fields": {
    "title": "Weblog",
    "slug": "weblog",
    "site": 3
  },
  "pk": 3,
  "model": "blog.blogcategory"
},
{
  "fields": {
    "title": "Nieuws",
    "slug": "nieuws",
    "site": 3
  },
  "pk": 4,
  "model": "blog.blogcategory"
},
{
  "fields": {
    "title": "Politiek",
    "slug": "politiek",
    "site": 1
  },
  "pk": 5,
  "model": "blog.blogcategory"
},
{
  "fields": {
    "title": "Mededelingen",
    "slug": "mededelingen",
    "site": 1
  },
  "pk": 6,
  "model": "blog.blogcategory"
},
{
  "fields": {
    "permissions": [
      [
        "add_blogpost",
        "blog",
        "blogpost"
      ],
      [
        "change_blogpost",
        "blog",
        "blogpost"
      ],
      [
        "delete_blogpost",
        "blog",
        "blogpost"
      ],
      [
        "add_field",
        "forms",
        "field"
      ],
      [
        "change_field",
        "forms",
        "field"
      ],
      [
        "delete_field",
        "forms",
        "field"
      ],
      [
        "add_fieldentry",
        "forms",
        "fieldentry"
      ],
      [
        "change_fieldentry",
        "forms",
        "fieldentry"
      ],
      [
        "delete_fieldentry",
        "forms",
        "fieldentry"
      ],
      [
        "add_form",
        "forms",
        "form"
      ],
      [
        "change_form",
        "forms",
        "form"
      ],
      [
        "delete_form",
        "forms",
        "form"
      ],
      [
        "add_formentry",
        "forms",
        "formentry"
      ],
      [
        "change_formentry",
        "forms",
        "formentry"
      ],
      [
        "delete_formentry",
        "forms",
        "formentry"
      ],
      [
        "add_newsletter",
        "hemres",
        "newsletter"
      ],
      [
        "change_newsletter",
        "hemres",
        "newsletter"
      ],
      [
        "add_blogcategorypage",
        "jdpages",
        "blogcategorypage"
      ],
      [
        "change_blogcategorypage",
        "jdpages",
        "blogcategorypage"
      ],
      [
        "delete_blogcategorypage",
        "jdpages",
        "blogcategorypage"
      ],
      [
        "add_columnelementwidget",
        "jdpages",
        "columnelementwidget"
      ],
      [
        "change_columnelementwidget",
        "jdpages",
        "columnelementwidget"
      ],
      [
        "delete_columnelementwidget",
        "jdpages",
        "columnelementwidget"
      ],
      [
        "add_document",
        "jdpages",
        "document"
      ],
      [
        "change_document",
        "jdpages",
        "document"
      ],
      [
        "delete_document",
        "jdpages",
        "document"
      ],
      [
        "add_documentlisting",
        "jdpages",
        "documentlisting"
      ],
      [
        "change_documentlisting",
        "jdpages",
        "documentlisting"
      ],
      [
        "delete_documentlisting",
        "jdpages",
        "documentlisting"
      ],
      [
        "change_homepage",
        "jdpages",
        "homepage"
      ],
      [
        "change_sidebar",
        "jdpages",
        "sidebar"
      ],
      [
        "add_sidebarblogcategorywidget",
        "jdpages",
        "sidebarblogcategorywidget"
      ],
      [
        "change_sidebarblogcategorywidget",
        "jdpages",
        "sidebarblogcategorywidget"
      ],
      [
        "delete_sidebarblogcategorywidget",
        "jdpages",
        "sidebarblogcategorywidget"
      ],
      [
        "change_sidebartwitterwidget",
        "jdpages",
        "sidebartwitterwidget"
      ],
      [
        "add_socialmediabutton",
        "jdpages",
        "socialmediabutton"
      ],
      [
        "change_socialmediabutton",
        "jdpages",
        "socialmediabutton"
      ],
      [
        "delete_socialmediabutton",
        "jdpages",
        "socialmediabutton"
      ],
      [
        "add_link",
        "pages",
        "link"
      ],
      [
        "change_link",
        "pages",
        "link"
      ],
      [
        "delete_link",
        "pages",
        "link"
      ],
      [
        "add_page",
        "pages",
        "page"
      ],
      [
        "change_page",
        "pages",
        "page"
      ],
      [
        "delete_page",
        "pages",
        "page"
      ],
      [
        "add_richtextpage",
        "pages",
        "richtextpage"
      ],
      [
        "change_richtextpage",
        "pages",
        "richtextpage"
      ],
      [
        "delete_richtextpage",
        "pages",
        "richtextpage"
      ]
    ],
    "name": "Content Manager"
  },
  "pk": 1,
  "model": "auth.group"
},
{
  "fields": {
    "permissions": [
      [
        "add_blogpost",
        "blog",
        "blogpost"
      ]
    ],
    "name": "Publisher"
  },
  "pk": 2,
  "model": "auth.group"
},
{
  "fields": {
    "permissions": [
      [
        "add_logentry",
        "admin",
        "logentry"
      ],
      [
        "change_logentry",
        "admin",
        "logentry"
      ],
      [
        "delete_logentry",
        "admin",
        "logentry"
      ],
      [
        "add_group",
        "auth",
        "group"
      ],
      [
        "change_group",
        "auth",
        "group"
      ],
      [
        "delete_group",
        "auth",
        "group"
      ],
      [
        "add_permission",
        "auth",
        "permission"
      ],
      [
        "change_permission",
        "auth",
        "permission"
      ],
      [
        "delete_permission",
        "auth",
        "permission"
      ],
      [
        "add_user",
        "auth",
        "user"
      ],
      [
        "change_user",
        "auth",
        "user"
      ],
      [
        "delete_user",
        "auth",
        "user"
      ],
      [
        "add_blogcategory",
        "blog",
        "blogcategory"
      ],
      [
        "change_blogcategory",
        "blog",
        "blogcategory"
      ],
      [
        "delete_blogcategory",
        "blog",
        "blogcategory"
      ],
      [
        "add_blogpost",
        "blog",
        "blogpost"
      ],
      [
        "change_blogpost",
        "blog",
        "blogpost"
      ],
      [
        "delete_blogpost",
        "blog",
        "blogpost"
      ],
      [
        "add_captchastore",
        "captcha",
        "captchastore"
      ],
      [
        "change_captchastore",
        "captcha",
        "captchastore"
      ],
      [
        "delete_captchastore",
        "captcha",
        "captchastore"
      ],
      [
        "add_comment",
        "comments",
        "comment"
      ],
      [
        "can_moderate",
        "comments",
        "comment"
      ],
      [
        "change_comment",
        "comments",
        "comment"
      ],
      [
        "delete_comment",
        "comments",
        "comment"
      ],
      [
        "add_commentflag",
        "comments",
        "commentflag"
      ],
      [
        "change_commentflag",
        "comments",
        "commentflag"
      ],
      [
        "delete_commentflag",
        "comments",
        "commentflag"
      ],
      [
        "add_setting",
        "conf",
        "setting"
      ],
      [
        "change_setting",
        "conf",
        "setting"
      ],
      [
        "delete_setting",
        "conf",
        "setting"
      ],
      [
        "add_contenttype",
        "contenttypes",
        "contenttype"
      ],
      [
        "change_contenttype",
        "contenttypes",
        "contenttype"
      ],
      [
        "delete_contenttype",
        "contenttypes",
        "contenttype"
      ],
      [
        "add_sitepermission",
        "core",
        "sitepermission"
      ],
      [
        "change_sitepermission",
        "core",
        "sitepermission"
      ],
      [
        "delete_sitepermission",
        "core",
        "sitepermission"
      ],
      [
        "add_field",
        "forms",
        "field"
      ],
      [
        "change_field",
        "forms",
        "field"
      ],
      [
        "delete_field",
        "forms",
        "field"
      ],
      [
        "add_fieldentry",
        "forms",
        "fieldentry"
      ],
      [
        "change_fieldentry",
        "forms",
        "fieldentry"
      ],
      [
        "delete_fieldentry",
        "forms",
        "fieldentry"
      ],
      [
        "add_form",
        "forms",
        "form"
      ],
      [
        "change_form",
        "forms",
        "form"
      ],
      [
        "delete_form",
        "forms",
        "form"
      ],
      [
        "add_formentry",
        "forms",
        "formentry"
      ],
      [
        "change_formentry",
        "forms",
        "formentry"
      ],
      [
        "delete_formentry",
        "forms",
        "formentry"
      ],
      [
        "add_gallery",
        "galleries",
        "gallery"
      ],
      [
        "change_gallery",
        "galleries",
        "gallery"
      ],
      [
        "delete_gallery",
        "galleries",
        "gallery"
      ],
      [
        "add_galleryimage",
        "galleries",
        "galleryimage"
      ],
      [
        "change_galleryimage",
        "galleries",
        "galleryimage"
      ],
      [
        "delete_galleryimage",
        "galleries",
        "galleryimage"
      ],
      [
        "add_assignedkeyword",
        "generic",
        "assignedkeyword"
      ],
      [
        "change_assignedkeyword",
        "generic",
        "assignedkeyword"
      ],
      [
        "delete_assignedkeyword",
        "generic",
        "assignedkeyword"
      ],
      [
        "add_keyword",
        "generic",
        "keyword"
      ],
      [
        "change_keyword",
        "generic",
        "keyword"
      ],
      [
        "delete_keyword",
        "generic",
        "keyword"
      ],
      [
        "add_rating",
        "generic",
        "rating"
      ],
      [
        "change_rating",
        "generic",
        "rating"
      ],
      [
        "delete_rating",
        "generic",
        "rating"
      ],
      [
        "add_threadedcomment",
        "generic",
        "threadedcomment"
      ],
      [
        "change_threadedcomment",
        "generic",
        "threadedcomment"
      ],
      [
        "delete_threadedcomment",
        "generic",
        "threadedcomment"
      ],
      [
        "add_janeusrole",
        "janeus",
        "janeusrole"
      ],
      [
        "change_janeusrole",
        "janeus",
        "janeusrole"
      ],
      [
        "delete_janeusrole",
        "janeus",
        "janeusrole"
      ],
      [
        "add_janeususer",
        "janeus",
        "janeususer"
      ],
      [
        "change_janeususer",
        "janeus",
        "janeususer"
      ],
      [
        "delete_janeususer",
        "janeus",
        "janeususer"
      ],
      [
        "add_blogcategorypage",
        "jdpages",
        "blogcategorypage"
      ],
      [
        "change_blogcategorypage",
        "jdpages",
        "blogcategorypage"
      ],
      [
        "delete_blogcategorypage",
        "jdpages",
        "blogcategorypage"
      ],
      [
        "add_columnelement",
        "jdpages",
        "columnelement"
      ],
      [
        "change_columnelement",
        "jdpages",
        "columnelement"
      ],
      [
        "delete_columnelement",
        "jdpages",
        "columnelement"
      ],
      [
        "add_columnelementwidget",
        "jdpages",
        "columnelementwidget"
      ],
      [
        "change_columnelementwidget",
        "jdpages",
        "columnelementwidget"
      ],
      [
        "delete_columnelementwidget",
        "jdpages",
        "columnelementwidget"
      ],
      [
        "add_document",
        "jdpages",
        "document"
      ],
      [
        "change_document",
        "jdpages",
        "document"
      ],
      [
        "delete_document",
        "jdpages",
        "document"
      ],
      [
        "add_documentlisting",
        "jdpages",
        "documentlisting"
      ],
      [
        "change_documentlisting",
        "jdpages",
        "documentlisting"
      ],
      [
        "delete_documentlisting",
        "jdpages",
        "documentlisting"
      ],
      [
        "add_homepage",
        "jdpages",
        "homepage"
      ],
      [
        "change_homepage",
        "jdpages",
        "homepage"
      ],
      [
        "delete_homepage",
        "jdpages",
        "homepage"
      ],
      [
        "add_sidebar",
        "jdpages",
        "sidebar"
      ],
      [
        "change_sidebar",
        "jdpages",
        "sidebar"
      ],
      [
        "delete_sidebar",
        "jdpages",
        "sidebar"
      ],
      [
        "add_sidebarbannerwidget",
        "jdpages",
        "sidebarbannerwidget"
      ],
      [
        "change_sidebarbannerwidget",
        "jdpages",
        "sidebarbannerwidget"
      ],
      [
        "delete_sidebarbannerwidget",
        "jdpages",
        "sidebarbannerwidget"
      ],
      [
        "add_sidebarblogcategorywidget",
        "jdpages",
        "sidebarblogcategorywidget"
      ],
      [
        "change_sidebarblogcategorywidget",
        "jdpages",
        "sidebarblogcategorywidget"
      ],
      [
        "delete_sidebarblogcategorywidget",
        "jdpages",
        "sidebarblogcategorywidget"
      ],
      [
        "add_sidebartwitterwidget",
        "jdpages",
        "sidebartwitterwidget"
      ],
      [
        "change_sidebartwitterwidget",
        "jdpages",
        "sidebartwitterwidget"
      ],
      [
        "delete_sidebartwitterwidget",
        "jdpages",
        "sidebartwitterwidget"
      ],
      [
        "add_socialmediabutton",
        "jdpages",
        "socialmediabutton"
      ],
      [
        "change_socialmediabutton",
        "jdpages",
        "socialmediabutton"
      ],
      [
        "delete_socialmediabutton",
        "jdpages",
        "socialmediabutton"
      ],
      [
        "add_link",
        "pages",
        "link"
      ],
      [
        "change_link",
        "pages",
        "link"
      ],
      [
        "delete_link",
        "pages",
        "link"
      ],
      [
        "add_page",
        "pages",
        "page"
      ],
      [
        "change_page",
        "pages",
        "page"
      ],
      [
        "delete_page",
        "pages",
        "page"
      ],
      [
        "add_richtextpage",
        "pages",
        "richtextpage"
      ],
      [
        "change_richtextpage",
        "pages",
        "richtextpage"
      ],
      [
        "delete_richtextpage",
        "pages",
        "richtextpage"
      ],
      [
        "add_redirect",
        "redirects",
        "redirect"
      ],
      [
        "change_redirect",
        "redirects",
        "redirect"
      ],
      [
        "delete_redirect",
        "redirects",
        "redirect"
      ],
      [
        "add_session",
        "sessions",
        "session"
      ],
      [
        "change_session",
        "sessions",
        "session"
      ],
      [
        "delete_session",
        "sessions",
        "session"
      ],
      [
        "add_site",
        "sites",
        "site"
      ],
      [
        "change_site",
        "sites",
        "site"
      ],
      [
        "delete_site",
        "sites",
        "site"
      ],
      [
        "add_query",
        "twitter",
        "query"
      ],
      [
        "change_query",
        "twitter",
        "query"
      ],
      [
        "delete_query",
        "twitter",
        "query"
      ],
      [
        "add_tweet",
        "twitter",
        "tweet"
      ],
      [
        "change_tweet",
        "twitter",
        "tweet"
      ],
      [
        "delete_tweet",
        "twitter",
        "tweet"
      ]
    ],
    "name": "Administrators"
  },
  "pk": 3,
  "model": "auth.group"
},
{
  "fields": {
    "page": 17,
    "image": "uploads/site-1/example_header.jpg",
    "name": "Homepage header",
    "site": 1
  },
  "pk": 1,
  "model": "jdpages.pageheaderimagewidget"
},
{
  "fields": {
    "page": 2,
    "image": "uploads/site-1/example_header_subpage.jpg",
    "name": "Word actief header",
    "site": 1
  },
  "pk": 2,
  "model": "jdpages.pageheaderimagewidget"
},
{
  "fields": {
    "content_type": [
      "jdpages",
      "eventcolumnelement"
    ],
    "subtype": "",
    "object_id": 1,
    "name": "Events for all sites",
    "site": 1
  },
  "pk": 1,
  "model": "jdpages.columnelement"
},
{
  "fields": {
    "content_type": [
      "jdpages",
      "eventcolumnelement"
    ],
    "subtype": "",
    "object_id": 2,
    "name": "Events for example.com",
    "site": 1
  },
  "pk": 2,
  "model": "jdpages.columnelement"
},
{
  "fields": {
    "content_type": [
      "jdpages",
      "eventcolumnelement"
    ],
    "subtype": "",
    "object_id": 3,
    "name": "Events for all sites",
    "site": 2
  },
  "pk": 3,
  "model": "jdpages.columnelement"
},
{
  "fields": {
    "content_type": [
      "jdpages",
      "eventcolumnelement"
    ],
    "subtype": "",
    "object_id": 4,
    "name": "Events for ams.jd.local:8000",
    "site": 2
  },
  "pk": 4,
  "model": "jdpages.columnelement"
},
{
  "fields": {
    "content_type": [
      "jdpages",
      "eventcolumnelement"
    ],
    "subtype": "",
    "object_id": 5,
    "name": "Events for main site and ams.jd.local:8000",
    "site": 2
  },
  "pk": 5,
  "model": "jdpages.columnelement"
},
{
  "fields": {
    "content_type": [
      "jdpages",
      "eventcolumnelement"
    ],
    "subtype": "",
    "object_id": 6,
    "name": "Events for all sites",
    "site": 3
  },
  "pk": 6,
  "model": "jdpages.columnelement"
},
{
  "fields": {
    "content_type": [
      "jdpages",
      "eventcolumnelement"
    ],
    "subtype": "",
    "object_id": 7,
    "name": "Events for lh.jd.local:8000",
    "site": 3
  },
  "pk": 7,
  "model": "jdpages.columnelement"
},
{
  "fields": {
    "content_type": [
      "jdpages",
      "eventcolumnelement"
    ],
    "subtype": "",
    "object_id": 8,
    "name": "Events for main site and lh.jd.local:8000",
    "site": 3
  },
  "pk": 8,
  "model": "jdpages.columnelement"
},
{
  "fields": {
    "content_type": [
      "blog",
      "blogcategory"
    ],
    "subtype": "",
    "object_id": 1,
    "name": "JD Blog",
    "site": 1
  },
  "pk": 9,
  "model": "jdpages.columnelement"
},
{
  "fields": {
    "content_type": [
      "blog",
      "blogcategory"
    ],
    "subtype": "CP",
    "object_id": 1,
    "name": "JD Blog Headlines",
    "site": 1
  },
  "pk": 10,
  "model": "jdpages.columnelement"
},
{
  "fields": {
    "content_type": [
      "blog",
      "blogcategory"
    ],
    "subtype": "",
    "object_id": 2,
    "name": "Nieuws",
    "site": 1
  },
  "pk": 11,
  "model": "jdpages.columnelement"
},
{
  "fields": {
    "content_type": [
      "blog",
      "blogcategory"
    ],
    "subtype": "CP",
    "object_id": 2,
    "name": "Nieuws Headlines",
    "site": 1
  },
  "pk": 12,
  "model": "jdpages.columnelement"
},
{
  "fields": {
    "content_type": [
      "blog",
      "blogcategory"
    ],
    "subtype": "",
    "object_id": 3,
    "name": "Weblog",
    "site": 3
  },
  "pk": 13,
  "model": "jdpages.columnelement"
},
{
  "fields": {
    "content_type": [
      "blog",
      "blogcategory"
    ],
    "subtype": "CP",
    "object_id": 3,
    "name": "Weblog Headlines",
    "site": 3
  },
  "pk": 14,
  "model": "jdpages.columnelement"
},
{
  "fields": {
    "content_type": [
      "blog",
      "blogcategory"
    ],
    "subtype": "",
    "object_id": 4,
    "name": "Nieuws",
    "site": 3
  },
  "pk": 15,
  "model": "jdpages.columnelement"
},
{
  "fields": {
    "content_type": [
      "blog",
      "blogcategory"
    ],
    "subtype": "CP",
    "object_id": 4,
    "name": "Nieuws Headlines",
    "site": 3
  },
  "pk": 16,
  "model": "jdpages.columnelement"
},
{
  "fields": {
    "content_type": [
      "blog",
      "blogcategory"
    ],
    "subtype": "",
    "object_id": 5,
    "name": "Politiek",
    "site": 1
  },
  "pk": 17,
  "model": "jdpages.columnelement"
},
{
  "fields": {
    "content_type": [
      "blog",
      "blogcategory"
    ],
    "subtype": "CP",
    "object_id": 5,
    "name": "Politiek Headlines",
    "site": 1
  },
  "pk": 18,
  "model": "jdpages.columnelement"
},
{
  "fields": {
    "content_type": [
      "blog",
      "blogcategory"
    ],
    "subtype": "",
    "object_id": 6,
    "name": "Mededelingen",
    "site": 1
  },
  "pk": 19,
  "model": "jdpages.columnelement"
},
{
  "fields": {
    "content_type": [
      "blog",
      "blogcategory"
    ],
    "subtype": "CP",
    "object_id": 6,
    "name": "Mededelingen Headlines",
    "site": 1
  },
  "pk": 20,
  "model": "jdpages.columnelement"
},
{
  "fields": {
    "content_type": [
      "jdpages",
      "eventcolumnelement"
    ],
    "subtype": "",
    "object_id": 5,
    "name": "Events for main site",
    "site": 2
  },
  "pk": 21,
  "model": "jdpages.columnelement"
},
{
  "fields": {
    "content_type": [
      "jdpages",
      "eventcolumnelement"
    ],
    "subtype": "",
    "object_id": 5,
    "name": "Events for main site",
    "site": 3
  },
  "pk": 22,
  "model": "jdpages.columnelement"
},
{
  "fields": {
    "page": 17,
    "max_items": 3,
    "_order": 0,
    "title": "Blog",
    "horizontal_position": "Left",
    "column_element": 9,
    "site": 1
  },
  "pk": 1,
  "model": "jdpages.columnelementwidget"
},
{
  "fields": {
    "page": 17,
    "max_items": 3,
    "_order": 0,
    "title": "Politiek",
    "horizontal_position": "Right",
    "column_element": 17,
    "site": 1
  },
  "pk": 2,
  "model": "jdpages.columnelementwidget"
},
{
  "fields": {
    "page": 17,
    "max_items": 15,
    "_order": 1,
    "title": "Events",
    "horizontal_position": "Left",
    "column_element": 2,
    "site": 1
  },
  "pk": 3,
  "model": "jdpages.columnelementwidget"
},
{
  "fields": {
    "page": 17,
    "max_items": 3,
    "_order": 1,
    "title": "Nieuws",
    "horizontal_position": "Right",
    "column_element": 12,
    "site": 1
  },
  "pk": 4,
  "model": "jdpages.columnelementwidget"
},
{
  "fields": {
    "site": 1
  },
  "pk": 1,
  "model": "jdpages.sidebar"
},
{
  "fields": {
    "site": 2
  },
  "pk": 2,
  "model": "jdpages.sidebar"
},
{
  "fields": {
    "site": 3
  },
  "pk": 3,
  "model": "jdpages.sidebar"
},
{
  "fields": {
    "sidebar": 1,
    "title": "JD Blog",
    "blog_category": 1,
    "site": 1
  },
  "pk": 1,
  "model": "jdpages.sidebarblogcategorywidget"
},
{
  "fields": {
    "sidebar": 1,
    "active": true,
    "site": 1
  },
  "pk": 1,
  "model": "jdpages.sidebartabswidget"
},
{
  "fields": {
    "sidebar": 2,
    "active": true,
    "site": 2
  },
  "pk": 2,
  "model": "jdpages.sidebartabswidget"
},
{
  "fields": {
    "sidebar": 3,
    "active": true,
    "site": 3
  },
  "pk": 3,
  "model": "jdpages.sidebartabswidget"
},
{
  "fields": {
    "sidebar": 1,
    "active": true,
    "site": 1
  },
  "pk": 1,
  "model": "jdpages.sidebartwitterwidget"
},
{
  "fields": {
    "title": "Word lid banner",
    "description": "Word lid!",
    "image": "uploads/site-1/wordlid.jpg",
    "url": "http://www.example.com/",
    "active": true
  },
  "pk": 1,
  "model": "jdpages.sidebarbannerwidget"
},
{
  "fields": {
    "_order": 0,
    "url": "http://www.facebook.com/",
    "type": "FB",
    "sidebar": 1,
    "site": 1
  },
  "pk": 1,
  "model": "jdpages.socialmediabutton"
},
{
  "fields": {
    "_order": 1,
    "url": "http://www.linkedin.com/",
    "type": "LI",
    "sidebar": 1,
    "site": 1
  },
  "pk": 2,
  "model": "jdpages.socialmediabutton"
},
{
  "fields": {
    "_order": 2,
    "url": "http://www.twitter.com/",
    "type": "TW",
    "sidebar": 1,
    "site": 1
  },
  "pk": 3,
  "model": "jdpages.socialmediabutton"
},
{
  "fields": {
    "_order": 3,
    "url": "http://www.youtube.com/",
    "type": "YT",
    "sidebar": 1,
    "site": 1
  },
  "pk": 4,
  "model": "jdpages.socialmediabutton"
},
{
  "fields": {
    "content": "<p>Welkom op de website van de Jonge Democraten. De JD is met ruim 5500 leden een van de grootste politieke jongerenorganisaties van Nederland.</p>"
  },
  "pk": 17,
  "model": "jdpages.homepage"
},
{
  "fields": {
    "content": "<p>.</p>"
  },
  "pk": 22,
  "model": "jdpages.homepage"
},
{
  "fields": {
    "content": "<p>Welkom op de afdelingsite van de Jonge Democraten Leiden-Haaglanden. Hier vind je informatie over ons als\u00a0bestuur, de activiteiten die wij organiseren en de verschillende\u00a0commissies\u00a0die onze afdeling rijk is.</p>"
  },
  "pk": 23,
  "model": "jdpages.homepage"
},
{
  "fields": {
    "content": "<p>Dit zijn belangrijke documenten voor de vereniging.</p>\n<p><object data=\"/static/website/media/uploads/tweede_belangrijke_document.pdf\" height=\"600\" type=\"application/pdf\" width=\"100%\">Alternative text</object></p>"
  },
  "pk": 24,
  "model": "jdpages.documentlisting"
},
{
  "fields": {
    "_order": 1,
    "document_listing": 24,
    "description": "Document nr 2 - ook best belangrijk",
    "document": "uploads/tweede_belangrijke_document.pdf"
  },
  "pk": 1,
  "model": "jdpages.document"
},
{
  "fields": {
    "_order": 0,
    "document_listing": 24,
    "description": "Document 1 - zeer belangrijk",
    "document": "uploads/eerste_belangrijke_document.docx"
  },
  "pk": 2,
  "model": "jdpages.document"
},
{
  "fields": {
    "type": "AL",
    "site": 1
  },
  "pk": 1,
  "model": "jdpages.eventcolumnelement"
},
{
  "fields": {
    "type": "SI",
    "site": 1
  },
  "pk": 2,
  "model": "jdpages.eventcolumnelement"
},
{
  "fields": {
    "type": "AL",
    "site": 2
  },
  "pk": 3,
  "model": "jdpages.eventcolumnelement"
},
{
  "fields": {
    "type": "SI",
    "site": 2
  },
  "pk": 4,
  "model": "jdpages.eventcolumnelement"
},
{
  "fields": {
    "type": "SM",
    "site": 2
  },
  "pk": 5,
  "model": "jdpages.eventcolumnelement"
},
{
  "fields": {
    "type": "AL",
    "site": 3
  },
  "pk": 6,
  "model": "jdpages.eventcolumnelement"
},
{
  "fields": {
    "type": "SI",
    "site": 3
  },
  "pk": 7,
  "model": "jdpages.eventcolumnelement"
},
{
  "fields": {
    "type": "SM",
    "site": 3
  },
  "pk": 8,
  "model": "jdpages.eventcolumnelement"
},
{
  "fields": {
    "type": "MA",
    "site": 2
  },
  "pk": 21,
  "model": "jdpages.eventcolumnelement"
},
{
  "fields": {
    "type": "MA",
    "site": 3
  },
  "pk": 22,
  "model": "jdpages.eventcolumnelement"
},
{
  "fields": {
    "blog_category": 1,
    "content": "<p>This is an example jdpages blog page.\u00a0</p>"
  },
  "pk": 1,
  "model": "jdpages.blogcategorypage"
},
{
  "fields": {
    "blog_category": 1,
    "content": "<p>Dit is een algemeen blog.</p>"
  },
  "pk": 25,
  "model": "jdpages.blogcategorypage"
},
{
  "fields": {
    "blog_category": 2,
    "content": "<p>Hier vind je alle persberichten.</p>"
  },
  "pk": 26,
  "model": "jdpages.blogcategorypage"
},
{
  "fields": {
    "blog_category": 4,
    "content": "<p>Al het nieuws van de afdeling.</p>"
  },
  "pk": 27,
  "model": "jdpages.blogcategorypage"
},
{
  "fields": {
    "blog_category": 3,
    "content": "<p>Een weblog van de afdelingen.</p>"
  },
  "pk": 28,
  "model": "jdpages.blogcategorypage"
},
{
  "fields": {
    "value": "False",
    "name": "RATINGS_ACCOUNT_REQUIRED",
    "site": 1
  },
  "pk": 1,
  "model": "conf.setting"
},
{
  "fields": {
    "value": "",
    "name": "SSL_FORCE_HOST",
    "site": 1
  },
  "pk": 2,
  "model": "conf.setting"
},
{
  "fields": {
    "value": "",
    "name": "TWITTER_ACCESS_TOKEN_SECRET",
    "site": 1
  },
  "pk": 3,
  "model": "conf.setting"
},
{
  "fields": {
    "value": "5",
    "name": "BLOG_POST_PER_PAGE",
    "site": 1
  },
  "pk": 4,
  "model": "conf.setting"
},
{
  "fields": {
    "value": "",
    "name": "TWITTER_ACCESS_TOKEN_KEY",
    "site": 1
  },
  "pk": 5,
  "model": "conf.setting"
},
{
  "fields": {
    "value": "False",
    "name": "ADMIN_MENU_COLLAPSED",
    "site": 1
  },
  "pk": 6,
  "model": "conf.setting"
},
{
  "fields": {
    "value": "search",
    "name": "TWITTER_DEFAULT_QUERY_TYPE",
    "site": 1
  },
  "pk": 7,
  "model": "conf.setting"
},
{
  "fields": {
    "value": "1",
    "name": "RICHTEXT_FILTER_LEVEL",
    "site": 1
  },
  "pk": 8,
  "model": "conf.setting"
},
{
  "fields": {
    "value": "False",
    "name": "SSL_ENABLED",
    "site": 1
  },
  "pk": 9,
  "model": "conf.setting"
},
{
  "fields": {
    "value": "10",
    "name": "SEARCH_PER_PAGE",
    "site": 1
  },
  "pk": 10,
  "model": "conf.setting"
},
{
  "fields": {
    "value": "10",
    "name": "MAX_PAGING_LINKS",
    "site": 1
  },
  "pk": 11,
  "model": "conf.setting"
},
{
  "fields": {
    "value": "",
    "name": "TWITTER_CONSUMER_KEY",
    "site": 1
  },
  "pk": 12,
  "model": "conf.setting"
},
{
  "fields": {
    "value": "",
    "name": "SITE_TAGLINE",
    "site": 1
  },
  "pk": 13,
  "model": "conf.setting"
},
{
  "fields": {
    "value": "",
    "name": "TWITTER_CONSUMER_SECRET",
    "site": 1
  },
  "pk": 14,
  "model": "conf.setting"
},
{
  "fields": {
    "value": "Jonge Democraten",
    "name": "SITE_TITLE",
    "site": 1
  },
  "pk": 15,
  "model": "conf.setting"
},
{
  "fields": {
    "value": "from:stephen_mcd mezzanine",
    "name": "TWITTER_DEFAULT_QUERY",
    "site": 1
  },
  "pk": 16,
  "model": "conf.setting"
},
{
  "fields": {
    "value": "3",
    "name": "TWITTER_DEFAULT_NUM_TWEETS",
    "site": 1
  },
  "pk": 17,
  "model": "conf.setting"
},
{
  "fields": {
    "value": "from:stephen_mcd mezzanine",
    "name": "TWITTER_DEFAULT_QUERY",
    "site": 2
  },
  "pk": 18,
  "model": "conf.setting"
},
{
  "fields": {
    "value": "False",
    "name": "SSL_ENABLED",
    "site": 2
  },
  "pk": 19,
  "model": "conf.setting"
},
{
  "fields": {
    "value": "10",
    "name": "MAX_PAGING_LINKS",
    "site": 2
  },
  "pk": 20,
  "model": "conf.setting"
},
{
  "fields": {
    "value": "3",
    "name": "TWITTER_DEFAULT_NUM_TWEETS",
    "site": 2
  },
  "pk": 21,
  "model": "conf.setting"
},
{
  "fields": {
    "value": "False",
    "name": "ADMIN_MENU_COLLAPSED",
    "site": 2
  },
  "pk": 22,
  "model": "conf.setting"
},
{
  "fields": {
    "value": "Jonge Democraten Amsterdam",
    "name": "SITE_TITLE",
    "site": 2
  },
  "pk": 23,
  "model": "conf.setting"
},
{
  "fields": {
    "value": "",
    "name": "TWITTER_ACCESS_TOKEN_KEY",
    "site": 2
  },
  "pk": 24,
  "model": "conf.setting"
},
{
  "fields": {
    "value": "Amsterdam",
    "name": "SITE_TAGLINE",
    "site": 2
  },
  "pk": 25,
  "model": "conf.setting"
},
{
  "fields": {
    "value": "",
    "name": "TWITTER_ACCESS_TOKEN_SECRET",
    "site": 2
  },
  "pk": 26,
  "model": "conf.setting"
},
{
  "fields": {
    "value": "",
    "name": "SSL_FORCE_HOST",
    "site": 2
  },
  "pk": 27,
  "model": "conf.setting"
},
{
  "fields": {
    "value": "5",
    "name": "BLOG_POST_PER_PAGE",
    "site": 2
  },
  "pk": 28,
  "model": "conf.setting"
},
{
  "fields": {
    "value": "10",
    "name": "SEARCH_PER_PAGE",
    "site": 2
  },
  "pk": 29,
  "model": "conf.setting"
},
{
  "fields": {
    "value": "1",
    "name": "RICHTEXT_FILTER_LEVEL",
    "site": 2
  },
  "pk": 30,
  "model": "conf.setting"
},
{
  "fields": {
    "value": "",
    "name": "TWITTER_CONSUMER_SECRET",
    "site": 2
  },
  "pk": 31,
  "model": "conf.setting"
},
{
  "fields": {
    "value": "search",
    "name": "TWITTER_DEFAULT_QUERY_TYPE",
    "site": 2
  },
  "pk": 32,
  "model": "conf.setting"
},
{
  "fields": {
    "value": "",
    "name": "TWITTER_CONSUMER_KEY",
    "site": 2
  },
  "pk": 33,
  "model": "conf.setting"
},
{
  "fields": {
    "value": "from:stephen_mcd mezzanine",
    "name": "TWITTER_DEFAULT_QUERY",
    "site": 3
  },
  "pk": 34,
  "model": "conf.setting"
},
{
  "fields": {
    "value": "False",
    "name": "SSL_ENABLED",
    "site": 3
  },
  "pk": 35,
  "model": "conf.setting"
},
{
  "fields": {
    "value": "10",
    "name": "MAX_PAGING_LINKS",
    "site": 3
  },
  "pk": 36,
  "model": "conf.setting"
},
{
  "fields": {
    "value": "3",
    "name": "TWITTER_DEFAULT_NUM_TWEETS",
    "site": 3
  },
  "pk": 37,
  "model": "conf.setting"
},
{
  "fields": {
    "value": "False",
    "name": "ADMIN_MENU_COLLAPSED",
    "site": 3
  },
  "pk": 38,
  "model": "conf.setting"
},
{
  "fields": {
    "value": "Jonge Democraten Leiden-Haaglanden",
    "name": "SITE_TITLE",
    "site": 3
  },
  "pk": 39,
  "model": "conf.setting"
},
{
  "fields": {
    "value": "",
    "name": "TWITTER_ACCESS_TOKEN_KEY",
    "site": 3
  },
  "pk": 40,
  "model": "conf.setting"
},
{
  "fields": {
    "value": "Leiden-Haaglanden",
    "name": "SITE_TAGLINE",
    "site": 3
  },
  "pk": 41,
  "model": "conf.setting"
},
{
  "fields": {
    "value": "",
    "name": "TWITTER_ACCESS_TOKEN_SECRET",
    "site": 3
  },
  "pk": 42,
  "model": "conf.setting"
},
{
  "fields": {
    "value": "",
    "name": "SSL_FORCE_HOST",
    "site": 3
  },
  "pk": 43,
  "model": "conf.setting"
},
{
  "fields": {
    "value": "5",
    "name": "BLOG_POST_PER_PAGE",
    "site": 3
  },
  "pk": 44,
  "model": "conf.setting"
},
{
  "fields": {
    "value": "10",
    "name": "SEARCH_PER_PAGE",
    "site": 3
  },
  "pk": 45,
  "model": "conf.setting"
},
{
  "fields": {
    "value": "1",
    "name": "RICHTEXT_FILTER_LEVEL",
    "site": 3
  },
  "pk": 46,
  "model": "conf.setting"
},
{
  "fields": {
    "value": "",
    "name": "TWITTER_CONSUMER_SECRET",
    "site": 3
  },
  "pk": 47,
  "model": "conf.setting"
},
{
  "fields": {
    "value": "search",
    "name": "TWITTER_DEFAULT_QUERY_TYPE",
    "site": 3
  },
  "pk": 48,
  "model": "conf.setting"
},
{
  "fields": {
    "value": "",
    "name": "TWITTER_CONSUMER_KEY",
    "site": 3
  },
  "pk": 49,
  "model": "conf.setting"
},
{
  "fields": {
    "permissions": [
      [
        "delete_newsletter",
        "hemres",
        "newsletter"
      ],
      [
        "change_newslettertolist",
        "hemres",
        "newslettertolist"
      ],
      [
        "delete_newslettertolist",
        "hemres",
        "newslettertolist"
      ]
    ],
    "role": "role-as-landelijk",
    "sites": [
      2,
      1,
      3
    ],
    "groups": [
      [
        "Content Manager"
      ]
    ]
  },
  "pk": 1,
  "model": "janeus.janeusrole"
},
{
  "fields": {
    "permissions": [],
    "role": "role-team-ict",
    "sites": [],
    "groups": [
      [
        "Administrators"
      ]
    ]
  },
  "pk": 2,
  "model": "janeus.janeusrole"
},
{
  "fields": {
    "permissions": [],
    "role": "role-as-leidenhaaglanden",
    "sites": [
      3
    ],
    "groups": [
      [
        "Content Manager"
      ]
    ]
  },
  "pk": 3,
  "model": "janeus.janeusrole"
},
{
  "fields": {
    "permissions": [],
    "role": "role-bestuur-leidenhaaglanden",
    "sites": [
      3
    ],
    "groups": [
      [
        "Publisher"
      ]
    ]
  },
  "pk": 4,
  "model": "janeus.janeusrole"
},
{
  "fields": {
    "password": "pbkdf2_sha256$12000$7lZdKvhp8rSo$/iSJHxO1UrsFsoCK9Gzx69/5q8d6COJYjvbAoNqt8IQ=",
    "groups": [],
    "is_superuser": true,
    "email": "admin@admin.admin",
    "first_name": "",
    "is_active": true,
    "username": "admin",
    "date_joined": "2014-12-21T21:34:09.881Z",
    "last_name": "",
    "last_login": "2015-05-04T21:54:18.005Z",
    "user_permissions": [],
    "is_staff": true
  },
  "pk": 1,
  "model": "auth.user"
},
{
  "fields": {
    "password": "pbkdf2_sha256$12000$wnMTa4JUBH5t$i51zeQKG02OdmhnaZTSghIBFZaLubwatuhdDEbsbrD8=",
    "groups": [
      [
        "Content Manager"
      ]
    ],
    "is_superuser": false,
    "email": "",
    "first_name": "",
    "is_active": true,
    "username": "cm",
    "date_joined": "2015-01-24T16:51:24Z",
    "last_name": "",
    "last_login": "2015-05-04T22:12:06.028Z",
    "user_permissions": [],
    "is_staff": true
  },
  "pk": 2,
  "model": "auth.user"
},
{
  "fields": {
    "password": "pbkdf2_sha256$12000$n4cU24hBXh8r$UHpYKNh5eRXJQA1JFdKRNVKgR4dz9B4fC0yLGjhSCmM=",
    "groups": [
      [
        "Publisher"
      ]
    ],
    "is_superuser": false,
    "email": "",
    "first_name": "",
    "is_active": true,
    "username": "publisher",
    "date_joined": "2015-01-24T16:52:17Z",
    "last_name": "",
    "last_login": "2015-01-24T16:52:17Z",
    "user_permissions": [],
    "is_staff": true
  },
  "pk": 3,
  "model": "auth.user"
},
{
  "fields": {
    "in_sitemap": true,
    "rating_average": 0.0,
    "related_posts": [],
    "created": "2014-12-21T21:37:04.611Z",
    "short_url": "http://jd.local:8000/blog/een-mooie-blogpost/",
    "featured_image": null,
    "user": [
      "admin"
    ],
    "description": "\nLorem ipsum dolor sit amet, consectetur adipiscing elit. Morbi luctus eget erat efficitur porta. Donec a lorem urna. Morbi tincidunt ligula eget lectus condimentum, vitae consequat leo eleifend. Vivamus a porttitor felis. Curabitur suscipit, erat et varius egestas, odio ante pretium ante, a consectetur ligula urna non ante. Vivamus in libero convallis, tempus sem non, dignissim quam. Nam molestie diam nec leo dignissim, et iaculis erat aliquet. Praesent ullamcorper massa libero, non tempus eros commodo egestas. Nulla lorem elit, auctor id malesuada sit amet, semper in orci. Maecenas faucibus, risus vitae venenatis lacinia, erat mi venenatis augue, sit amet interdum dolor felis ut ante. Morbi a facilisis ante, in lobortis urna. Etiam ut nunc quis libero interdum aliquam eu at magna. Nunc vehicula risus eleifend molestie vulputate. Mauris diam odio, congue eget lorem id, finibus imperdiet sem.",
    "slug": "een-mooie-blogpost",
    "title": "Een mooie blogpost",
    "keywords_string": "",
    "site": 1,
    "content": "<div id=\"lipsum\">\n<p>Lorem ipsum dolor sit amet, consectetur adipiscing elit. Morbi luctus eget erat efficitur porta. Donec a lorem urna. Morbi tincidunt ligula eget lectus condimentum, vitae consequat leo eleifend. Vivamus a porttitor felis. Curabitur suscipit, erat et varius egestas, odio ante pretium ante, a consectetur ligula urna non ante. Vivamus in libero convallis, tempus sem non, dignissim quam. Nam molestie diam nec leo dignissim, et iaculis erat aliquet. Praesent ullamcorper massa libero, non tempus eros commodo egestas. Nulla lorem elit, auctor id malesuada sit amet, semper in orci. Maecenas faucibus, risus vitae venenatis lacinia, erat mi venenatis augue, sit amet interdum dolor felis ut ante. Morbi a facilisis ante, in lobortis urna. Etiam ut nunc quis libero interdum aliquam eu at magna. Nunc vehicula risus eleifend molestie vulputate. Mauris diam odio, congue eget lorem id, finibus imperdiet sem.</p>\n<p><iframe height=\"315\" src=\"http://www.youtube.com/embed/J3_b4Ec_zEE\" width=\"560\"></iframe></p>\n<p>Vestibulum eget posuere metus, vel finibus leo. Suspendisse congue orci magna, in vestibulum lacus pulvinar a. Donec egestas, felis id feugiat tempus, orci velit ullamcorper risus, et ultricies augue arcu ullamcorper dolor. Mauris eget sollicitudin purus. Aenean a cursus risus, sit amet mattis erat. Curabitur vel venenatis sem. Cras non gravida tellus, eu egestas tellus. Morbi at lorem a turpis blandit vulputate vitae a est.</p>\n<p>Nam luctus vestibulum ultricies. Proin lobortis diam nec libero fringilla accumsan. Sed venenatis ante tortor, eu dapibus lectus finibus quis. Suspendisse faucibus felis nec consequat condimentum. Phasellus dui augue, sollicitudin euismod dolor non, hendrerit maximus sapien. Nullam porttitor hendrerit erat, eget commodo leo fermentum nec. Ut ex lacus, ullamcorper eu auctor eget, vehicula sed mauris. Aenean maximus ante eu eros sollicitudin bibendum. Quisque ullamcorper at lorem in bibendum. Phasellus erat sapien, iaculis in orci ac, tincidunt lacinia orci. Nunc euismod ligula lectus, eu euismod leo sollicitudin sit amet. Phasellus odio justo, pretium eget rhoncus sed, egestas eget felis. Phasellus cursus varius arcu, id bibendum enim convallis ac. Aliquam sagittis semper nulla ac molestie. Vestibulum varius gravida ornare.</p>\n<p>Aliquam posuere purus ac dolor eleifend fringilla. Fusce bibendum pretium facilisis. Etiam imperdiet ante vel convallis dignissim. Praesent vitae sapien a augue vehicula tincidunt. Quisque imperdiet sapien nec nibh tempus aliquet. Quisque sed tristique erat, sed faucibus ex. In fringilla elit et tortor pretium feugiat. Nullam ut posuere velit, nec volutpat sapien. Pellentesque congue pellentesque velit a egestas. Nullam libero elit, feugiat sollicitudin faucibus vel, vehicula eu turpis. Morbi mi diam, accumsan sed sapien vitae, auctor scelerisque nulla. Sed convallis velit non metus sollicitudin aliquam. Aenean fringilla leo et quam feugiat molestie. Curabitur gravida porttitor lorem.</p>\n<p>Nam ac molestie nunc. Nullam vel velit lacinia, auctor sapien vel, condimentum purus. Sed id vulputate tortor, quis pulvinar nunc. Nunc luctus sapien mi, id semper nisi ultricies vel. Proin laoreet, metus et rhoncus sagittis, neque nisl facilisis lorem, in feugiat arcu ex sit amet risus. Morbi et ante commodo, vehicula mi id, pulvinar ex. Integer tempus eros sit amet blandit dapibus. Nunc fringilla ac libero vitae viverra. Morbi mollis lorem non ex blandit, ut sollicitudin est faucibus.</p>\n</div>",
    "allow_comments": true,
    "updated": "2014-12-30T23:22:53.495Z",
    "_meta_title": "",
    "publish_date": "2014-12-21T21:37:04Z",
    "expiry_date": null,
    "comments_count": 0,
    "categories": [
      1
    ],
    "status": 2,
    "rating_sum": 0,
    "rating_count": 0,
    "gen_description": true
  },
  "pk": 1,
  "model": "blog.blogpost"
},
{
  "fields": {
    "in_sitemap": true,
    "rating_average": 0.0,
    "related_posts": [],
    "created": "2014-12-21T21:37:15.769Z",
    "short_url": "http://jd.local:8000/blog/een-groot-nieuwtje/",
    "featured_image": null,
    "user": [
      "admin"
    ],
    "description": "\nLorem ipsum dolor sit amet, consectetur adipiscing elit. Morbi luctus eget erat efficitur porta. Donec a lorem urna. Morbi tincidunt ligula eget lectus condimentum, vitae consequat leo eleifend. Vivamus a porttitor felis. Curabitur suscipit, erat et varius egestas, odio ante pretium ante, a consectetur ligula urna non ante. Vivamus in libero convallis, tempus sem non, dignissim quam. Nam molestie diam nec leo dignissim, et iaculis erat aliquet. Praesent ullamcorper massa libero, non tempus eros commodo egestas. Nulla lorem elit, auctor id malesuada sit amet, semper in orci. Maecenas faucibus, risus vitae venenatis lacinia, erat mi venenatis augue, sit amet interdum dolor felis ut ante. Morbi a facilisis ante, in lobortis urna. Etiam ut nunc quis libero interdum aliquam eu at magna. Nunc vehicula risus eleifend molestie vulputate. Mauris diam odio, congue eget lorem id, finibus imperdiet sem.",
    "slug": "een-groot-nieuwtje",
    "title": "Een groot nieuwtje!",
    "keywords_string": "",
    "site": 1,
    "content": "<div id=\"lipsum\">\n<p>Lorem ipsum dolor sit amet, consectetur adipiscing elit. Morbi luctus eget erat efficitur porta. Donec a lorem urna. Morbi tincidunt ligula eget lectus condimentum, vitae consequat leo eleifend. Vivamus a porttitor felis. Curabitur suscipit, erat et varius egestas, odio ante pretium ante, a consectetur ligula urna non ante. Vivamus in libero convallis, tempus sem non, dignissim quam. Nam molestie diam nec leo dignissim, et iaculis erat aliquet. Praesent ullamcorper massa libero, non tempus eros commodo egestas. Nulla lorem elit, auctor id malesuada sit amet, semper in orci. Maecenas faucibus, risus vitae venenatis lacinia, erat mi venenatis augue, sit amet interdum dolor felis ut ante. Morbi a facilisis ante, in lobortis urna. Etiam ut nunc quis libero interdum aliquam eu at magna. Nunc vehicula risus eleifend molestie vulputate. Mauris diam odio, congue eget lorem id, finibus imperdiet sem.</p>\n<p>Vestibulum eget posuere metus, vel finibus leo. Suspendisse congue orci magna, in vestibulum lacus pulvinar a. Donec egestas, felis id feugiat tempus, orci velit ullamcorper risus, et ultricies augue arcu ullamcorper dolor. Mauris eget sollicitudin purus. Aenean a cursus risus, sit amet mattis erat. Curabitur vel venenatis sem. Cras non gravida tellus, eu egestas tellus. Morbi at lorem a turpis blandit vulputate vitae a est.</p>\n<p>Nam luctus vestibulum ultricies. Proin lobortis diam nec libero fringilla accumsan. Sed venenatis ante tortor, eu dapibus lectus finibus quis. Suspendisse faucibus felis nec consequat condimentum. Phasellus dui augue, sollicitudin euismod dolor non, hendrerit maximus sapien. Nullam porttitor hendrerit erat, eget commodo leo fermentum nec. Ut ex lacus, ullamcorper eu auctor eget, vehicula sed mauris. Aenean maximus ante eu eros sollicitudin bibendum. Quisque ullamcorper at lorem in bibendum. Phasellus erat sapien, iaculis in orci ac, tincidunt lacinia orci. Nunc euismod ligula lectus, eu euismod leo sollicitudin sit amet. Phasellus odio justo, pretium eget rhoncus sed, egestas eget felis. Phasellus cursus varius arcu, id bibendum enim convallis ac. Aliquam sagittis semper nulla ac molestie. Vestibulum varius gravida ornare.</p>\n<p>Aliquam posuere purus ac dolor eleifend fringilla. Fusce bibendum pretium facilisis. Etiam imperdiet ante vel convallis dignissim. Praesent vitae sapien a augue vehicula tincidunt. Quisque imperdiet sapien nec nibh tempus aliquet. Quisque sed tristique erat, sed faucibus ex. In fringilla elit et tortor pretium feugiat. Nullam ut posuere velit, nec volutpat sapien. Pellentesque congue pellentesque velit a egestas. Nullam libero elit, feugiat sollicitudin faucibus vel, vehicula eu turpis. Morbi mi diam, accumsan sed sapien vitae, auctor scelerisque nulla. Sed convallis velit non metus sollicitudin aliquam. Aenean fringilla leo et quam feugiat molestie. Curabitur gravida porttitor lorem.</p>\n<p>Nam ac molestie nunc. Nullam vel velit lacinia, auctor sapien vel, condimentum purus. Sed id vulputate tortor, quis pulvinar nunc. Nunc luctus sapien mi, id semper nisi ultricies vel. Proin laoreet, metus et rhoncus sagittis, neque nisl facilisis lorem, in feugiat arcu ex sit amet risus. Morbi et ante commodo, vehicula mi id, pulvinar ex. Integer tempus eros sit amet blandit dapibus. Nunc fringilla ac libero vitae viverra. Morbi mollis lorem non ex blandit, ut sollicitudin est faucibus.</p>\n</div>",
    "allow_comments": true,
    "updated": "2014-12-31T11:18:38.752Z",
    "_meta_title": "",
    "publish_date": "2014-12-21T21:37:15.767Z",
    "expiry_date": null,
    "comments_count": 0,
    "categories": [
      2
    ],
    "status": 2,
    "rating_sum": 0,
    "rating_count": 0,
    "gen_description": true
  },
  "pk": 2,
  "model": "blog.blogpost"
},
{
  "fields": {
    "in_sitemap": true,
    "rating_average": 0.0,
    "related_posts": [],
    "created": "2014-12-21T21:41:33.326Z",
    "short_url": null,
    "featured_image": null,
    "user": [
      "admin"
    ],
    "description": "\nLorem ipsum dolor sit amet, consectetur adipiscing elit. Morbi luctus eget erat efficitur porta. Donec a lorem urna. Morbi tincidunt ligula eget lectus condimentum, vitae consequat leo eleifend. Vivamus a porttitor felis. Curabitur suscipit, erat et varius egestas, odio ante pretium ante, a consectetur ligula urna non ante. Vivamus in libero convallis, tempus sem non, dignissim quam. Nam molestie diam nec leo dignissim, et iaculis erat aliquet. Praesent ullamcorper massa libero, non tempus eros commodo egestas. Nulla lorem elit, auctor id malesuada sit amet, semper in orci. Maecenas faucibus, risus vitae venenatis lacinia, erat mi venenatis augue, sit amet interdum dolor felis ut ante. Morbi a facilisis ante, in lobortis urna. Etiam ut nunc quis libero interdum aliquam eu at magna. Nunc vehicula risus eleifend molestie vulputate. Mauris diam odio, congue eget lorem id, finibus imperdiet sem.",
    "slug": "een-controversi\u00eble-blogpost",
    "title": "Een controversi\u00eble blogpost",
    "keywords_string": "",
    "site": 3,
    "content": "<div id=\"lipsum\">\n<p>Lorem ipsum dolor sit amet, consectetur adipiscing elit. Morbi luctus eget erat efficitur porta. Donec a lorem urna. Morbi tincidunt ligula eget lectus condimentum, vitae consequat leo eleifend. Vivamus a porttitor felis. Curabitur suscipit, erat et varius egestas, odio ante pretium ante, a consectetur ligula urna non ante. Vivamus in libero convallis, tempus sem non, dignissim quam. Nam molestie diam nec leo dignissim, et iaculis erat aliquet. Praesent ullamcorper massa libero, non tempus eros commodo egestas. Nulla lorem elit, auctor id malesuada sit amet, semper in orci. Maecenas faucibus, risus vitae venenatis lacinia, erat mi venenatis augue, sit amet interdum dolor felis ut ante. Morbi a facilisis ante, in lobortis urna. Etiam ut nunc quis libero interdum aliquam eu at magna. Nunc vehicula risus eleifend molestie vulputate. Mauris diam odio, congue eget lorem id, finibus imperdiet sem.</p>\n<p>Vestibulum eget posuere metus, vel finibus leo. Suspendisse congue orci magna, in vestibulum lacus pulvinar a. Donec egestas, felis id feugiat tempus, orci velit ullamcorper risus, et ultricies augue arcu ullamcorper dolor. Mauris eget sollicitudin purus. Aenean a cursus risus, sit amet mattis erat. Curabitur vel venenatis sem. Cras non gravida tellus, eu egestas tellus. Morbi at lorem a turpis blandit vulputate vitae a est.</p>\n<p>Nam luctus vestibulum ultricies. Proin lobortis diam nec libero fringilla accumsan. Sed venenatis ante tortor, eu dapibus lectus finibus quis. Suspendisse faucibus felis nec consequat condimentum. Phasellus dui augue, sollicitudin euismod dolor non, hendrerit maximus sapien. Nullam porttitor hendrerit erat, eget commodo leo fermentum nec. Ut ex lacus, ullamcorper eu auctor eget, vehicula sed mauris. Aenean maximus ante eu eros sollicitudin bibendum. Quisque ullamcorper at lorem in bibendum. Phasellus erat sapien, iaculis in orci ac, tincidunt lacinia orci. Nunc euismod ligula lectus, eu euismod leo sollicitudin sit amet. Phasellus odio justo, pretium eget rhoncus sed, egestas eget felis. Phasellus cursus varius arcu, id bibendum enim convallis ac. Aliquam sagittis semper nulla ac molestie. Vestibulum varius gravida ornare.</p>\n<p>Aliquam posuere purus ac dolor eleifend fringilla. Fusce bibendum pretium facilisis. Etiam imperdiet ante vel convallis dignissim. Praesent vitae sapien a augue vehicula tincidunt. Quisque imperdiet sapien nec nibh tempus aliquet. Quisque sed tristique erat, sed faucibus ex. In fringilla elit et tortor pretium feugiat. Nullam ut posuere velit, nec volutpat sapien. Pellentesque congue pellentesque velit a egestas. Nullam libero elit, feugiat sollicitudin faucibus vel, vehicula eu turpis. Morbi mi diam, accumsan sed sapien vitae, auctor scelerisque nulla. Sed convallis velit non metus sollicitudin aliquam. Aenean fringilla leo et quam feugiat molestie. Curabitur gravida porttitor lorem.</p>\n<p>Nam ac molestie nunc. Nullam vel velit lacinia, auctor sapien vel, condimentum purus. Sed id vulputate tortor, quis pulvinar nunc. Nunc luctus sapien mi, id semper nisi ultricies vel. Proin laoreet, metus et rhoncus sagittis, neque nisl facilisis lorem, in feugiat arcu ex sit amet risus. Morbi et ante commodo, vehicula mi id, pulvinar ex. Integer tempus eros sit amet blandit dapibus. Nunc fringilla ac libero vitae viverra. Morbi mollis lorem non ex blandit, ut sollicitudin est faucibus.</p>\n</div>",
    "allow_comments": true,
    "updated": "2014-12-21T21:41:33.326Z",
    "_meta_title": "",
    "publish_date": "2014-12-21T21:41:33.322Z",
    "expiry_date": null,
    "comments_count": 0,
    "categories": [ 3 ],
    "status": 2,
    "rating_sum": 0,
    "rating_count": 0,
    "gen_description": true
  },
  "pk": 3,
  "model": "blog.blogpost"
},
{
  "fields": {
    "in_sitemap": true,
    "rating_average": 0.0,
    "related_posts": [],
    "created": "2014-12-21T21:41:45.325Z",
    "short_url": "http://lh.jd.local:8000/blog/een-mildere-blogpost/",
    "featured_image": null,
    "user": [
      "admin"
    ],
    "description": "\nLorem ipsum dolor sit amet, consectetur adipiscing elit. Morbi luctus eget erat efficitur porta. Donec a lorem urna. Morbi tincidunt ligula eget lectus condimentum, vitae consequat leo eleifend. Vivamus a porttitor felis. Curabitur suscipit, erat et varius egestas, odio ante pretium ante, a consectetur ligula urna non ante. Vivamus in libero convallis, tempus sem non, dignissim quam. Nam molestie diam nec leo dignissim, et iaculis erat aliquet. Praesent ullamcorper massa libero, non tempus eros commodo egestas. Nulla lorem elit, auctor id malesuada sit amet, semper in orci. Maecenas faucibus, risus vitae venenatis lacinia, erat mi venenatis augue, sit amet interdum dolor felis ut ante. Morbi a facilisis ante, in lobortis urna. Etiam ut nunc quis libero interdum aliquam eu at magna. Nunc vehicula risus eleifend molestie vulputate. Mauris diam odio, congue eget lorem id, finibus imperdiet sem.",
    "slug": "een-mildere-blogpost",
    "title": "Een mildere blogpost",
    "keywords_string": "",
    "site": 3,
    "content": "<div id=\"lipsum\">\n<p>Lorem ipsum dolor sit amet, consectetur adipiscing elit. Morbi luctus eget erat efficitur porta. Donec a lorem urna. Morbi tincidunt ligula eget lectus condimentum, vitae consequat leo eleifend. Vivamus a porttitor felis. Curabitur suscipit, erat et varius egestas, odio ante pretium ante, a consectetur ligula urna non ante. Vivamus in libero convallis, tempus sem non, dignissim quam. Nam molestie diam nec leo dignissim, et iaculis erat aliquet. Praesent ullamcorper massa libero, non tempus eros commodo egestas. Nulla lorem elit, auctor id malesuada sit amet, semper in orci. Maecenas faucibus, risus vitae venenatis lacinia, erat mi venenatis augue, sit amet interdum dolor felis ut ante. Morbi a facilisis ante, in lobortis urna. Etiam ut nunc quis libero interdum aliquam eu at magna. Nunc vehicula risus eleifend molestie vulputate. Mauris diam odio, congue eget lorem id, finibus imperdiet sem.</p>\n<p>Vestibulum eget posuere metus, vel finibus leo. Suspendisse congue orci magna, in vestibulum lacus pulvinar a. Donec egestas, felis id feugiat tempus, orci velit ullamcorper risus, et ultricies augue arcu ullamcorper dolor. Mauris eget sollicitudin purus. Aenean a cursus risus, sit amet mattis erat. Curabitur vel venenatis sem. Cras non gravida tellus, eu egestas tellus. Morbi at lorem a turpis blandit vulputate vitae a est.</p>\n<p>Nam luctus vestibulum ultricies. Proin lobortis diam nec libero fringilla accumsan. Sed venenatis ante tortor, eu dapibus lectus finibus quis. Suspendisse faucibus felis nec consequat condimentum. Phasellus dui augue, sollicitudin euismod dolor non, hendrerit maximus sapien. Nullam porttitor hendrerit erat, eget commodo leo fermentum nec. Ut ex lacus, ullamcorper eu auctor eget, vehicula sed mauris. Aenean maximus ante eu eros sollicitudin bibendum. Quisque ullamcorper at lorem in bibendum. Phasellus erat sapien, iaculis in orci ac, tincidunt lacinia orci. Nunc euismod ligula lectus, eu euismod leo sollicitudin sit amet. Phasellus odio justo, pretium eget rhoncus sed, egestas eget felis. Phasellus cursus varius arcu, id bibendum enim convallis ac. Aliquam sagittis semper nulla ac molestie. Vestibulum varius gravida ornare.</p>\n<p>Aliquam posuere purus ac dolor eleifend fringilla. Fusce bibendum pretium facilisis. Etiam imperdiet ante vel convallis dignissim. Praesent vitae sapien a augue vehicula tincidunt. Quisque imperdiet sapien nec nibh tempus aliquet. Quisque sed tristique erat, sed faucibus ex. In fringilla elit et tortor pretium feugiat. Nullam ut posuere velit, nec volutpat sapien. Pellentesque congue pellentesque velit a egestas. Nullam libero elit, feugiat sollicitudin faucibus vel, vehicula eu turpis. Morbi mi diam, accumsan sed sapien vitae, auctor scelerisque nulla. Sed convallis velit non metus sollicitudin aliquam. Aenean fringilla leo et quam feugiat molestie. Curabitur gravida porttitor lorem.</p>\n<p>Nam ac molestie nunc. Nullam vel velit lacinia, auctor sapien vel, condimentum purus. Sed id vulputate tortor, quis pulvinar nunc. Nunc luctus sapien mi, id semper nisi ultricies vel. Proin laoreet, metus et rhoncus sagittis, neque nisl facilisis lorem, in feugiat arcu ex sit amet risus. Morbi et ante commodo, vehicula mi id, pulvinar ex. Integer tempus eros sit amet blandit dapibus. Nunc fringilla ac libero vitae viverra. Morbi mollis lorem non ex blandit, ut sollicitudin est faucibus.</p>\n</div>",
    "allow_comments": true,
    "updated": "2015-01-18T23:14:57.450Z",
    "_meta_title": "",
    "publish_date": "2014-12-21T21:41:45.323Z",
    "expiry_date": null,
    "comments_count": 0,
    "categories": [ 3 ],
    "status": 2,
    "rating_sum": 0,
    "rating_count": 0,
    "gen_description": true
  },
  "pk": 4,
  "model": "blog.blogpost"
},
{
  "fields": {
    "in_sitemap": true,
    "rating_average": 0.0,
    "related_posts": [],
    "created": "2014-12-21T21:41:59.969Z",
    "short_url": "http://lh.jd.local:8000/blog/het-persbericht-van-het-jaar/",
    "featured_image": null,
    "user": [
      "admin"
    ],
    "description": "\nLorem ipsum dolor sit amet, consectetur adipiscing elit. Morbi luctus eget erat efficitur porta. Donec a lorem urna. Morbi tincidunt ligula eget lectus condimentum, vitae consequat leo eleifend. Vivamus a porttitor felis. Curabitur suscipit, erat et varius egestas, odio ante pretium ante, a consectetur ligula urna non ante. Vivamus in libero convallis, tempus sem non, dignissim quam. Nam molestie diam nec leo dignissim, et iaculis erat aliquet. Praesent ullamcorper massa libero, non tempus eros commodo egestas. Nulla lorem elit, auctor id malesuada sit amet, semper in orci. Maecenas faucibus, risus vitae venenatis lacinia, erat mi venenatis augue, sit amet interdum dolor felis ut ante. Morbi a facilisis ante, in lobortis urna. Etiam ut nunc quis libero interdum aliquam eu at magna. Nunc vehicula risus eleifend molestie vulputate. Mauris diam odio, congue eget lorem id, finibus imperdiet sem.",
    "slug": "het-persbericht-van-het-jaar",
    "title": "Het persbericht van het jaar!",
    "keywords_string": "",
    "site": 3,
    "content": "<div id=\"lipsum\">\n<p>Lorem ipsum dolor sit amet, consectetur adipiscing elit. Morbi luctus eget erat efficitur porta. Donec a lorem urna. Morbi tincidunt ligula eget lectus condimentum, vitae consequat leo eleifend. Vivamus a porttitor felis. Curabitur suscipit, erat et varius egestas, odio ante pretium ante, a consectetur ligula urna non ante. Vivamus in libero convallis, tempus sem non, dignissim quam. Nam molestie diam nec leo dignissim, et iaculis erat aliquet. Praesent ullamcorper massa libero, non tempus eros commodo egestas. Nulla lorem elit, auctor id malesuada sit amet, semper in orci. Maecenas faucibus, risus vitae venenatis lacinia, erat mi venenatis augue, sit amet interdum dolor felis ut ante. Morbi a facilisis ante, in lobortis urna. Etiam ut nunc quis libero interdum aliquam eu at magna. Nunc vehicula risus eleifend molestie vulputate. Mauris diam odio, congue eget lorem id, finibus imperdiet sem.</p>\n<p>Vestibulum eget posuere metus, vel finibus leo. Suspendisse congue orci magna, in vestibulum lacus pulvinar a. Donec egestas, felis id feugiat tempus, orci velit ullamcorper risus, et ultricies augue arcu ullamcorper dolor. Mauris eget sollicitudin purus. Aenean a cursus risus, sit amet mattis erat. Curabitur vel venenatis sem. Cras non gravida tellus, eu egestas tellus. Morbi at lorem a turpis blandit vulputate vitae a est.</p>\n<p>Nam luctus vestibulum ultricies. Proin lobortis diam nec libero fringilla accumsan. Sed venenatis ante tortor, eu dapibus lectus finibus quis. Suspendisse faucibus felis nec consequat condimentum. Phasellus dui augue, sollicitudin euismod dolor non, hendrerit maximus sapien. Nullam porttitor hendrerit erat, eget commodo leo fermentum nec. Ut ex lacus, ullamcorper eu auctor eget, vehicula sed mauris. Aenean maximus ante eu eros sollicitudin bibendum. Quisque ullamcorper at lorem in bibendum. Phasellus erat sapien, iaculis in orci ac, tincidunt lacinia orci. Nunc euismod ligula lectus, eu euismod leo sollicitudin sit amet. Phasellus odio justo, pretium eget rhoncus sed, egestas eget felis. Phasellus cursus varius arcu, id bibendum enim convallis ac. Aliquam sagittis semper nulla ac molestie. Vestibulum varius gravida ornare.</p>\n<p>Aliquam posuere purus ac dolor eleifend fringilla. Fusce bibendum pretium facilisis. Etiam imperdiet ante vel convallis dignissim. Praesent vitae sapien a augue vehicula tincidunt. Quisque imperdiet sapien nec nibh tempus aliquet. Quisque sed tristique erat, sed faucibus ex. In fringilla elit et tortor pretium feugiat. Nullam ut posuere velit, nec volutpat sapien. Pellentesque congue pellentesque velit a egestas. Nullam libero elit, feugiat sollicitudin faucibus vel, vehicula eu turpis. Morbi mi diam, accumsan sed sapien vitae, auctor scelerisque nulla. Sed convallis velit non metus sollicitudin aliquam. Aenean fringilla leo et quam feugiat molestie. Curabitur gravida porttitor lorem.</p>\n<p>Nam ac molestie nunc. Nullam vel velit lacinia, auctor sapien vel, condimentum purus. Sed id vulputate tortor, quis pulvinar nunc. Nunc luctus sapien mi, id semper nisi ultricies vel. Proin laoreet, metus et rhoncus sagittis, neque nisl facilisis lorem, in feugiat arcu ex sit amet risus. Morbi et ante commodo, vehicula mi id, pulvinar ex. Integer tempus eros sit amet blandit dapibus. Nunc fringilla ac libero vitae viverra. Morbi mollis lorem non ex blandit, ut sollicitudin est faucibus.</p>\n</div>",
    "allow_comments": true,
    "updated": "2015-01-18T23:08:30.509Z",
    "_meta_title": "",
    "publish_date": "2014-12-21T21:41:59.965Z",
    "expiry_date": null,
    "comments_count": 0,
    "categories": [ 4 ],
    "status": 2,
    "rating_sum": 0,
    "rating_count": 0,
    "gen_description": true
  },
  "pk": 5,
  "model": "blog.blogpost"
},
{
  "fields": {
    "in_sitemap": true,
    "rating_average": 0.0,
    "related_posts": [],
    "created": "2014-12-31T11:17:42.436Z",
    "short_url": "http://jd.local:8000/blog/een-partijverbod-druist-in-tegen-de-democratie/",
    "featured_image": null,
    "user": [
      "admin"
    ],
    "description": "Robert Mugabe, Ra\u00fal Castro, Kim Jong-Un en Sybrand Buma. Allen heb ze \u00e9\u00e9n ding gemeen: het willen uitbannen van onwelgevallige partijen. Uiterlijk 18 december wordt er in de Tweede Kamer gestemd over het voorstel van de CDA-voorman om zogenaamde 'democratie-ondermijnende' partijen te verbieden. De ironie wil echter dat de christendemocraten juist met dit voorstel de bijl aan de wortel van ons democratisch bestel leggen.",
    "slug": "een-partijverbod-druist-in-tegen-de-democratie",
    "title": "Een partijverbod druist in tegen de democratie",
    "keywords_string": "",
    "site": 1,
    "content": "<p class=\"menu\">Robert Mugabe, Ra\u00fal Castro, Kim Jong-Un en Sybrand Buma. Allen heb ze \u00e9\u00e9n ding gemeen: het willen uitbannen van onwelgevallige partijen. Uiterlijk 18 december wordt er in de Tweede Kamer gestemd over het voorstel van de CDA-voorman om zogenaamde 'democratie-ondermijnende' partijen te verbieden. De ironie wil echter dat de christendemocraten juist met dit voorstel de bijl aan de wortel van ons democratisch bestel leggen.</p>",
    "allow_comments": true,
    "updated": "2014-12-31T11:18:29.940Z",
    "_meta_title": "",
    "publish_date": "2014-12-31T11:17:42Z",
    "expiry_date": null,
    "comments_count": 0,
    "categories": [
      5
    ],
    "status": 2,
    "rating_sum": 0,
    "rating_count": 0,
    "gen_description": true
  },
  "pk": 6,
  "model": "blog.blogpost"
},
{
  "pk": 1,
  "fields": {
    "publish_date": "2015-06-16T21:16:53Z",
    "short_url": null,
    "site": 1,
    "event_category": null,
    "gen_description": true,
    "created": "2015-06-16T21:18:14.383Z",
    "updated": "2015-06-16T21:19:54.943Z",
    "content": "<p>This is a example event on the main site.</p>",
    "title": "Example event",
    "description": "This is a example event on the main site.",
    "_meta_title": "",
    "status": 2,
    "in_sitemap": true,
    "slug": "example-event",
    "keywords_string": "",
    "expiry_date": null
  },
  "model": "events.event"
},
{
  "pk": 2,
  "fields": {
    "publish_date": "2015-06-16T21:29:04Z",
    "short_url": null,
    "site": 3,
    "event_category": null,
    "gen_description": true,
    "created": "2015-06-16T21:30:39.069Z",
    "updated": "2015-06-16T21:30:39.069Z",
    "content": "<p>Example Leiden-Haaglanden event.</p>",
    "title": "LH event",
    "description": "Example Leiden-Haaglanden event.",
    "_meta_title": "",
    "status": 2,
    "in_sitemap": true,
    "slug": "lh-event",
    "keywords_string": "",
    "expiry_date": null
  },
  "model": "events.event"
},
{
  "pk": 3,
  "fields": {
    "publish_date": "2015-06-16T21:31:34Z",
    "short_url": null,
    "site": 1,
    "event_category": null,
    "gen_description": true,
    "created": "2015-06-16T21:32:25.660Z",
    "updated": "2015-06-16T21:32:25.660Z",
    "content": "<p>jdwebsite project milestones</p>",
    "title": "Project milestones",
    "description": "jdwebsite project milestones",
    "_meta_title": "",
    "status": 2,
    "in_sitemap": true,
    "slug": "project-milestones",
    "keywords_string": "",
    "expiry_date": null
  },
  "model": "events.event"
},
{
  "pk": 1,
  "fields": {
    "publish_date": "2015-06-16T21:16:53Z",
    "short_url": null,
    "site": 1,
    "start_time": "2015-08-01T07:00:00Z",
    "gen_description": false,
    "created": "2015-06-16T21:18:14.390Z",
    "updated": "2015-06-16T21:19:54.952Z",
    "location": "Utrecht",
    "end_time": "2015-08-01T12:00:00Z",
    "title": "Example event (Tweede bijeenkomst)",
    "description": "Tweede bijeenkomst",
    "event": 1,
    "_meta_title": null,
    "status": 2,
    "in_sitemap": true,
    "slug": "example-event-eerste-bijeenkomst",
    "keywords_string": "",
    "expiry_date": null
  },
  "model": "events.occurrence"
},
{
  "pk": 2,
  "fields": {
    "publish_date": "2015-06-16T21:16:53Z",
    "short_url": null,
    "site": 1,
    "start_time": "2015-07-01T07:00:00Z",
    "gen_description": false,
    "created": "2015-06-16T21:18:14.392Z",
    "updated": "2015-06-16T21:19:54.951Z",
    "location": "Amsterdam",
    "end_time": "2015-07-01T12:00:00Z",
    "title": "Example event (Eerste bijeenkomst)",
    "description": "Eerste bijeenkomst",
    "event": 1,
    "_meta_title": null,
    "status": 2,
    "in_sitemap": true,
    "slug": "example-event-tweede-bijeenkomst",
    "keywords_string": "",
    "expiry_date": null
  },
  "model": "events.occurrence"
},
{
  "pk": 3,
  "fields": {
    "publish_date": "2015-06-16T21:29:04Z",
    "short_url": null,
    "site": 3,
    "start_time": "2015-07-16T07:00:00Z",
    "gen_description": false,
    "created": "2015-06-16T21:30:39.100Z",
    "updated": "2015-06-16T21:30:39.100Z",
    "location": "Leiden",
    "end_time": "2015-07-16T17:00:00Z",
    "title": "LH event (Sightseeing Den Haag)",
    "description": "Sightseeing Den Haag",
    "event": 2,
    "_meta_title": null,
    "status": 2,
    "in_sitemap": true,
    "slug": "lh-event-sightseeing-den-haag",
    "keywords_string": "",
    "expiry_date": null
  },
  "model": "events.occurrence"
},
{
  "pk": 4,
  "fields": {
    "publish_date": "2015-06-16T21:29:04Z",
    "short_url": null,
    "site": 3,
    "start_time": "2015-08-16T08:00:00Z",
    "gen_description": false,
    "created": "2015-06-16T21:30:39.117Z",
    "updated": "2015-06-16T21:30:39.117Z",
    "location": "Den Haag",
    "end_time": "2015-08-16T18:00:00Z",
    "title": "LH event (Sightseeing Den Haag)",
    "description": "Sightseeing Den Haag",
    "event": 2,
    "_meta_title": null,
    "status": 2,
    "in_sitemap": true,
    "slug": "lh-event-sightseeing-den-haag-1",
    "keywords_string": "",
    "expiry_date": null
  },
  "model": "events.occurrence"
},
{
  "pk": 5,
  "fields": {
    "publish_date": "2015-06-16T21:31:34Z",
    "short_url": null,
    "site": 1,
    "start_time": "2015-07-04T09:00:00Z",
    "gen_description": false,
    "created": "2015-06-16T21:32:25.667Z",
    "updated": "2015-06-16T21:32:25.667Z",
    "location": "TBD",
    "end_time": "2015-07-04T20:00:00Z",
    "title": "Project milestones (Deploy)",
    "description": "Deploy",
    "event": 3,
    "_meta_title": null,
    "status": 2,
    "in_sitemap": true,
    "slug": "project-milestones-deploy",
    "keywords_string": "",
    "expiry_date": null
  },
  "model": "events.occurrence"
}
]
