[
{
  "model": "contenttypes.contenttype",
  "fields": {
    "app_label": "auth",
    "model": "permission",
    "name": "permission"
  },
  "pk": 1
},
{
  "model": "contenttypes.contenttype",
  "fields": {
    "app_label": "auth",
    "model": "group",
    "name": "group"
  },
  "pk": 2
},
{
  "model": "contenttypes.contenttype",
  "fields": {
    "app_label": "auth",
    "model": "user",
    "name": "user"
  },
  "pk": 3
},
{
  "model": "contenttypes.contenttype",
  "fields": {
    "app_label": "contenttypes",
    "model": "contenttype",
    "name": "content type"
  },
  "pk": 4
},
{
  "model": "contenttypes.contenttype",
  "fields": {
    "app_label": "redirects",
    "model": "redirect",
    "name": "redirect"
  },
  "pk": 5
},
{
  "model": "contenttypes.contenttype",
  "fields": {
    "app_label": "sessions",
    "model": "session",
    "name": "session"
  },
  "pk": 6
},
{
  "model": "contenttypes.contenttype",
  "fields": {
    "app_label": "sites",
    "model": "site",
    "name": "site"
  },
  "pk": 7
},
{
  "model": "contenttypes.contenttype",
  "fields": {
    "app_label": "conf",
    "model": "setting",
    "name": "Setting"
  },
  "pk": 8
},
{
  "model": "contenttypes.contenttype",
  "fields": {
    "app_label": "core",
    "model": "sitepermission",
    "name": "Site permission"
  },
  "pk": 9
},
{
  "model": "contenttypes.contenttype",
  "fields": {
    "app_label": "generic",
    "model": "threadedcomment",
    "name": "Comment"
  },
  "pk": 10
},
{
  "model": "contenttypes.contenttype",
  "fields": {
    "app_label": "generic",
    "model": "keyword",
    "name": "Keyword"
  },
  "pk": 11
},
{
  "model": "contenttypes.contenttype",
  "fields": {
    "app_label": "generic",
    "model": "assignedkeyword",
    "name": "assigned keyword"
  },
  "pk": 12
},
{
  "model": "contenttypes.contenttype",
  "fields": {
    "app_label": "generic",
    "model": "rating",
    "name": "Rating"
  },
  "pk": 13
},
{
  "model": "contenttypes.contenttype",
  "fields": {
    "app_label": "blog",
    "model": "blogpost",
    "name": "Blog post"
  },
  "pk": 14
},
{
  "model": "contenttypes.contenttype",
  "fields": {
    "app_label": "blog",
    "model": "blogcategory",
    "name": "Blog Category"
  },
  "pk": 15
},
{
  "model": "contenttypes.contenttype",
  "fields": {
    "app_label": "forms",
    "model": "form",
    "name": "Form"
  },
  "pk": 16
},
{
  "model": "contenttypes.contenttype",
  "fields": {
    "app_label": "forms",
    "model": "field",
    "name": "Field"
  },
  "pk": 17
},
{
  "model": "contenttypes.contenttype",
  "fields": {
    "app_label": "forms",
    "model": "formentry",
    "name": "Form entry"
  },
  "pk": 18
},
{
  "model": "contenttypes.contenttype",
  "fields": {
    "app_label": "forms",
    "model": "fieldentry",
    "name": "Form field entry"
  },
  "pk": 19
},
{
  "model": "contenttypes.contenttype",
  "fields": {
    "app_label": "pages",
    "model": "page",
    "name": "Page"
  },
  "pk": 20
},
{
  "model": "contenttypes.contenttype",
  "fields": {
    "app_label": "pages",
    "model": "richtextpage",
    "name": "Rich text page"
  },
  "pk": 21
},
{
  "model": "contenttypes.contenttype",
  "fields": {
    "app_label": "pages",
    "model": "link",
    "name": "Link"
  },
  "pk": 22
},
{
  "model": "contenttypes.contenttype",
  "fields": {
    "app_label": "galleries",
    "model": "gallery",
    "name": "Gallery"
  },
  "pk": 23
},
{
  "model": "contenttypes.contenttype",
  "fields": {
    "app_label": "galleries",
    "model": "galleryimage",
    "name": "Image"
  },
  "pk": 24
},
{
  "model": "contenttypes.contenttype",
  "fields": {
    "app_label": "twitter",
    "model": "query",
    "name": "Twitter query"
  },
  "pk": 25
},
{
  "model": "contenttypes.contenttype",
  "fields": {
    "app_label": "twitter",
    "model": "tweet",
    "name": "Tweet"
  },
  "pk": 26
},
{
  "model": "contenttypes.contenttype",
  "fields": {
    "app_label": "admin",
    "model": "logentry",
    "name": "log entry"
  },
  "pk": 27
},
{
  "model": "contenttypes.contenttype",
  "fields": {
    "app_label": "comments",
    "model": "comment",
    "name": "comment"
  },
  "pk": 28
},
{
  "model": "contenttypes.contenttype",
  "fields": {
    "app_label": "comments",
    "model": "commentflag",
    "name": "comment flag"
  },
  "pk": 29
},
{
  "model": "sessions.session",
  "fields": {
    "expire_date": "2015-01-04T21:43:37.296Z",
    "session_data": "NmIyYWZiYzFiOTU2NTdiNmEwNjJkN2I0NDI1NWE0N2I0MjI3YTgyOTp7fQ=="
  },
  "pk": "guenc270282wd5ihrq74r73989fdwpxd"
},
{
  "model": "sessions.session",
  "fields": {
    "expire_date": "2015-01-04T21:44:33.682Z",
    "session_data": "NmIyYWZiYzFiOTU2NTdiNmEwNjJkN2I0NDI1NWE0N2I0MjI3YTgyOTp7fQ=="
  },
  "pk": "kfa3csas41fyb2mv55x753doo96u3xbx"
},
{
  "model": "sessions.session",
  "fields": {
    "expire_date": "2015-01-09T10:35:27.974Z",
    "session_data": "NjI5MGM1ODBhZTc0ZDVmOTRiNjIyMjdhMGEzOTJiYTQ0Y2FhMzNhYTp7Il9hdXRoX3VzZXJfaWQiOjEsIl9hdXRoX3VzZXJfYmFja2VuZCI6Im1lenphbmluZS5jb3JlLmF1dGhfYmFja2VuZHMuTWV6emFuaW5lQmFja2VuZCIsIl9hdXRoX3VzZXJfaGFzaCI6ImU5NjdlYTA3MzMwODNkN2QzYzE0OWM1MTAwZDk5MTQ0NDJmZjE0NmEifQ=="
  },
  "pk": "p2a5x27rs3sxuaoco9se26jib1ule2m1"
},
{
  "model": "sessions.session",
  "fields": {
    "expire_date": "2015-01-04T21:43:21.915Z",
    "session_data": "NmIyYWZiYzFiOTU2NTdiNmEwNjJkN2I0NDI1NWE0N2I0MjI3YTgyOTp7fQ=="
  },
  "pk": "zrtmy6mnllhtac5iz4clzpu298t44l7s"
},
{
  "model": "sites.site",
  "fields": {
    "domain": "jd.local:8000",
    "name": "JD Landelijk"
  },
  "pk": 1
},
{
  "model": "sites.site",
  "fields": {
    "domain": "ams.jd.local:8000",
    "name": "JD Amsterdam"
  },
  "pk": 2
},
{
  "model": "sites.site",
  "fields": {
    "domain": "lh.jd.local:8000",
    "name": "JD Leiden-Haaglanden"
  },
  "pk": 3
},
{
  "model": "blog.blogcategory",
  "fields": {
    "slug": "jd-blog",
    "title": "JD Blog",
    "site": 1
  },
  "pk": 1
},
{
  "model": "blog.blogcategory",
  "fields": {
    "slug": "nieuws",
    "title": "Nieuws",
    "site": 1
  },
  "pk": 2
},
{
  "model": "blog.blogcategory",
  "fields": {
    "slug": "weblog",
    "title": "Weblog",
    "site": 3
  },
  "pk": 3
},
{
  "model": "blog.blogcategory",
  "fields": {
    "slug": "nieuws",
    "title": "Nieuws",
    "site": 3
  },
  "pk": 4
},
{
  "model": "forms.form",
  "fields": {
    "email_from": "root@localhost",
    "send_email": true,
    "content": "<p>Lid zijn is leuk. Word ook lid!</p>",
    "button_text": "Submit",
    "email_copies": "ledenadministratie@localhost",
    "email_subject": "Bevestiging van inschrijving",
    "response": "<p>Bedankt voor je inschrijving. Je ontvangt een bevestigingsmail op het emailadres dat je hebt opgegeven.</p>",
    "email_message": "Beste aanmelder,\r\n\r\nBedankt voor je aanmelding. Hieronder vind je een overzicht van de gegevens die je hebt ingevoerd."
  },
  "pk": 14
},
{
  "model": "forms.field",
  "fields": {
    "_order": 0,
    "visible": true,
    "field_type": 8,
    "placeholder_text": "",
    "help_text": " ",
    "choices": "Man, Vrouw",
    "form": 14,
    "label": "Geslacht",
    "default": "",
    "required": true
  },
  "pk": 1
},
{
  "model": "forms.field",
  "fields": {
    "_order": 1,
    "visible": true,
    "field_type": 1,
    "placeholder_text": "",
    "help_text": " ",
    "choices": "",
    "form": 14,
    "label": "Naam",
    "default": "",
    "required": true
  },
  "pk": 2
},
{
  "model": "forms.field",
  "fields": {
    "_order": 2,
    "visible": true,
    "field_type": 3,
    "placeholder_text": "",
    "help_text": " ",
    "choices": "",
    "form": 14,
    "label": "E-mail",
    "default": "",
    "required": true
  },
  "pk": 3
},
{
  "model": "forms.field",
  "fields": {
    "_order": 3,
    "visible": true,
    "field_type": 1,
    "placeholder_text": "",
    "help_text": "Je kunt je IBAN achterhalen op https://www.ibanbicservice.nl/SingleRequest.aspx",
    "choices": "",
    "form": 14,
    "label": "IBAN",
    "default": "",
    "required": true
  },
  "pk": 4
},
{
  "model": "forms.field",
  "fields": {
    "_order": 4,
    "visible": true,
    "field_type": 15,
    "placeholder_text": "",
    "help_text": " ",
    "choices": "",
    "form": 14,
    "label": "Geboortedatum",
    "default": "",
    "required": true
  },
  "pk": 5
},
{
  "model": "forms.field",
  "fields": {
    "_order": 5,
    "visible": true,
    "field_type": 6,
    "placeholder_text": "",
    "help_text": " ",
    "choices": "Combi, Zelfstandig",
    "form": 14,
    "label": "Type lidmaatschap",
    "default": "",
    "required": true
  },
  "pk": 6
},
{
  "model": "forms.field",
  "fields": {
    "_order": 6,
    "visible": true,
    "field_type": 2,
    "placeholder_text": "",
    "help_text": " ",
    "choices": "",
    "form": 14,
    "label": "Opmerkingen",
    "default": "",
    "required": false
  },
  "pk": 7
},
{
  "model": "forms.formentry",
  "fields": {
    "entry_time": "2014-12-26T10:42:05.925Z",
    "form": 14
  },
  "pk": 1
},
{
  "model": "forms.fieldentry",
  "fields": {
    "value": "Man",
    "field_id": 1,
    "entry": 1
  },
  "pk": 1
},
{
  "model": "forms.fieldentry",
  "fields": {
    "value": "John Doe",
    "field_id": 2,
    "entry": 1
  },
  "pk": 2
},
{
  "model": "forms.fieldentry",
  "fields": {
    "value": "johndoe@example.com",
    "field_id": 3,
    "entry": 1
  },
  "pk": 3
},
{
  "model": "forms.fieldentry",
  "fields": {
    "value": "NL12XXXX3456789012",
    "field_id": 4,
    "entry": 1
  },
  "pk": 4
},
{
  "model": "forms.fieldentry",
  "fields": {
    "value": "2014-01-01",
    "field_id": 5,
    "entry": 1
  },
  "pk": 5
},
{
  "model": "forms.fieldentry",
  "fields": {
    "value": "Combi",
    "field_id": 6,
    "entry": 1
  },
  "pk": 6
},
{
  "model": "forms.fieldentry",
  "fields": {
    "value": "",
    "field_id": 7,
    "entry": 1
  },
  "pk": 7
},
{
  "model": "pages.page",
  "fields": {
    "slug": "blog",
    "_meta_title": null,
    "updated": null,
    "titles": "Blog",
    "title": "Blog",
    "in_sitemap": true,
    "keywords_string": "",
    "status": 2,
    "login_required": false,
    "created": null,
    "description": "Blog",
    "_order": 1,
    "short_url": null,
    "gen_description": true,
    "publish_date": null,
    "expiry_date": null,
    "site": 1,
    "content_model": "richtextpage",
    "parent": null,
    "in_menus": "1,2,3"
  },
  "pk": 1
},
{
  "model": "pages.page",
  "fields": {
    "slug": "word-actief",
    "_meta_title": "",
    "updated": "2014-12-21T21:35:53.992Z",
    "titles": "Word actief!",
    "title": "Word actief!",
    "in_sitemap": true,
    "keywords_string": "",
    "status": 2,
    "login_required": false,
    "created": "2014-12-21T21:35:53.992Z",
    "description": "\nLorem ipsum dolor sit amet, consectetur adipiscing elit. Morbi luctus eget erat efficitur porta. Donec a lorem urna. Morbi tincidunt ligula eget lectus condimentum, vitae consequat leo eleifend. Vivamus a porttitor felis. Curabitur suscipit, erat et varius egestas, odio ante pretium ante, a consectetur ligula urna non ante. Vivamus in libero convallis, tempus sem non, dignissim quam. Nam molestie diam nec leo dignissim, et iaculis erat aliquet. Praesent ullamcorper massa libero, non tempus eros commodo egestas. Nulla lorem elit, auctor id malesuada sit amet, semper in orci. Maecenas faucibus, risus vitae venenatis lacinia, erat mi venenatis augue, sit amet interdum dolor felis ut ante. Morbi a facilisis ante, in lobortis urna. Etiam ut nunc quis libero interdum aliquam eu at magna. Nunc vehicula risus eleifend molestie vulputate. Mauris diam odio, congue eget lorem id, finibus imperdiet sem.",
    "_order": 0,
    "short_url": null,
    "gen_description": true,
    "publish_date": "2014-12-21T21:35:53.981Z",
    "expiry_date": null,
    "site": 1,
    "content_model": "richtextpage",
    "parent": null,
    "in_menus": "1,2,3"
  },
  "pk": 2
},
{
  "model": "pages.page",
  "fields": {
    "slug": "media",
    "_meta_title": "",
    "updated": "2014-12-21T21:36:16.018Z",
    "titles": "Media",
    "title": "Media",
    "in_sitemap": true,
    "keywords_string": "",
    "status": 2,
    "login_required": false,
    "created": "2014-12-21T21:36:16.018Z",
    "description": "\nLorem ipsum dolor sit amet, consectetur adipiscing elit. Morbi luctus eget erat efficitur porta. Donec a lorem urna. Morbi tincidunt ligula eget lectus condimentum, vitae consequat leo eleifend. Vivamus a porttitor felis. Curabitur suscipit, erat et varius egestas, odio ante pretium ante, a consectetur ligula urna non ante. Vivamus in libero convallis, tempus sem non, dignissim quam. Nam molestie diam nec leo dignissim, et iaculis erat aliquet. Praesent ullamcorper massa libero, non tempus eros commodo egestas. Nulla lorem elit, auctor id malesuada sit amet, semper in orci. Maecenas faucibus, risus vitae venenatis lacinia, erat mi venenatis augue, sit amet interdum dolor felis ut ante. Morbi a facilisis ante, in lobortis urna. Etiam ut nunc quis libero interdum aliquam eu at magna. Nunc vehicula risus eleifend molestie vulputate. Mauris diam odio, congue eget lorem id, finibus imperdiet sem.",
    "_order": 1,
    "short_url": null,
    "gen_description": true,
    "publish_date": "2014-12-21T21:36:16.017Z",
    "expiry_date": null,
    "site": 1,
    "content_model": "richtextpage",
    "parent": null,
    "in_menus": "1,2,3"
  },
  "pk": 3
},
{
  "model": "pages.page",
  "fields": {
    "slug": "blog/category/jd-blog",
    "_meta_title": "",
    "updated": "2014-12-21T21:38:43.657Z",
    "titles": "Media / JD Blog",
    "title": "JD Blog",
    "in_sitemap": true,
    "keywords_string": "",
    "status": 2,
    "login_required": false,
    "created": "2014-12-21T21:38:38.599Z",
    "description": ".",
    "_order": 0,
    "short_url": null,
    "gen_description": true,
    "publish_date": "2014-12-21T21:38:38.598Z",
    "expiry_date": null,
    "site": 1,
    "content_model": "richtextpage",
    "parent": 3,
    "in_menus": "1,2,3"
  },
  "pk": 4
},
{
  "model": "pages.page",
  "fields": {
    "slug": "blog/category/nieuws",
    "_meta_title": "",
    "updated": "2014-12-21T21:39:03.492Z",
    "titles": "Media / Persberichten",
    "title": "Persberichten",
    "in_sitemap": true,
    "keywords_string": "",
    "status": 2,
    "login_required": false,
    "created": "2014-12-21T21:39:03.485Z",
    "description": ".",
    "_order": 1,
    "short_url": null,
    "gen_description": true,
    "publish_date": "2014-12-21T21:39:03.485Z",
    "expiry_date": null,
    "site": 1,
    "content_model": "richtextpage",
    "parent": 3,
    "in_menus": "1,2,3"
  },
  "pk": 5
},
{
  "model": "pages.page",
  "fields": {
    "slug": "word-actief",
    "_meta_title": "",
    "updated": "2014-12-21T21:39:42.707Z",
    "titles": "Word actief!",
    "title": "Word actief!",
    "in_sitemap": true,
    "keywords_string": "",
    "status": 2,
    "login_required": false,
    "created": "2014-12-21T21:39:42.707Z",
    "description": "\nLorem ipsum dolor sit amet, consectetur adipiscing elit. Morbi luctus eget erat efficitur porta. Donec a lorem urna. Morbi tincidunt ligula eget lectus condimentum, vitae consequat leo eleifend. Vivamus a porttitor felis. Curabitur suscipit, erat et varius egestas, odio ante pretium ante, a consectetur ligula urna non ante. Vivamus in libero convallis, tempus sem non, dignissim quam. Nam molestie diam nec leo dignissim, et iaculis erat aliquet. Praesent ullamcorper massa libero, non tempus eros commodo egestas. Nulla lorem elit, auctor id malesuada sit amet, semper in orci. Maecenas faucibus, risus vitae venenatis lacinia, erat mi venenatis augue, sit amet interdum dolor felis ut ante. Morbi a facilisis ante, in lobortis urna. Etiam ut nunc quis libero interdum aliquam eu at magna. Nunc vehicula risus eleifend molestie vulputate. Mauris diam odio, congue eget lorem id, finibus imperdiet sem.",
    "_order": 0,
    "short_url": null,
    "gen_description": true,
    "publish_date": "2014-12-21T21:39:42.705Z",
    "expiry_date": null,
    "site": 3,
    "content_model": "richtextpage",
    "parent": null,
    "in_menus": "1,2,3"
  },
  "pk": 6
},
{
  "model": "pages.page",
  "fields": {
    "slug": "organisatie",
    "_meta_title": "",
    "updated": "2014-12-21T21:39:54.779Z",
    "titles": "Organisatie",
    "title": "Organisatie",
    "in_sitemap": true,
    "keywords_string": "",
    "status": 2,
    "login_required": false,
    "created": "2014-12-21T21:39:54.779Z",
    "description": "\nLorem ipsum dolor sit amet, consectetur adipiscing elit. Morbi luctus eget erat efficitur porta. Donec a lorem urna. Morbi tincidunt ligula eget lectus condimentum, vitae consequat leo eleifend. Vivamus a porttitor felis. Curabitur suscipit, erat et varius egestas, odio ante pretium ante, a consectetur ligula urna non ante. Vivamus in libero convallis, tempus sem non, dignissim quam. Nam molestie diam nec leo dignissim, et iaculis erat aliquet. Praesent ullamcorper massa libero, non tempus eros commodo egestas. Nulla lorem elit, auctor id malesuada sit amet, semper in orci. Maecenas faucibus, risus vitae venenatis lacinia, erat mi venenatis augue, sit amet interdum dolor felis ut ante. Morbi a facilisis ante, in lobortis urna. Etiam ut nunc quis libero interdum aliquam eu at magna. Nunc vehicula risus eleifend molestie vulputate. Mauris diam odio, congue eget lorem id, finibus imperdiet sem.",
    "_order": 1,
    "short_url": null,
    "gen_description": true,
    "publish_date": "2014-12-21T21:39:54.776Z",
    "expiry_date": null,
    "site": 3,
    "content_model": "richtextpage",
    "parent": null,
    "in_menus": "1,2,3"
  },
  "pk": 7
},
{
  "model": "pages.page",
  "fields": {
    "slug": "bestuur",
    "_meta_title": "",
    "updated": "2014-12-21T21:40:44.994Z",
    "titles": "Organisatie / Bestuur",
    "title": "Bestuur",
    "in_sitemap": true,
    "keywords_string": "",
    "status": 2,
    "login_required": false,
    "created": "2014-12-21T21:39:59.444Z",
    "description": "\nLorem ipsum dolor sit amet, consectetur adipiscing elit. Morbi luctus eget erat efficitur porta. Donec a lorem urna. Morbi tincidunt ligula eget lectus condimentum, vitae consequat leo eleifend. Vivamus a porttitor felis. Curabitur suscipit, erat et varius egestas, odio ante pretium ante, a consectetur ligula urna non ante. Vivamus in libero convallis, tempus sem non, dignissim quam. Nam molestie diam nec leo dignissim, et iaculis erat aliquet. Praesent ullamcorper massa libero, non tempus eros commodo egestas. Nulla lorem elit, auctor id malesuada sit amet, semper in orci. Maecenas faucibus, risus vitae venenatis lacinia, erat mi venenatis augue, sit amet interdum dolor felis ut ante. Morbi a facilisis ante, in lobortis urna. Etiam ut nunc quis libero interdum aliquam eu at magna. Nunc vehicula risus eleifend molestie vulputate. Mauris diam odio, congue eget lorem id, finibus imperdiet sem.",
    "_order": 0,
    "short_url": null,
    "gen_description": true,
    "publish_date": "2014-12-21T21:39:59.442Z",
    "expiry_date": null,
    "site": 3,
    "content_model": "richtextpage",
    "parent": 7,
    "in_menus": "1,2,3"
  },
  "pk": 8
},
{
  "model": "pages.page",
  "fields": {
    "slug": "regionaal-politiek-programma",
    "_meta_title": "",
    "updated": "2014-12-21T21:40:51.654Z",
    "titles": "Organisatie / Regionaal Politiek Programma",
    "title": "Regionaal Politiek Programma",
    "in_sitemap": true,
    "keywords_string": "",
    "status": 2,
    "login_required": false,
    "created": "2014-12-21T21:40:15.081Z",
    "description": "\nLorem ipsum dolor sit amet, consectetur adipiscing elit. Morbi luctus eget erat efficitur porta. Donec a lorem urna. Morbi tincidunt ligula eget lectus condimentum, vitae consequat leo eleifend. Vivamus a porttitor felis. Curabitur suscipit, erat et varius egestas, odio ante pretium ante, a consectetur ligula urna non ante. Vivamus in libero convallis, tempus sem non, dignissim quam. Nam molestie diam nec leo dignissim, et iaculis erat aliquet. Praesent ullamcorper massa libero, non tempus eros commodo egestas. Nulla lorem elit, auctor id malesuada sit amet, semper in orci. Maecenas faucibus, risus vitae venenatis lacinia, erat mi venenatis augue, sit amet interdum dolor felis ut ante. Morbi a facilisis ante, in lobortis urna. Etiam ut nunc quis libero interdum aliquam eu at magna. Nunc vehicula risus eleifend molestie vulputate. Mauris diam odio, congue eget lorem id, finibus imperdiet sem.",
    "_order": 1,
    "short_url": null,
    "gen_description": true,
    "publish_date": "2014-12-21T21:40:15.079Z",
    "expiry_date": null,
    "site": 3,
    "content_model": "richtextpage",
    "parent": 7,
    "in_menus": "1,2,3"
  },
  "pk": 9
},
{
  "model": "pages.page",
  "fields": {
    "slug": "aav",
    "_meta_title": "",
    "updated": "2014-12-21T21:40:54.359Z",
    "titles": "Organisatie / AAV",
    "title": "AAV",
    "in_sitemap": true,
    "keywords_string": "",
    "status": 2,
    "login_required": false,
    "created": "2014-12-21T21:40:19.832Z",
    "description": "\nLorem ipsum dolor sit amet, consectetur adipiscing elit. Morbi luctus eget erat efficitur porta. Donec a lorem urna. Morbi tincidunt ligula eget lectus condimentum, vitae consequat leo eleifend. Vivamus a porttitor felis. Curabitur suscipit, erat et varius egestas, odio ante pretium ante, a consectetur ligula urna non ante. Vivamus in libero convallis, tempus sem non, dignissim quam. Nam molestie diam nec leo dignissim, et iaculis erat aliquet. Praesent ullamcorper massa libero, non tempus eros commodo egestas. Nulla lorem elit, auctor id malesuada sit amet, semper in orci. Maecenas faucibus, risus vitae venenatis lacinia, erat mi venenatis augue, sit amet interdum dolor felis ut ante. Morbi a facilisis ante, in lobortis urna. Etiam ut nunc quis libero interdum aliquam eu at magna. Nunc vehicula risus eleifend molestie vulputate. Mauris diam odio, congue eget lorem id, finibus imperdiet sem.",
    "_order": 2,
    "short_url": null,
    "gen_description": true,
    "publish_date": "2014-12-21T21:40:19.830Z",
    "expiry_date": null,
    "site": 3,
    "content_model": "richtextpage",
    "parent": 7,
    "in_menus": "1,2,3"
  },
  "pk": 10
},
{
  "model": "pages.page",
  "fields": {
    "slug": "afdelingsreglement",
    "_meta_title": "",
    "updated": "2014-12-21T21:40:56.270Z",
    "titles": "Organisatie / Afdelingsreglement",
    "title": "Afdelingsreglement",
    "in_sitemap": true,
    "keywords_string": "",
    "status": 2,
    "login_required": false,
    "created": "2014-12-21T21:40:40.527Z",
    "description": "\nLorem ipsum dolor sit amet, consectetur adipiscing elit. Morbi luctus eget erat efficitur porta. Donec a lorem urna. Morbi tincidunt ligula eget lectus condimentum, vitae consequat leo eleifend. Vivamus a porttitor felis. Curabitur suscipit, erat et varius egestas, odio ante pretium ante, a consectetur ligula urna non ante. Vivamus in libero convallis, tempus sem non, dignissim quam. Nam molestie diam nec leo dignissim, et iaculis erat aliquet. Praesent ullamcorper massa libero, non tempus eros commodo egestas. Nulla lorem elit, auctor id malesuada sit amet, semper in orci. Maecenas faucibus, risus vitae venenatis lacinia, erat mi venenatis augue, sit amet interdum dolor felis ut ante. Morbi a facilisis ante, in lobortis urna. Etiam ut nunc quis libero interdum aliquam eu at magna. Nunc vehicula risus eleifend molestie vulputate. Mauris diam odio, congue eget lorem id, finibus imperdiet sem.",
    "_order": 3,
    "short_url": null,
    "gen_description": true,
    "publish_date": "2014-12-21T21:40:40.525Z",
    "expiry_date": null,
    "site": 3,
    "content_model": "richtextpage",
    "parent": 7,
    "in_menus": "1,2,3"
  },
  "pk": 11
},
{
  "model": "pages.page",
  "fields": {
    "slug": "blog/category/nieuws",
    "_meta_title": "",
    "updated": "2014-12-21T21:42:31.210Z",
    "titles": "Nieuws",
    "title": "Nieuws",
    "in_sitemap": true,
    "keywords_string": "",
    "status": 2,
    "login_required": false,
    "created": "2014-12-21T21:42:31.210Z",
    "description": ".",
    "_order": 2,
    "short_url": null,
    "gen_description": true,
    "publish_date": "2014-12-21T21:42:31.209Z",
    "expiry_date": null,
    "site": 3,
    "content_model": "richtextpage",
    "parent": null,
    "in_menus": "1,2,3"
  },
  "pk": 12
},
{
  "model": "pages.page",
  "fields": {
    "slug": "blog/category/weblog",
    "_meta_title": "",
    "updated": "2014-12-21T21:42:48.179Z",
    "titles": "Weblog",
    "title": "Weblog",
    "in_sitemap": true,
    "keywords_string": "",
    "status": 2,
    "login_required": false,
    "created": "2014-12-21T21:42:48.179Z",
    "description": ".",
    "_order": 3,
    "short_url": null,
    "gen_description": true,
    "publish_date": "2014-12-21T21:42:48.178Z",
    "expiry_date": null,
    "site": 3,
    "content_model": "richtextpage",
    "parent": null,
    "in_menus": "1,2,3"
  },
  "pk": 13
},
{
  "model": "pages.page",
  "fields": {
    "slug": "word-actief/word-lid",
    "_meta_title": "",
    "updated": "2014-12-26T10:40:31.517Z",
    "titles": "Word actief! / Word lid!",
    "title": "Word lid!",
    "in_sitemap": true,
    "keywords_string": "",
    "status": 2,
    "login_required": false,
    "created": "2014-12-26T10:40:31.513Z",
    "description": "Lid zijn is leuk. Word ook lid!",
    "_order": 0,
    "short_url": null,
    "gen_description": true,
    "publish_date": "2014-12-26T10:40:31.473Z",
    "expiry_date": null,
    "site": 1,
    "content_model": "form",
    "parent": 2,
    "in_menus": "1,2,3"
  },
  "pk": 14
},
{
  "model": "pages.richtextpage",
  "fields": {
    "content": "<p>Blog</p>"
  },
  "pk": 1
},
{
  "model": "pages.richtextpage",
  "fields": {
    "content": "<div id=\"lipsum\">\n<p>Lorem ipsum dolor sit amet, consectetur adipiscing elit. Morbi luctus eget erat efficitur porta. Donec a lorem urna. Morbi tincidunt ligula eget lectus condimentum, vitae consequat leo eleifend. Vivamus a porttitor felis. Curabitur suscipit, erat et varius egestas, odio ante pretium ante, a consectetur ligula urna non ante. Vivamus in libero convallis, tempus sem non, dignissim quam. Nam molestie diam nec leo dignissim, et iaculis erat aliquet. Praesent ullamcorper massa libero, non tempus eros commodo egestas. Nulla lorem elit, auctor id malesuada sit amet, semper in orci. Maecenas faucibus, risus vitae venenatis lacinia, erat mi venenatis augue, sit amet interdum dolor felis ut ante. Morbi a facilisis ante, in lobortis urna. Etiam ut nunc quis libero interdum aliquam eu at magna. Nunc vehicula risus eleifend molestie vulputate. Mauris diam odio, congue eget lorem id, finibus imperdiet sem.</p>\n<p>Vestibulum eget posuere metus, vel finibus leo. Suspendisse congue orci magna, in vestibulum lacus pulvinar a. Donec egestas, felis id feugiat tempus, orci velit ullamcorper risus, et ultricies augue arcu ullamcorper dolor. Mauris eget sollicitudin purus. Aenean a cursus risus, sit amet mattis erat. Curabitur vel venenatis sem. Cras non gravida tellus, eu egestas tellus. Morbi at lorem a turpis blandit vulputate vitae a est.</p>\n<p>Nam luctus vestibulum ultricies. Proin lobortis diam nec libero fringilla accumsan. Sed venenatis ante tortor, eu dapibus lectus finibus quis. Suspendisse faucibus felis nec consequat condimentum. Phasellus dui augue, sollicitudin euismod dolor non, hendrerit maximus sapien. Nullam porttitor hendrerit erat, eget commodo leo fermentum nec. Ut ex lacus, ullamcorper eu auctor eget, vehicula sed mauris. Aenean maximus ante eu eros sollicitudin bibendum. Quisque ullamcorper at lorem in bibendum. Phasellus erat sapien, iaculis in orci ac, tincidunt lacinia orci. Nunc euismod ligula lectus, eu euismod leo sollicitudin sit amet. Phasellus odio justo, pretium eget rhoncus sed, egestas eget felis. Phasellus cursus varius arcu, id bibendum enim convallis ac. Aliquam sagittis semper nulla ac molestie. Vestibulum varius gravida ornare.</p>\n<p>Aliquam posuere purus ac dolor eleifend fringilla. Fusce bibendum pretium facilisis. Etiam imperdiet ante vel convallis dignissim. Praesent vitae sapien a augue vehicula tincidunt. Quisque imperdiet sapien nec nibh tempus aliquet. Quisque sed tristique erat, sed faucibus ex. In fringilla elit et tortor pretium feugiat. Nullam ut posuere velit, nec volutpat sapien. Pellentesque congue pellentesque velit a egestas. Nullam libero elit, feugiat sollicitudin faucibus vel, vehicula eu turpis. Morbi mi diam, accumsan sed sapien vitae, auctor scelerisque nulla. Sed convallis velit non metus sollicitudin aliquam. Aenean fringilla leo et quam feugiat molestie. Curabitur gravida porttitor lorem.</p>\n<p>Nam ac molestie nunc. Nullam vel velit lacinia, auctor sapien vel, condimentum purus. Sed id vulputate tortor, quis pulvinar nunc. Nunc luctus sapien mi, id semper nisi ultricies vel. Proin laoreet, metus et rhoncus sagittis, neque nisl facilisis lorem, in feugiat arcu ex sit amet risus. Morbi et ante commodo, vehicula mi id, pulvinar ex. Integer tempus eros sit amet blandit dapibus. Nunc fringilla ac libero vitae viverra. Morbi mollis lorem non ex blandit, ut sollicitudin est faucibus.</p>\n</div>"
  },
  "pk": 3
},
{
  "model": "pages.richtextpage",
  "fields": {
    "content": "<p>.</p>"
  },
  "pk": 4
},
{
  "model": "pages.richtextpage",
  "fields": {
    "content": "<p>.</p>"
  },
  "pk": 5
},
{
  "model": "pages.richtextpage",
  "fields": {
    "content": "<p>.</p>"
  },
  "pk": 12
},
{
  "model": "pages.richtextpage",
  "fields": {
    "content": "<div id=\"lipsum\">\n<p>Lorem ipsum dolor sit amet, consectetur adipiscing elit. Morbi luctus eget erat efficitur porta. Donec a lorem urna. Morbi tincidunt ligula eget lectus condimentum, vitae consequat leo eleifend. Vivamus a porttitor felis. Curabitur suscipit, erat et varius egestas, odio ante pretium ante, a consectetur ligula urna non ante. Vivamus in libero convallis, tempus sem non, dignissim quam. Nam molestie diam nec leo dignissim, et iaculis erat aliquet. Praesent ullamcorper massa libero, non tempus eros commodo egestas. Nulla lorem elit, auctor id malesuada sit amet, semper in orci. Maecenas faucibus, risus vitae venenatis lacinia, erat mi venenatis augue, sit amet interdum dolor felis ut ante. Morbi a facilisis ante, in lobortis urna. Etiam ut nunc quis libero interdum aliquam eu at magna. Nunc vehicula risus eleifend molestie vulputate. Mauris diam odio, congue eget lorem id, finibus imperdiet sem.</p>\n<p>Vestibulum eget posuere metus, vel finibus leo. Suspendisse congue orci magna, in vestibulum lacus pulvinar a. Donec egestas, felis id feugiat tempus, orci velit ullamcorper risus, et ultricies augue arcu ullamcorper dolor. Mauris eget sollicitudin purus. Aenean a cursus risus, sit amet mattis erat. Curabitur vel venenatis sem. Cras non gravida tellus, eu egestas tellus. Morbi at lorem a turpis blandit vulputate vitae a est.</p>\n<p>Nam luctus vestibulum ultricies. Proin lobortis diam nec libero fringilla accumsan. Sed venenatis ante tortor, eu dapibus lectus finibus quis. Suspendisse faucibus felis nec consequat condimentum. Phasellus dui augue, sollicitudin euismod dolor non, hendrerit maximus sapien. Nullam porttitor hendrerit erat, eget commodo leo fermentum nec. Ut ex lacus, ullamcorper eu auctor eget, vehicula sed mauris. Aenean maximus ante eu eros sollicitudin bibendum. Quisque ullamcorper at lorem in bibendum. Phasellus erat sapien, iaculis in orci ac, tincidunt lacinia orci. Nunc euismod ligula lectus, eu euismod leo sollicitudin sit amet. Phasellus odio justo, pretium eget rhoncus sed, egestas eget felis. Phasellus cursus varius arcu, id bibendum enim convallis ac. Aliquam sagittis semper nulla ac molestie. Vestibulum varius gravida ornare.</p>\n<p>Aliquam posuere purus ac dolor eleifend fringilla. Fusce bibendum pretium facilisis. Etiam imperdiet ante vel convallis dignissim. Praesent vitae sapien a augue vehicula tincidunt. Quisque imperdiet sapien nec nibh tempus aliquet. Quisque sed tristique erat, sed faucibus ex. In fringilla elit et tortor pretium feugiat. Nullam ut posuere velit, nec volutpat sapien. Pellentesque congue pellentesque velit a egestas. Nullam libero elit, feugiat sollicitudin faucibus vel, vehicula eu turpis. Morbi mi diam, accumsan sed sapien vitae, auctor scelerisque nulla. Sed convallis velit non metus sollicitudin aliquam. Aenean fringilla leo et quam feugiat molestie. Curabitur gravida porttitor lorem.</p>\n<p>Nam ac molestie nunc. Nullam vel velit lacinia, auctor sapien vel, condimentum purus. Sed id vulputate tortor, quis pulvinar nunc. Nunc luctus sapien mi, id semper nisi ultricies vel. Proin laoreet, metus et rhoncus sagittis, neque nisl facilisis lorem, in feugiat arcu ex sit amet risus. Morbi et ante commodo, vehicula mi id, pulvinar ex. Integer tempus eros sit amet blandit dapibus. Nunc fringilla ac libero vitae viverra. Morbi mollis lorem non ex blandit, ut sollicitudin est faucibus.</p>\n</div>"
  },
  "pk": 7
},
{
  "model": "pages.richtextpage",
  "fields": {
    "content": "<div id=\"lipsum\">\n<p>Lorem ipsum dolor sit amet, consectetur adipiscing elit. Morbi luctus eget erat efficitur porta. Donec a lorem urna. Morbi tincidunt ligula eget lectus condimentum, vitae consequat leo eleifend. Vivamus a porttitor felis. Curabitur suscipit, erat et varius egestas, odio ante pretium ante, a consectetur ligula urna non ante. Vivamus in libero convallis, tempus sem non, dignissim quam. Nam molestie diam nec leo dignissim, et iaculis erat aliquet. Praesent ullamcorper massa libero, non tempus eros commodo egestas. Nulla lorem elit, auctor id malesuada sit amet, semper in orci. Maecenas faucibus, risus vitae venenatis lacinia, erat mi venenatis augue, sit amet interdum dolor felis ut ante. Morbi a facilisis ante, in lobortis urna. Etiam ut nunc quis libero interdum aliquam eu at magna. Nunc vehicula risus eleifend molestie vulputate. Mauris diam odio, congue eget lorem id, finibus imperdiet sem.</p>\n<p>Vestibulum eget posuere metus, vel finibus leo. Suspendisse congue orci magna, in vestibulum lacus pulvinar a. Donec egestas, felis id feugiat tempus, orci velit ullamcorper risus, et ultricies augue arcu ullamcorper dolor. Mauris eget sollicitudin purus. Aenean a cursus risus, sit amet mattis erat. Curabitur vel venenatis sem. Cras non gravida tellus, eu egestas tellus. Morbi at lorem a turpis blandit vulputate vitae a est.</p>\n<p>Nam luctus vestibulum ultricies. Proin lobortis diam nec libero fringilla accumsan. Sed venenatis ante tortor, eu dapibus lectus finibus quis. Suspendisse faucibus felis nec consequat condimentum. Phasellus dui augue, sollicitudin euismod dolor non, hendrerit maximus sapien. Nullam porttitor hendrerit erat, eget commodo leo fermentum nec. Ut ex lacus, ullamcorper eu auctor eget, vehicula sed mauris. Aenean maximus ante eu eros sollicitudin bibendum. Quisque ullamcorper at lorem in bibendum. Phasellus erat sapien, iaculis in orci ac, tincidunt lacinia orci. Nunc euismod ligula lectus, eu euismod leo sollicitudin sit amet. Phasellus odio justo, pretium eget rhoncus sed, egestas eget felis. Phasellus cursus varius arcu, id bibendum enim convallis ac. Aliquam sagittis semper nulla ac molestie. Vestibulum varius gravida ornare.</p>\n<p>Aliquam posuere purus ac dolor eleifend fringilla. Fusce bibendum pretium facilisis. Etiam imperdiet ante vel convallis dignissim. Praesent vitae sapien a augue vehicula tincidunt. Quisque imperdiet sapien nec nibh tempus aliquet. Quisque sed tristique erat, sed faucibus ex. In fringilla elit et tortor pretium feugiat. Nullam ut posuere velit, nec volutpat sapien. Pellentesque congue pellentesque velit a egestas. Nullam libero elit, feugiat sollicitudin faucibus vel, vehicula eu turpis. Morbi mi diam, accumsan sed sapien vitae, auctor scelerisque nulla. Sed convallis velit non metus sollicitudin aliquam. Aenean fringilla leo et quam feugiat molestie. Curabitur gravida porttitor lorem.</p>\n<p>Nam ac molestie nunc. Nullam vel velit lacinia, auctor sapien vel, condimentum purus. Sed id vulputate tortor, quis pulvinar nunc. Nunc luctus sapien mi, id semper nisi ultricies vel. Proin laoreet, metus et rhoncus sagittis, neque nisl facilisis lorem, in feugiat arcu ex sit amet risus. Morbi et ante commodo, vehicula mi id, pulvinar ex. Integer tempus eros sit amet blandit dapibus. Nunc fringilla ac libero vitae viverra. Morbi mollis lorem non ex blandit, ut sollicitudin est faucibus.</p>\n</div>"
  },
  "pk": 10
},
{
  "model": "pages.richtextpage",
  "fields": {
    "content": "<div id=\"lipsum\">\n<p>Lorem ipsum dolor sit amet, consectetur adipiscing elit. Morbi luctus eget erat efficitur porta. Donec a lorem urna. Morbi tincidunt ligula eget lectus condimentum, vitae consequat leo eleifend. Vivamus a porttitor felis. Curabitur suscipit, erat et varius egestas, odio ante pretium ante, a consectetur ligula urna non ante. Vivamus in libero convallis, tempus sem non, dignissim quam. Nam molestie diam nec leo dignissim, et iaculis erat aliquet. Praesent ullamcorper massa libero, non tempus eros commodo egestas. Nulla lorem elit, auctor id malesuada sit amet, semper in orci. Maecenas faucibus, risus vitae venenatis lacinia, erat mi venenatis augue, sit amet interdum dolor felis ut ante. Morbi a facilisis ante, in lobortis urna. Etiam ut nunc quis libero interdum aliquam eu at magna. Nunc vehicula risus eleifend molestie vulputate. Mauris diam odio, congue eget lorem id, finibus imperdiet sem.</p>\n<p>Vestibulum eget posuere metus, vel finibus leo. Suspendisse congue orci magna, in vestibulum lacus pulvinar a. Donec egestas, felis id feugiat tempus, orci velit ullamcorper risus, et ultricies augue arcu ullamcorper dolor. Mauris eget sollicitudin purus. Aenean a cursus risus, sit amet mattis erat. Curabitur vel venenatis sem. Cras non gravida tellus, eu egestas tellus. Morbi at lorem a turpis blandit vulputate vitae a est.</p>\n<p>Nam luctus vestibulum ultricies. Proin lobortis diam nec libero fringilla accumsan. Sed venenatis ante tortor, eu dapibus lectus finibus quis. Suspendisse faucibus felis nec consequat condimentum. Phasellus dui augue, sollicitudin euismod dolor non, hendrerit maximus sapien. Nullam porttitor hendrerit erat, eget commodo leo fermentum nec. Ut ex lacus, ullamcorper eu auctor eget, vehicula sed mauris. Aenean maximus ante eu eros sollicitudin bibendum. Quisque ullamcorper at lorem in bibendum. Phasellus erat sapien, iaculis in orci ac, tincidunt lacinia orci. Nunc euismod ligula lectus, eu euismod leo sollicitudin sit amet. Phasellus odio justo, pretium eget rhoncus sed, egestas eget felis. Phasellus cursus varius arcu, id bibendum enim convallis ac. Aliquam sagittis semper nulla ac molestie. Vestibulum varius gravida ornare.</p>\n<p>Aliquam posuere purus ac dolor eleifend fringilla. Fusce bibendum pretium facilisis. Etiam imperdiet ante vel convallis dignissim. Praesent vitae sapien a augue vehicula tincidunt. Quisque imperdiet sapien nec nibh tempus aliquet. Quisque sed tristique erat, sed faucibus ex. In fringilla elit et tortor pretium feugiat. Nullam ut posuere velit, nec volutpat sapien. Pellentesque congue pellentesque velit a egestas. Nullam libero elit, feugiat sollicitudin faucibus vel, vehicula eu turpis. Morbi mi diam, accumsan sed sapien vitae, auctor scelerisque nulla. Sed convallis velit non metus sollicitudin aliquam. Aenean fringilla leo et quam feugiat molestie. Curabitur gravida porttitor lorem.</p>\n<p>Nam ac molestie nunc. Nullam vel velit lacinia, auctor sapien vel, condimentum purus. Sed id vulputate tortor, quis pulvinar nunc. Nunc luctus sapien mi, id semper nisi ultricies vel. Proin laoreet, metus et rhoncus sagittis, neque nisl facilisis lorem, in feugiat arcu ex sit amet risus. Morbi et ante commodo, vehicula mi id, pulvinar ex. Integer tempus eros sit amet blandit dapibus. Nunc fringilla ac libero vitae viverra. Morbi mollis lorem non ex blandit, ut sollicitudin est faucibus.</p>\n</div>"
  },
  "pk": 11
},
{
  "model": "pages.richtextpage",
  "fields": {
    "content": "<div id=\"lipsum\">\n<p>Lorem ipsum dolor sit amet, consectetur adipiscing elit. Morbi luctus eget erat efficitur porta. Donec a lorem urna. Morbi tincidunt ligula eget lectus condimentum, vitae consequat leo eleifend. Vivamus a porttitor felis. Curabitur suscipit, erat et varius egestas, odio ante pretium ante, a consectetur ligula urna non ante. Vivamus in libero convallis, tempus sem non, dignissim quam. Nam molestie diam nec leo dignissim, et iaculis erat aliquet. Praesent ullamcorper massa libero, non tempus eros commodo egestas. Nulla lorem elit, auctor id malesuada sit amet, semper in orci. Maecenas faucibus, risus vitae venenatis lacinia, erat mi venenatis augue, sit amet interdum dolor felis ut ante. Morbi a facilisis ante, in lobortis urna. Etiam ut nunc quis libero interdum aliquam eu at magna. Nunc vehicula risus eleifend molestie vulputate. Mauris diam odio, congue eget lorem id, finibus imperdiet sem.</p>\n<p>Vestibulum eget posuere metus, vel finibus leo. Suspendisse congue orci magna, in vestibulum lacus pulvinar a. Donec egestas, felis id feugiat tempus, orci velit ullamcorper risus, et ultricies augue arcu ullamcorper dolor. Mauris eget sollicitudin purus. Aenean a cursus risus, sit amet mattis erat. Curabitur vel venenatis sem. Cras non gravida tellus, eu egestas tellus. Morbi at lorem a turpis blandit vulputate vitae a est.</p>\n<p>Nam luctus vestibulum ultricies. Proin lobortis diam nec libero fringilla accumsan. Sed venenatis ante tortor, eu dapibus lectus finibus quis. Suspendisse faucibus felis nec consequat condimentum. Phasellus dui augue, sollicitudin euismod dolor non, hendrerit maximus sapien. Nullam porttitor hendrerit erat, eget commodo leo fermentum nec. Ut ex lacus, ullamcorper eu auctor eget, vehicula sed mauris. Aenean maximus ante eu eros sollicitudin bibendum. Quisque ullamcorper at lorem in bibendum. Phasellus erat sapien, iaculis in orci ac, tincidunt lacinia orci. Nunc euismod ligula lectus, eu euismod leo sollicitudin sit amet. Phasellus odio justo, pretium eget rhoncus sed, egestas eget felis. Phasellus cursus varius arcu, id bibendum enim convallis ac. Aliquam sagittis semper nulla ac molestie. Vestibulum varius gravida ornare.</p>\n<p>Aliquam posuere purus ac dolor eleifend fringilla. Fusce bibendum pretium facilisis. Etiam imperdiet ante vel convallis dignissim. Praesent vitae sapien a augue vehicula tincidunt. Quisque imperdiet sapien nec nibh tempus aliquet. Quisque sed tristique erat, sed faucibus ex. In fringilla elit et tortor pretium feugiat. Nullam ut posuere velit, nec volutpat sapien. Pellentesque congue pellentesque velit a egestas. Nullam libero elit, feugiat sollicitudin faucibus vel, vehicula eu turpis. Morbi mi diam, accumsan sed sapien vitae, auctor scelerisque nulla. Sed convallis velit non metus sollicitudin aliquam. Aenean fringilla leo et quam feugiat molestie. Curabitur gravida porttitor lorem.</p>\n<p>Nam ac molestie nunc. Nullam vel velit lacinia, auctor sapien vel, condimentum purus. Sed id vulputate tortor, quis pulvinar nunc. Nunc luctus sapien mi, id semper nisi ultricies vel. Proin laoreet, metus et rhoncus sagittis, neque nisl facilisis lorem, in feugiat arcu ex sit amet risus. Morbi et ante commodo, vehicula mi id, pulvinar ex. Integer tempus eros sit amet blandit dapibus. Nunc fringilla ac libero vitae viverra. Morbi mollis lorem non ex blandit, ut sollicitudin est faucibus.</p>\n</div>"
  },
  "pk": 8
},
{
  "model": "pages.richtextpage",
  "fields": {
    "content": "<div id=\"lipsum\">\n<p>Lorem ipsum dolor sit amet, consectetur adipiscing elit. Morbi luctus eget erat efficitur porta. Donec a lorem urna. Morbi tincidunt ligula eget lectus condimentum, vitae consequat leo eleifend. Vivamus a porttitor felis. Curabitur suscipit, erat et varius egestas, odio ante pretium ante, a consectetur ligula urna non ante. Vivamus in libero convallis, tempus sem non, dignissim quam. Nam molestie diam nec leo dignissim, et iaculis erat aliquet. Praesent ullamcorper massa libero, non tempus eros commodo egestas. Nulla lorem elit, auctor id malesuada sit amet, semper in orci. Maecenas faucibus, risus vitae venenatis lacinia, erat mi venenatis augue, sit amet interdum dolor felis ut ante. Morbi a facilisis ante, in lobortis urna. Etiam ut nunc quis libero interdum aliquam eu at magna. Nunc vehicula risus eleifend molestie vulputate. Mauris diam odio, congue eget lorem id, finibus imperdiet sem.</p>\n<p>Vestibulum eget posuere metus, vel finibus leo. Suspendisse congue orci magna, in vestibulum lacus pulvinar a. Donec egestas, felis id feugiat tempus, orci velit ullamcorper risus, et ultricies augue arcu ullamcorper dolor. Mauris eget sollicitudin purus. Aenean a cursus risus, sit amet mattis erat. Curabitur vel venenatis sem. Cras non gravida tellus, eu egestas tellus. Morbi at lorem a turpis blandit vulputate vitae a est.</p>\n<p>Nam luctus vestibulum ultricies. Proin lobortis diam nec libero fringilla accumsan. Sed venenatis ante tortor, eu dapibus lectus finibus quis. Suspendisse faucibus felis nec consequat condimentum. Phasellus dui augue, sollicitudin euismod dolor non, hendrerit maximus sapien. Nullam porttitor hendrerit erat, eget commodo leo fermentum nec. Ut ex lacus, ullamcorper eu auctor eget, vehicula sed mauris. Aenean maximus ante eu eros sollicitudin bibendum. Quisque ullamcorper at lorem in bibendum. Phasellus erat sapien, iaculis in orci ac, tincidunt lacinia orci. Nunc euismod ligula lectus, eu euismod leo sollicitudin sit amet. Phasellus odio justo, pretium eget rhoncus sed, egestas eget felis. Phasellus cursus varius arcu, id bibendum enim convallis ac. Aliquam sagittis semper nulla ac molestie. Vestibulum varius gravida ornare.</p>\n<p>Aliquam posuere purus ac dolor eleifend fringilla. Fusce bibendum pretium facilisis. Etiam imperdiet ante vel convallis dignissim. Praesent vitae sapien a augue vehicula tincidunt. Quisque imperdiet sapien nec nibh tempus aliquet. Quisque sed tristique erat, sed faucibus ex. In fringilla elit et tortor pretium feugiat. Nullam ut posuere velit, nec volutpat sapien. Pellentesque congue pellentesque velit a egestas. Nullam libero elit, feugiat sollicitudin faucibus vel, vehicula eu turpis. Morbi mi diam, accumsan sed sapien vitae, auctor scelerisque nulla. Sed convallis velit non metus sollicitudin aliquam. Aenean fringilla leo et quam feugiat molestie. Curabitur gravida porttitor lorem.</p>\n<p>Nam ac molestie nunc. Nullam vel velit lacinia, auctor sapien vel, condimentum purus. Sed id vulputate tortor, quis pulvinar nunc. Nunc luctus sapien mi, id semper nisi ultricies vel. Proin laoreet, metus et rhoncus sagittis, neque nisl facilisis lorem, in feugiat arcu ex sit amet risus. Morbi et ante commodo, vehicula mi id, pulvinar ex. Integer tempus eros sit amet blandit dapibus. Nunc fringilla ac libero vitae viverra. Morbi mollis lorem non ex blandit, ut sollicitudin est faucibus.</p>\n</div>"
  },
  "pk": 9
},
{
  "model": "pages.richtextpage",
  "fields": {
    "content": "<p>.</p>"
  },
  "pk": 13
},
{
  "model": "pages.richtextpage",
  "fields": {
    "content": "<div id=\"lipsum\">\n<p>Lorem ipsum dolor sit amet, consectetur adipiscing elit. Morbi luctus eget erat efficitur porta. Donec a lorem urna. Morbi tincidunt ligula eget lectus condimentum, vitae consequat leo eleifend. Vivamus a porttitor felis. Curabitur suscipit, erat et varius egestas, odio ante pretium ante, a consectetur ligula urna non ante. Vivamus in libero convallis, tempus sem non, dignissim quam. Nam molestie diam nec leo dignissim, et iaculis erat aliquet. Praesent ullamcorper massa libero, non tempus eros commodo egestas. Nulla lorem elit, auctor id malesuada sit amet, semper in orci. Maecenas faucibus, risus vitae venenatis lacinia, erat mi venenatis augue, sit amet interdum dolor felis ut ante. Morbi a facilisis ante, in lobortis urna. Etiam ut nunc quis libero interdum aliquam eu at magna. Nunc vehicula risus eleifend molestie vulputate. Mauris diam odio, congue eget lorem id, finibus imperdiet sem.</p>\n<p>Vestibulum eget posuere metus, vel finibus leo. Suspendisse congue orci magna, in vestibulum lacus pulvinar a. Donec egestas, felis id feugiat tempus, orci velit ullamcorper risus, et ultricies augue arcu ullamcorper dolor. Mauris eget sollicitudin purus. Aenean a cursus risus, sit amet mattis erat. Curabitur vel venenatis sem. Cras non gravida tellus, eu egestas tellus. Morbi at lorem a turpis blandit vulputate vitae a est.</p>\n<p>Nam luctus vestibulum ultricies. Proin lobortis diam nec libero fringilla accumsan. Sed venenatis ante tortor, eu dapibus lectus finibus quis. Suspendisse faucibus felis nec consequat condimentum. Phasellus dui augue, sollicitudin euismod dolor non, hendrerit maximus sapien. Nullam porttitor hendrerit erat, eget commodo leo fermentum nec. Ut ex lacus, ullamcorper eu auctor eget, vehicula sed mauris. Aenean maximus ante eu eros sollicitudin bibendum. Quisque ullamcorper at lorem in bibendum. Phasellus erat sapien, iaculis in orci ac, tincidunt lacinia orci. Nunc euismod ligula lectus, eu euismod leo sollicitudin sit amet. Phasellus odio justo, pretium eget rhoncus sed, egestas eget felis. Phasellus cursus varius arcu, id bibendum enim convallis ac. Aliquam sagittis semper nulla ac molestie. Vestibulum varius gravida ornare.</p>\n<p>Aliquam posuere purus ac dolor eleifend fringilla. Fusce bibendum pretium facilisis. Etiam imperdiet ante vel convallis dignissim. Praesent vitae sapien a augue vehicula tincidunt. Quisque imperdiet sapien nec nibh tempus aliquet. Quisque sed tristique erat, sed faucibus ex. In fringilla elit et tortor pretium feugiat. Nullam ut posuere velit, nec volutpat sapien. Pellentesque congue pellentesque velit a egestas. Nullam libero elit, feugiat sollicitudin faucibus vel, vehicula eu turpis. Morbi mi diam, accumsan sed sapien vitae, auctor scelerisque nulla. Sed convallis velit non metus sollicitudin aliquam. Aenean fringilla leo et quam feugiat molestie. Curabitur gravida porttitor lorem.</p>\n<p>Nam ac molestie nunc. Nullam vel velit lacinia, auctor sapien vel, condimentum purus. Sed id vulputate tortor, quis pulvinar nunc. Nunc luctus sapien mi, id semper nisi ultricies vel. Proin laoreet, metus et rhoncus sagittis, neque nisl facilisis lorem, in feugiat arcu ex sit amet risus. Morbi et ante commodo, vehicula mi id, pulvinar ex. Integer tempus eros sit amet blandit dapibus. Nunc fringilla ac libero vitae viverra. Morbi mollis lorem non ex blandit, ut sollicitudin est faucibus.</p>\n</div>"
  },
  "pk": 2
},
{
  "model": "pages.richtextpage",
  "fields": {
    "content": "<div id=\"lipsum\">\n<p>Lorem ipsum dolor sit amet, consectetur adipiscing elit. Morbi luctus eget erat efficitur porta. Donec a lorem urna. Morbi tincidunt ligula eget lectus condimentum, vitae consequat leo eleifend. Vivamus a porttitor felis. Curabitur suscipit, erat et varius egestas, odio ante pretium ante, a consectetur ligula urna non ante. Vivamus in libero convallis, tempus sem non, dignissim quam. Nam molestie diam nec leo dignissim, et iaculis erat aliquet. Praesent ullamcorper massa libero, non tempus eros commodo egestas. Nulla lorem elit, auctor id malesuada sit amet, semper in orci. Maecenas faucibus, risus vitae venenatis lacinia, erat mi venenatis augue, sit amet interdum dolor felis ut ante. Morbi a facilisis ante, in lobortis urna. Etiam ut nunc quis libero interdum aliquam eu at magna. Nunc vehicula risus eleifend molestie vulputate. Mauris diam odio, congue eget lorem id, finibus imperdiet sem.</p>\n<p>Vestibulum eget posuere metus, vel finibus leo. Suspendisse congue orci magna, in vestibulum lacus pulvinar a. Donec egestas, felis id feugiat tempus, orci velit ullamcorper risus, et ultricies augue arcu ullamcorper dolor. Mauris eget sollicitudin purus. Aenean a cursus risus, sit amet mattis erat. Curabitur vel venenatis sem. Cras non gravida tellus, eu egestas tellus. Morbi at lorem a turpis blandit vulputate vitae a est.</p>\n<p>Nam luctus vestibulum ultricies. Proin lobortis diam nec libero fringilla accumsan. Sed venenatis ante tortor, eu dapibus lectus finibus quis. Suspendisse faucibus felis nec consequat condimentum. Phasellus dui augue, sollicitudin euismod dolor non, hendrerit maximus sapien. Nullam porttitor hendrerit erat, eget commodo leo fermentum nec. Ut ex lacus, ullamcorper eu auctor eget, vehicula sed mauris. Aenean maximus ante eu eros sollicitudin bibendum. Quisque ullamcorper at lorem in bibendum. Phasellus erat sapien, iaculis in orci ac, tincidunt lacinia orci. Nunc euismod ligula lectus, eu euismod leo sollicitudin sit amet. Phasellus odio justo, pretium eget rhoncus sed, egestas eget felis. Phasellus cursus varius arcu, id bibendum enim convallis ac. Aliquam sagittis semper nulla ac molestie. Vestibulum varius gravida ornare.</p>\n<p>Aliquam posuere purus ac dolor eleifend fringilla. Fusce bibendum pretium facilisis. Etiam imperdiet ante vel convallis dignissim. Praesent vitae sapien a augue vehicula tincidunt. Quisque imperdiet sapien nec nibh tempus aliquet. Quisque sed tristique erat, sed faucibus ex. In fringilla elit et tortor pretium feugiat. Nullam ut posuere velit, nec volutpat sapien. Pellentesque congue pellentesque velit a egestas. Nullam libero elit, feugiat sollicitudin faucibus vel, vehicula eu turpis. Morbi mi diam, accumsan sed sapien vitae, auctor scelerisque nulla. Sed convallis velit non metus sollicitudin aliquam. Aenean fringilla leo et quam feugiat molestie. Curabitur gravida porttitor lorem.</p>\n<p>Nam ac molestie nunc. Nullam vel velit lacinia, auctor sapien vel, condimentum purus. Sed id vulputate tortor, quis pulvinar nunc. Nunc luctus sapien mi, id semper nisi ultricies vel. Proin laoreet, metus et rhoncus sagittis, neque nisl facilisis lorem, in feugiat arcu ex sit amet risus. Morbi et ante commodo, vehicula mi id, pulvinar ex. Integer tempus eros sit amet blandit dapibus. Nunc fringilla ac libero vitae viverra. Morbi mollis lorem non ex blandit, ut sollicitudin est faucibus.</p>\n</div>"
  },
  "pk": 6
},
{
  "model": "twitter.query",
  "fields": {
    "value": "from:stephen_mcd mezzanine",
    "interested": true,
    "type": "search"
  },
  "pk": 1
},
{
  "model": "auth.permission",
  "fields": {
    "codename": "add_permission",
    "content_type": [
      "auth",
      "permission"
    ],
    "name": "Can add permission"
  },
  "pk": 1
},
{
  "model": "auth.permission",
  "fields": {
    "codename": "change_permission",
    "content_type": [
      "auth",
      "permission"
    ],
    "name": "Can change permission"
  },
  "pk": 2
},
{
  "model": "auth.permission",
  "fields": {
    "codename": "delete_permission",
    "content_type": [
      "auth",
      "permission"
    ],
    "name": "Can delete permission"
  },
  "pk": 3
},
{
  "model": "auth.permission",
  "fields": {
    "codename": "add_group",
    "content_type": [
      "auth",
      "group"
    ],
    "name": "Can add group"
  },
  "pk": 4
},
{
  "model": "auth.permission",
  "fields": {
    "codename": "change_group",
    "content_type": [
      "auth",
      "group"
    ],
    "name": "Can change group"
  },
  "pk": 5
},
{
  "model": "auth.permission",
  "fields": {
    "codename": "delete_group",
    "content_type": [
      "auth",
      "group"
    ],
    "name": "Can delete group"
  },
  "pk": 6
},
{
  "model": "auth.permission",
  "fields": {
    "codename": "add_user",
    "content_type": [
      "auth",
      "user"
    ],
    "name": "Can add user"
  },
  "pk": 7
},
{
  "model": "auth.permission",
  "fields": {
    "codename": "change_user",
    "content_type": [
      "auth",
      "user"
    ],
    "name": "Can change user"
  },
  "pk": 8
},
{
  "model": "auth.permission",
  "fields": {
    "codename": "delete_user",
    "content_type": [
      "auth",
      "user"
    ],
    "name": "Can delete user"
  },
  "pk": 9
},
{
  "model": "auth.permission",
  "fields": {
    "codename": "add_contenttype",
    "content_type": [
      "contenttypes",
      "contenttype"
    ],
    "name": "Can add content type"
  },
  "pk": 10
},
{
  "model": "auth.permission",
  "fields": {
    "codename": "change_contenttype",
    "content_type": [
      "contenttypes",
      "contenttype"
    ],
    "name": "Can change content type"
  },
  "pk": 11
},
{
  "model": "auth.permission",
  "fields": {
    "codename": "delete_contenttype",
    "content_type": [
      "contenttypes",
      "contenttype"
    ],
    "name": "Can delete content type"
  },
  "pk": 12
},
{
  "model": "auth.permission",
  "fields": {
    "codename": "add_redirect",
    "content_type": [
      "redirects",
      "redirect"
    ],
    "name": "Can add redirect"
  },
  "pk": 13
},
{
  "model": "auth.permission",
  "fields": {
    "codename": "change_redirect",
    "content_type": [
      "redirects",
      "redirect"
    ],
    "name": "Can change redirect"
  },
  "pk": 14
},
{
  "model": "auth.permission",
  "fields": {
    "codename": "delete_redirect",
    "content_type": [
      "redirects",
      "redirect"
    ],
    "name": "Can delete redirect"
  },
  "pk": 15
},
{
  "model": "auth.permission",
  "fields": {
    "codename": "add_session",
    "content_type": [
      "sessions",
      "session"
    ],
    "name": "Can add session"
  },
  "pk": 16
},
{
  "model": "auth.permission",
  "fields": {
    "codename": "change_session",
    "content_type": [
      "sessions",
      "session"
    ],
    "name": "Can change session"
  },
  "pk": 17
},
{
  "model": "auth.permission",
  "fields": {
    "codename": "delete_session",
    "content_type": [
      "sessions",
      "session"
    ],
    "name": "Can delete session"
  },
  "pk": 18
},
{
  "model": "auth.permission",
  "fields": {
    "codename": "add_site",
    "content_type": [
      "sites",
      "site"
    ],
    "name": "Can add site"
  },
  "pk": 19
},
{
  "model": "auth.permission",
  "fields": {
    "codename": "change_site",
    "content_type": [
      "sites",
      "site"
    ],
    "name": "Can change site"
  },
  "pk": 20
},
{
  "model": "auth.permission",
  "fields": {
    "codename": "delete_site",
    "content_type": [
      "sites",
      "site"
    ],
    "name": "Can delete site"
  },
  "pk": 21
},
{
  "model": "auth.permission",
  "fields": {
    "codename": "add_setting",
    "content_type": [
      "conf",
      "setting"
    ],
    "name": "Can add Setting"
  },
  "pk": 22
},
{
  "model": "auth.permission",
  "fields": {
    "codename": "change_setting",
    "content_type": [
      "conf",
      "setting"
    ],
    "name": "Can change Setting"
  },
  "pk": 23
},
{
  "model": "auth.permission",
  "fields": {
    "codename": "delete_setting",
    "content_type": [
      "conf",
      "setting"
    ],
    "name": "Can delete Setting"
  },
  "pk": 24
},
{
  "model": "auth.permission",
  "fields": {
    "codename": "add_sitepermission",
    "content_type": [
      "core",
      "sitepermission"
    ],
    "name": "Can add Site permission"
  },
  "pk": 25
},
{
  "model": "auth.permission",
  "fields": {
    "codename": "change_sitepermission",
    "content_type": [
      "core",
      "sitepermission"
    ],
    "name": "Can change Site permission"
  },
  "pk": 26
},
{
  "model": "auth.permission",
  "fields": {
    "codename": "delete_sitepermission",
    "content_type": [
      "core",
      "sitepermission"
    ],
    "name": "Can delete Site permission"
  },
  "pk": 27
},
{
  "model": "auth.permission",
  "fields": {
    "codename": "add_threadedcomment",
    "content_type": [
      "generic",
      "threadedcomment"
    ],
    "name": "Can add Comment"
  },
  "pk": 28
},
{
  "model": "auth.permission",
  "fields": {
    "codename": "change_threadedcomment",
    "content_type": [
      "generic",
      "threadedcomment"
    ],
    "name": "Can change Comment"
  },
  "pk": 29
},
{
  "model": "auth.permission",
  "fields": {
    "codename": "delete_threadedcomment",
    "content_type": [
      "generic",
      "threadedcomment"
    ],
    "name": "Can delete Comment"
  },
  "pk": 30
},
{
  "model": "auth.permission",
  "fields": {
    "codename": "add_keyword",
    "content_type": [
      "generic",
      "keyword"
    ],
    "name": "Can add Keyword"
  },
  "pk": 31
},
{
  "model": "auth.permission",
  "fields": {
    "codename": "change_keyword",
    "content_type": [
      "generic",
      "keyword"
    ],
    "name": "Can change Keyword"
  },
  "pk": 32
},
{
  "model": "auth.permission",
  "fields": {
    "codename": "delete_keyword",
    "content_type": [
      "generic",
      "keyword"
    ],
    "name": "Can delete Keyword"
  },
  "pk": 33
},
{
  "model": "auth.permission",
  "fields": {
    "codename": "add_assignedkeyword",
    "content_type": [
      "generic",
      "assignedkeyword"
    ],
    "name": "Can add assigned keyword"
  },
  "pk": 34
},
{
  "model": "auth.permission",
  "fields": {
    "codename": "change_assignedkeyword",
    "content_type": [
      "generic",
      "assignedkeyword"
    ],
    "name": "Can change assigned keyword"
  },
  "pk": 35
},
{
  "model": "auth.permission",
  "fields": {
    "codename": "delete_assignedkeyword",
    "content_type": [
      "generic",
      "assignedkeyword"
    ],
    "name": "Can delete assigned keyword"
  },
  "pk": 36
},
{
  "model": "auth.permission",
  "fields": {
    "codename": "add_rating",
    "content_type": [
      "generic",
      "rating"
    ],
    "name": "Can add Rating"
  },
  "pk": 37
},
{
  "model": "auth.permission",
  "fields": {
    "codename": "change_rating",
    "content_type": [
      "generic",
      "rating"
    ],
    "name": "Can change Rating"
  },
  "pk": 38
},
{
  "model": "auth.permission",
  "fields": {
    "codename": "delete_rating",
    "content_type": [
      "generic",
      "rating"
    ],
    "name": "Can delete Rating"
  },
  "pk": 39
},
{
  "model": "auth.permission",
  "fields": {
    "codename": "add_blogpost",
    "content_type": [
      "blog",
      "blogpost"
    ],
    "name": "Can add Blog post"
  },
  "pk": 40
},
{
  "model": "auth.permission",
  "fields": {
    "codename": "change_blogpost",
    "content_type": [
      "blog",
      "blogpost"
    ],
    "name": "Can change Blog post"
  },
  "pk": 41
},
{
  "model": "auth.permission",
  "fields": {
    "codename": "delete_blogpost",
    "content_type": [
      "blog",
      "blogpost"
    ],
    "name": "Can delete Blog post"
  },
  "pk": 42
},
{
  "model": "auth.permission",
  "fields": {
    "codename": "add_blogcategory",
    "content_type": [
      "blog",
      "blogcategory"
    ],
    "name": "Can add Blog Category"
  },
  "pk": 43
},
{
  "model": "auth.permission",
  "fields": {
    "codename": "change_blogcategory",
    "content_type": [
      "blog",
      "blogcategory"
    ],
    "name": "Can change Blog Category"
  },
  "pk": 44
},
{
  "model": "auth.permission",
  "fields": {
    "codename": "delete_blogcategory",
    "content_type": [
      "blog",
      "blogcategory"
    ],
    "name": "Can delete Blog Category"
  },
  "pk": 45
},
{
  "model": "auth.permission",
  "fields": {
    "codename": "add_form",
    "content_type": [
      "forms",
      "form"
    ],
    "name": "Can add Form"
  },
  "pk": 46
},
{
  "model": "auth.permission",
  "fields": {
    "codename": "change_form",
    "content_type": [
      "forms",
      "form"
    ],
    "name": "Can change Form"
  },
  "pk": 47
},
{
  "model": "auth.permission",
  "fields": {
    "codename": "delete_form",
    "content_type": [
      "forms",
      "form"
    ],
    "name": "Can delete Form"
  },
  "pk": 48
},
{
  "model": "auth.permission",
  "fields": {
    "codename": "add_field",
    "content_type": [
      "forms",
      "field"
    ],
    "name": "Can add Field"
  },
  "pk": 49
},
{
  "model": "auth.permission",
  "fields": {
    "codename": "change_field",
    "content_type": [
      "forms",
      "field"
    ],
    "name": "Can change Field"
  },
  "pk": 50
},
{
  "model": "auth.permission",
  "fields": {
    "codename": "delete_field",
    "content_type": [
      "forms",
      "field"
    ],
    "name": "Can delete Field"
  },
  "pk": 51
},
{
  "model": "auth.permission",
  "fields": {
    "codename": "add_formentry",
    "content_type": [
      "forms",
      "formentry"
    ],
    "name": "Can add Form entry"
  },
  "pk": 52
},
{
  "model": "auth.permission",
  "fields": {
    "codename": "change_formentry",
    "content_type": [
      "forms",
      "formentry"
    ],
    "name": "Can change Form entry"
  },
  "pk": 53
},
{
  "model": "auth.permission",
  "fields": {
    "codename": "delete_formentry",
    "content_type": [
      "forms",
      "formentry"
    ],
    "name": "Can delete Form entry"
  },
  "pk": 54
},
{
  "model": "auth.permission",
  "fields": {
    "codename": "add_fieldentry",
    "content_type": [
      "forms",
      "fieldentry"
    ],
    "name": "Can add Form field entry"
  },
  "pk": 55
},
{
  "model": "auth.permission",
  "fields": {
    "codename": "change_fieldentry",
    "content_type": [
      "forms",
      "fieldentry"
    ],
    "name": "Can change Form field entry"
  },
  "pk": 56
},
{
  "model": "auth.permission",
  "fields": {
    "codename": "delete_fieldentry",
    "content_type": [
      "forms",
      "fieldentry"
    ],
    "name": "Can delete Form field entry"
  },
  "pk": 57
},
{
  "model": "auth.permission",
  "fields": {
    "codename": "add_page",
    "content_type": [
      "pages",
      "page"
    ],
    "name": "Can add Page"
  },
  "pk": 58
},
{
  "model": "auth.permission",
  "fields": {
    "codename": "change_page",
    "content_type": [
      "pages",
      "page"
    ],
    "name": "Can change Page"
  },
  "pk": 59
},
{
  "model": "auth.permission",
  "fields": {
    "codename": "delete_page",
    "content_type": [
      "pages",
      "page"
    ],
    "name": "Can delete Page"
  },
  "pk": 60
},
{
  "model": "auth.permission",
  "fields": {
    "codename": "add_richtextpage",
    "content_type": [
      "pages",
      "richtextpage"
    ],
    "name": "Can add Rich text page"
  },
  "pk": 61
},
{
  "model": "auth.permission",
  "fields": {
    "codename": "change_richtextpage",
    "content_type": [
      "pages",
      "richtextpage"
    ],
    "name": "Can change Rich text page"
  },
  "pk": 62
},
{
  "model": "auth.permission",
  "fields": {
    "codename": "delete_richtextpage",
    "content_type": [
      "pages",
      "richtextpage"
    ],
    "name": "Can delete Rich text page"
  },
  "pk": 63
},
{
  "model": "auth.permission",
  "fields": {
    "codename": "add_link",
    "content_type": [
      "pages",
      "link"
    ],
    "name": "Can add Link"
  },
  "pk": 64
},
{
  "model": "auth.permission",
  "fields": {
    "codename": "change_link",
    "content_type": [
      "pages",
      "link"
    ],
    "name": "Can change Link"
  },
  "pk": 65
},
{
  "model": "auth.permission",
  "fields": {
    "codename": "delete_link",
    "content_type": [
      "pages",
      "link"
    ],
    "name": "Can delete Link"
  },
  "pk": 66
},
{
  "model": "auth.permission",
  "fields": {
    "codename": "add_gallery",
    "content_type": [
      "galleries",
      "gallery"
    ],
    "name": "Can add Gallery"
  },
  "pk": 67
},
{
  "model": "auth.permission",
  "fields": {
    "codename": "change_gallery",
    "content_type": [
      "galleries",
      "gallery"
    ],
    "name": "Can change Gallery"
  },
  "pk": 68
},
{
  "model": "auth.permission",
  "fields": {
    "codename": "delete_gallery",
    "content_type": [
      "galleries",
      "gallery"
    ],
    "name": "Can delete Gallery"
  },
  "pk": 69
},
{
  "model": "auth.permission",
  "fields": {
    "codename": "add_galleryimage",
    "content_type": [
      "galleries",
      "galleryimage"
    ],
    "name": "Can add Image"
  },
  "pk": 70
},
{
  "model": "auth.permission",
  "fields": {
    "codename": "change_galleryimage",
    "content_type": [
      "galleries",
      "galleryimage"
    ],
    "name": "Can change Image"
  },
  "pk": 71
},
{
  "model": "auth.permission",
  "fields": {
    "codename": "delete_galleryimage",
    "content_type": [
      "galleries",
      "galleryimage"
    ],
    "name": "Can delete Image"
  },
  "pk": 72
},
{
  "model": "auth.permission",
  "fields": {
    "codename": "add_query",
    "content_type": [
      "twitter",
      "query"
    ],
    "name": "Can add Twitter query"
  },
  "pk": 73
},
{
  "model": "auth.permission",
  "fields": {
    "codename": "change_query",
    "content_type": [
      "twitter",
      "query"
    ],
    "name": "Can change Twitter query"
  },
  "pk": 74
},
{
  "model": "auth.permission",
  "fields": {
    "codename": "delete_query",
    "content_type": [
      "twitter",
      "query"
    ],
    "name": "Can delete Twitter query"
  },
  "pk": 75
},
{
  "model": "auth.permission",
  "fields": {
    "codename": "add_tweet",
    "content_type": [
      "twitter",
      "tweet"
    ],
    "name": "Can add Tweet"
  },
  "pk": 76
},
{
  "model": "auth.permission",
  "fields": {
    "codename": "change_tweet",
    "content_type": [
      "twitter",
      "tweet"
    ],
    "name": "Can change Tweet"
  },
  "pk": 77
},
{
  "model": "auth.permission",
  "fields": {
    "codename": "delete_tweet",
    "content_type": [
      "twitter",
      "tweet"
    ],
    "name": "Can delete Tweet"
  },
  "pk": 78
},
{
  "model": "auth.permission",
  "fields": {
    "codename": "add_logentry",
    "content_type": [
      "admin",
      "logentry"
    ],
    "name": "Can add log entry"
  },
  "pk": 79
},
{
  "model": "auth.permission",
  "fields": {
    "codename": "change_logentry",
    "content_type": [
      "admin",
      "logentry"
    ],
    "name": "Can change log entry"
  },
  "pk": 80
},
{
  "model": "auth.permission",
  "fields": {
    "codename": "delete_logentry",
    "content_type": [
      "admin",
      "logentry"
    ],
    "name": "Can delete log entry"
  },
  "pk": 81
},
{
  "model": "auth.permission",
  "fields": {
    "codename": "add_comment",
    "content_type": [
      "comments",
      "comment"
    ],
    "name": "Can add comment"
  },
  "pk": 82
},
{
  "model": "auth.permission",
  "fields": {
    "codename": "change_comment",
    "content_type": [
      "comments",
      "comment"
    ],
    "name": "Can change comment"
  },
  "pk": 83
},
{
  "model": "auth.permission",
  "fields": {
    "codename": "delete_comment",
    "content_type": [
      "comments",
      "comment"
    ],
    "name": "Can delete comment"
  },
  "pk": 84
},
{
  "model": "auth.permission",
  "fields": {
    "codename": "can_moderate",
    "content_type": [
      "comments",
      "comment"
    ],
    "name": "Can moderate comments"
  },
  "pk": 85
},
{
  "model": "auth.permission",
  "fields": {
    "codename": "add_commentflag",
    "content_type": [
      "comments",
      "commentflag"
    ],
    "name": "Can add comment flag"
  },
  "pk": 86
},
{
  "model": "auth.permission",
  "fields": {
    "codename": "change_commentflag",
    "content_type": [
      "comments",
      "commentflag"
    ],
    "name": "Can change comment flag"
  },
  "pk": 87
},
{
  "model": "auth.permission",
  "fields": {
    "codename": "delete_commentflag",
    "content_type": [
      "comments",
      "commentflag"
    ],
    "name": "Can delete comment flag"
  },
  "pk": 88
},
{
  "model": "auth.user",
  "fields": {
    "is_active": true,
    "last_name": "",
    "first_name": "",
    "is_superuser": true,
    "last_login": "2014-12-26T10:35:27.854Z",
    "username": "admin",
    "groups": [],
    "email": "admin@admin.admin",
    "date_joined": "2014-12-21T21:34:09.881Z",
    "password": "pbkdf2_sha256$12000$7lZdKvhp8rSo$/iSJHxO1UrsFsoCK9Gzx69/5q8d6COJYjvbAoNqt8IQ=",
    "is_staff": true,
    "user_permissions": []
  },
  "pk": 1
},
{
  "model": "blog.blogpost",
  "fields": {
    "updated": "2014-12-21T21:37:04.611Z",
    "title": "Een mooie weblog",
    "keywords_string": "",
    "status": 2,
    "related_posts": [],
    "in_sitemap": true,
    "gen_description": true,
    "short_url": null,
    "site": 1,
    "allow_comments": true,
    "slug": "een-mooie-weblog",
    "_meta_title": "",
    "rating_count": 0,
    "publish_date": "2014-12-21T21:37:04.609Z",
    "created": "2014-12-21T21:37:04.611Z",
    "rating_sum": 0,
    "rating_average": 0.0,
    "description": "\nLorem ipsum dolor sit amet, consectetur adipiscing elit. Morbi luctus eget erat efficitur porta. Donec a lorem urna. Morbi tincidunt ligula eget lectus condimentum, vitae consequat leo eleifend. Vivamus a porttitor felis. Curabitur suscipit, erat et varius egestas, odio ante pretium ante, a consectetur ligula urna non ante. Vivamus in libero convallis, tempus sem non, dignissim quam. Nam molestie diam nec leo dignissim, et iaculis erat aliquet. Praesent ullamcorper massa libero, non tempus eros commodo egestas. Nulla lorem elit, auctor id malesuada sit amet, semper in orci. Maecenas faucibus, risus vitae venenatis lacinia, erat mi venenatis augue, sit amet interdum dolor felis ut ante. Morbi a facilisis ante, in lobortis urna. Etiam ut nunc quis libero interdum aliquam eu at magna. Nunc vehicula risus eleifend molestie vulputate. Mauris diam odio, congue eget lorem id, finibus imperdiet sem.",
    "content": "<div id=\"lipsum\">\n<p>Lorem ipsum dolor sit amet, consectetur adipiscing elit. Morbi luctus eget erat efficitur porta. Donec a lorem urna. Morbi tincidunt ligula eget lectus condimentum, vitae consequat leo eleifend. Vivamus a porttitor felis. Curabitur suscipit, erat et varius egestas, odio ante pretium ante, a consectetur ligula urna non ante. Vivamus in libero convallis, tempus sem non, dignissim quam. Nam molestie diam nec leo dignissim, et iaculis erat aliquet. Praesent ullamcorper massa libero, non tempus eros commodo egestas. Nulla lorem elit, auctor id malesuada sit amet, semper in orci. Maecenas faucibus, risus vitae venenatis lacinia, erat mi venenatis augue, sit amet interdum dolor felis ut ante. Morbi a facilisis ante, in lobortis urna. Etiam ut nunc quis libero interdum aliquam eu at magna. Nunc vehicula risus eleifend molestie vulputate. Mauris diam odio, congue eget lorem id, finibus imperdiet sem.</p>\n<p>Vestibulum eget posuere metus, vel finibus leo. Suspendisse congue orci magna, in vestibulum lacus pulvinar a. Donec egestas, felis id feugiat tempus, orci velit ullamcorper risus, et ultricies augue arcu ullamcorper dolor. Mauris eget sollicitudin purus. Aenean a cursus risus, sit amet mattis erat. Curabitur vel venenatis sem. Cras non gravida tellus, eu egestas tellus. Morbi at lorem a turpis blandit vulputate vitae a est.</p>\n<p>Nam luctus vestibulum ultricies. Proin lobortis diam nec libero fringilla accumsan. Sed venenatis ante tortor, eu dapibus lectus finibus quis. Suspendisse faucibus felis nec consequat condimentum. Phasellus dui augue, sollicitudin euismod dolor non, hendrerit maximus sapien. Nullam porttitor hendrerit erat, eget commodo leo fermentum nec. Ut ex lacus, ullamcorper eu auctor eget, vehicula sed mauris. Aenean maximus ante eu eros sollicitudin bibendum. Quisque ullamcorper at lorem in bibendum. Phasellus erat sapien, iaculis in orci ac, tincidunt lacinia orci. Nunc euismod ligula lectus, eu euismod leo sollicitudin sit amet. Phasellus odio justo, pretium eget rhoncus sed, egestas eget felis. Phasellus cursus varius arcu, id bibendum enim convallis ac. Aliquam sagittis semper nulla ac molestie. Vestibulum varius gravida ornare.</p>\n<p>Aliquam posuere purus ac dolor eleifend fringilla. Fusce bibendum pretium facilisis. Etiam imperdiet ante vel convallis dignissim. Praesent vitae sapien a augue vehicula tincidunt. Quisque imperdiet sapien nec nibh tempus aliquet. Quisque sed tristique erat, sed faucibus ex. In fringilla elit et tortor pretium feugiat. Nullam ut posuere velit, nec volutpat sapien. Pellentesque congue pellentesque velit a egestas. Nullam libero elit, feugiat sollicitudin faucibus vel, vehicula eu turpis. Morbi mi diam, accumsan sed sapien vitae, auctor scelerisque nulla. Sed convallis velit non metus sollicitudin aliquam. Aenean fringilla leo et quam feugiat molestie. Curabitur gravida porttitor lorem.</p>\n<p>Nam ac molestie nunc. Nullam vel velit lacinia, auctor sapien vel, condimentum purus. Sed id vulputate tortor, quis pulvinar nunc. Nunc luctus sapien mi, id semper nisi ultricies vel. Proin laoreet, metus et rhoncus sagittis, neque nisl facilisis lorem, in feugiat arcu ex sit amet risus. Morbi et ante commodo, vehicula mi id, pulvinar ex. Integer tempus eros sit amet blandit dapibus. Nunc fringilla ac libero vitae viverra. Morbi mollis lorem non ex blandit, ut sollicitudin est faucibus.</p>\n</div>",
    "comments_count": 0,
    "user": [
      "admin"
    ],
    "featured_image": null,
    "expiry_date": null,
    "categories": [
      1
    ]
  },
  "pk": 1
},
{
  "model": "blog.blogpost",
  "fields": {
    "updated": "2014-12-21T21:37:15.769Z",
    "title": "Een groot nieuwtje!",
    "keywords_string": "",
    "status": 2,
    "related_posts": [],
    "in_sitemap": true,
    "gen_description": true,
    "short_url": null,
    "site": 1,
    "allow_comments": true,
    "slug": "een-groot-nieuwtje",
    "_meta_title": "",
    "rating_count": 0,
    "publish_date": "2014-12-21T21:37:15.767Z",
    "created": "2014-12-21T21:37:15.769Z",
    "rating_sum": 0,
    "rating_average": 0.0,
    "description": "\nLorem ipsum dolor sit amet, consectetur adipiscing elit. Morbi luctus eget erat efficitur porta. Donec a lorem urna. Morbi tincidunt ligula eget lectus condimentum, vitae consequat leo eleifend. Vivamus a porttitor felis. Curabitur suscipit, erat et varius egestas, odio ante pretium ante, a consectetur ligula urna non ante. Vivamus in libero convallis, tempus sem non, dignissim quam. Nam molestie diam nec leo dignissim, et iaculis erat aliquet. Praesent ullamcorper massa libero, non tempus eros commodo egestas. Nulla lorem elit, auctor id malesuada sit amet, semper in orci. Maecenas faucibus, risus vitae venenatis lacinia, erat mi venenatis augue, sit amet interdum dolor felis ut ante. Morbi a facilisis ante, in lobortis urna. Etiam ut nunc quis libero interdum aliquam eu at magna. Nunc vehicula risus eleifend molestie vulputate. Mauris diam odio, congue eget lorem id, finibus imperdiet sem.",
    "content": "<div id=\"lipsum\">\n<p>Lorem ipsum dolor sit amet, consectetur adipiscing elit. Morbi luctus eget erat efficitur porta. Donec a lorem urna. Morbi tincidunt ligula eget lectus condimentum, vitae consequat leo eleifend. Vivamus a porttitor felis. Curabitur suscipit, erat et varius egestas, odio ante pretium ante, a consectetur ligula urna non ante. Vivamus in libero convallis, tempus sem non, dignissim quam. Nam molestie diam nec leo dignissim, et iaculis erat aliquet. Praesent ullamcorper massa libero, non tempus eros commodo egestas. Nulla lorem elit, auctor id malesuada sit amet, semper in orci. Maecenas faucibus, risus vitae venenatis lacinia, erat mi venenatis augue, sit amet interdum dolor felis ut ante. Morbi a facilisis ante, in lobortis urna. Etiam ut nunc quis libero interdum aliquam eu at magna. Nunc vehicula risus eleifend molestie vulputate. Mauris diam odio, congue eget lorem id, finibus imperdiet sem.</p>\n<p>Vestibulum eget posuere metus, vel finibus leo. Suspendisse congue orci magna, in vestibulum lacus pulvinar a. Donec egestas, felis id feugiat tempus, orci velit ullamcorper risus, et ultricies augue arcu ullamcorper dolor. Mauris eget sollicitudin purus. Aenean a cursus risus, sit amet mattis erat. Curabitur vel venenatis sem. Cras non gravida tellus, eu egestas tellus. Morbi at lorem a turpis blandit vulputate vitae a est.</p>\n<p>Nam luctus vestibulum ultricies. Proin lobortis diam nec libero fringilla accumsan. Sed venenatis ante tortor, eu dapibus lectus finibus quis. Suspendisse faucibus felis nec consequat condimentum. Phasellus dui augue, sollicitudin euismod dolor non, hendrerit maximus sapien. Nullam porttitor hendrerit erat, eget commodo leo fermentum nec. Ut ex lacus, ullamcorper eu auctor eget, vehicula sed mauris. Aenean maximus ante eu eros sollicitudin bibendum. Quisque ullamcorper at lorem in bibendum. Phasellus erat sapien, iaculis in orci ac, tincidunt lacinia orci. Nunc euismod ligula lectus, eu euismod leo sollicitudin sit amet. Phasellus odio justo, pretium eget rhoncus sed, egestas eget felis. Phasellus cursus varius arcu, id bibendum enim convallis ac. Aliquam sagittis semper nulla ac molestie. Vestibulum varius gravida ornare.</p>\n<p>Aliquam posuere purus ac dolor eleifend fringilla. Fusce bibendum pretium facilisis. Etiam imperdiet ante vel convallis dignissim. Praesent vitae sapien a augue vehicula tincidunt. Quisque imperdiet sapien nec nibh tempus aliquet. Quisque sed tristique erat, sed faucibus ex. In fringilla elit et tortor pretium feugiat. Nullam ut posuere velit, nec volutpat sapien. Pellentesque congue pellentesque velit a egestas. Nullam libero elit, feugiat sollicitudin faucibus vel, vehicula eu turpis. Morbi mi diam, accumsan sed sapien vitae, auctor scelerisque nulla. Sed convallis velit non metus sollicitudin aliquam. Aenean fringilla leo et quam feugiat molestie. Curabitur gravida porttitor lorem.</p>\n<p>Nam ac molestie nunc. Nullam vel velit lacinia, auctor sapien vel, condimentum purus. Sed id vulputate tortor, quis pulvinar nunc. Nunc luctus sapien mi, id semper nisi ultricies vel. Proin laoreet, metus et rhoncus sagittis, neque nisl facilisis lorem, in feugiat arcu ex sit amet risus. Morbi et ante commodo, vehicula mi id, pulvinar ex. Integer tempus eros sit amet blandit dapibus. Nunc fringilla ac libero vitae viverra. Morbi mollis lorem non ex blandit, ut sollicitudin est faucibus.</p>\n</div>",
    "comments_count": 0,
    "user": [
      "admin"
    ],
    "featured_image": null,
    "expiry_date": null,
    "categories": [
      2
    ]
  },
  "pk": 2
},
{
  "model": "blog.blogpost",
  "fields": {
    "updated": "2014-12-21T21:41:33.326Z",
    "title": "Een controversi\u00eble weblog",
    "keywords_string": "",
    "status": 2,
    "related_posts": [],
    "in_sitemap": true,
    "gen_description": true,
    "short_url": null,
    "site": 3,
    "allow_comments": true,
    "slug": "een-controversi\u00eble-weblog",
    "_meta_title": "",
    "rating_count": 0,
    "publish_date": "2014-12-21T21:41:33.322Z",
    "created": "2014-12-21T21:41:33.326Z",
    "rating_sum": 0,
    "rating_average": 0.0,
    "description": "\nLorem ipsum dolor sit amet, consectetur adipiscing elit. Morbi luctus eget erat efficitur porta. Donec a lorem urna. Morbi tincidunt ligula eget lectus condimentum, vitae consequat leo eleifend. Vivamus a porttitor felis. Curabitur suscipit, erat et varius egestas, odio ante pretium ante, a consectetur ligula urna non ante. Vivamus in libero convallis, tempus sem non, dignissim quam. Nam molestie diam nec leo dignissim, et iaculis erat aliquet. Praesent ullamcorper massa libero, non tempus eros commodo egestas. Nulla lorem elit, auctor id malesuada sit amet, semper in orci. Maecenas faucibus, risus vitae venenatis lacinia, erat mi venenatis augue, sit amet interdum dolor felis ut ante. Morbi a facilisis ante, in lobortis urna. Etiam ut nunc quis libero interdum aliquam eu at magna. Nunc vehicula risus eleifend molestie vulputate. Mauris diam odio, congue eget lorem id, finibus imperdiet sem.",
    "content": "<div id=\"lipsum\">\n<p>Lorem ipsum dolor sit amet, consectetur adipiscing elit. Morbi luctus eget erat efficitur porta. Donec a lorem urna. Morbi tincidunt ligula eget lectus condimentum, vitae consequat leo eleifend. Vivamus a porttitor felis. Curabitur suscipit, erat et varius egestas, odio ante pretium ante, a consectetur ligula urna non ante. Vivamus in libero convallis, tempus sem non, dignissim quam. Nam molestie diam nec leo dignissim, et iaculis erat aliquet. Praesent ullamcorper massa libero, non tempus eros commodo egestas. Nulla lorem elit, auctor id malesuada sit amet, semper in orci. Maecenas faucibus, risus vitae venenatis lacinia, erat mi venenatis augue, sit amet interdum dolor felis ut ante. Morbi a facilisis ante, in lobortis urna. Etiam ut nunc quis libero interdum aliquam eu at magna. Nunc vehicula risus eleifend molestie vulputate. Mauris diam odio, congue eget lorem id, finibus imperdiet sem.</p>\n<p>Vestibulum eget posuere metus, vel finibus leo. Suspendisse congue orci magna, in vestibulum lacus pulvinar a. Donec egestas, felis id feugiat tempus, orci velit ullamcorper risus, et ultricies augue arcu ullamcorper dolor. Mauris eget sollicitudin purus. Aenean a cursus risus, sit amet mattis erat. Curabitur vel venenatis sem. Cras non gravida tellus, eu egestas tellus. Morbi at lorem a turpis blandit vulputate vitae a est.</p>\n<p>Nam luctus vestibulum ultricies. Proin lobortis diam nec libero fringilla accumsan. Sed venenatis ante tortor, eu dapibus lectus finibus quis. Suspendisse faucibus felis nec consequat condimentum. Phasellus dui augue, sollicitudin euismod dolor non, hendrerit maximus sapien. Nullam porttitor hendrerit erat, eget commodo leo fermentum nec. Ut ex lacus, ullamcorper eu auctor eget, vehicula sed mauris. Aenean maximus ante eu eros sollicitudin bibendum. Quisque ullamcorper at lorem in bibendum. Phasellus erat sapien, iaculis in orci ac, tincidunt lacinia orci. Nunc euismod ligula lectus, eu euismod leo sollicitudin sit amet. Phasellus odio justo, pretium eget rhoncus sed, egestas eget felis. Phasellus cursus varius arcu, id bibendum enim convallis ac. Aliquam sagittis semper nulla ac molestie. Vestibulum varius gravida ornare.</p>\n<p>Aliquam posuere purus ac dolor eleifend fringilla. Fusce bibendum pretium facilisis. Etiam imperdiet ante vel convallis dignissim. Praesent vitae sapien a augue vehicula tincidunt. Quisque imperdiet sapien nec nibh tempus aliquet. Quisque sed tristique erat, sed faucibus ex. In fringilla elit et tortor pretium feugiat. Nullam ut posuere velit, nec volutpat sapien. Pellentesque congue pellentesque velit a egestas. Nullam libero elit, feugiat sollicitudin faucibus vel, vehicula eu turpis. Morbi mi diam, accumsan sed sapien vitae, auctor scelerisque nulla. Sed convallis velit non metus sollicitudin aliquam. Aenean fringilla leo et quam feugiat molestie. Curabitur gravida porttitor lorem.</p>\n<p>Nam ac molestie nunc. Nullam vel velit lacinia, auctor sapien vel, condimentum purus. Sed id vulputate tortor, quis pulvinar nunc. Nunc luctus sapien mi, id semper nisi ultricies vel. Proin laoreet, metus et rhoncus sagittis, neque nisl facilisis lorem, in feugiat arcu ex sit amet risus. Morbi et ante commodo, vehicula mi id, pulvinar ex. Integer tempus eros sit amet blandit dapibus. Nunc fringilla ac libero vitae viverra. Morbi mollis lorem non ex blandit, ut sollicitudin est faucibus.</p>\n</div>",
    "comments_count": 0,
    "user": [
      "admin"
    ],
    "featured_image": null,
    "expiry_date": null,
    "categories": [
      3
    ]
  },
  "pk": 3
},
{
  "model": "blog.blogpost",
  "fields": {
    "updated": "2014-12-21T21:41:45.325Z",
    "title": "Een mildere weblog",
    "keywords_string": "",
    "status": 2,
    "related_posts": [],
    "in_sitemap": true,
    "gen_description": true,
    "short_url": null,
    "site": 3,
    "allow_comments": true,
    "slug": "een-mildere-weblog",
    "_meta_title": "",
    "rating_count": 0,
    "publish_date": "2014-12-21T21:41:45.323Z",
    "created": "2014-12-21T21:41:45.325Z",
    "rating_sum": 0,
    "rating_average": 0.0,
    "description": "\nLorem ipsum dolor sit amet, consectetur adipiscing elit. Morbi luctus eget erat efficitur porta. Donec a lorem urna. Morbi tincidunt ligula eget lectus condimentum, vitae consequat leo eleifend. Vivamus a porttitor felis. Curabitur suscipit, erat et varius egestas, odio ante pretium ante, a consectetur ligula urna non ante. Vivamus in libero convallis, tempus sem non, dignissim quam. Nam molestie diam nec leo dignissim, et iaculis erat aliquet. Praesent ullamcorper massa libero, non tempus eros commodo egestas. Nulla lorem elit, auctor id malesuada sit amet, semper in orci. Maecenas faucibus, risus vitae venenatis lacinia, erat mi venenatis augue, sit amet interdum dolor felis ut ante. Morbi a facilisis ante, in lobortis urna. Etiam ut nunc quis libero interdum aliquam eu at magna. Nunc vehicula risus eleifend molestie vulputate. Mauris diam odio, congue eget lorem id, finibus imperdiet sem.",
    "content": "<div id=\"lipsum\">\n<p>Lorem ipsum dolor sit amet, consectetur adipiscing elit. Morbi luctus eget erat efficitur porta. Donec a lorem urna. Morbi tincidunt ligula eget lectus condimentum, vitae consequat leo eleifend. Vivamus a porttitor felis. Curabitur suscipit, erat et varius egestas, odio ante pretium ante, a consectetur ligula urna non ante. Vivamus in libero convallis, tempus sem non, dignissim quam. Nam molestie diam nec leo dignissim, et iaculis erat aliquet. Praesent ullamcorper massa libero, non tempus eros commodo egestas. Nulla lorem elit, auctor id malesuada sit amet, semper in orci. Maecenas faucibus, risus vitae venenatis lacinia, erat mi venenatis augue, sit amet interdum dolor felis ut ante. Morbi a facilisis ante, in lobortis urna. Etiam ut nunc quis libero interdum aliquam eu at magna. Nunc vehicula risus eleifend molestie vulputate. Mauris diam odio, congue eget lorem id, finibus imperdiet sem.</p>\n<p>Vestibulum eget posuere metus, vel finibus leo. Suspendisse congue orci magna, in vestibulum lacus pulvinar a. Donec egestas, felis id feugiat tempus, orci velit ullamcorper risus, et ultricies augue arcu ullamcorper dolor. Mauris eget sollicitudin purus. Aenean a cursus risus, sit amet mattis erat. Curabitur vel venenatis sem. Cras non gravida tellus, eu egestas tellus. Morbi at lorem a turpis blandit vulputate vitae a est.</p>\n<p>Nam luctus vestibulum ultricies. Proin lobortis diam nec libero fringilla accumsan. Sed venenatis ante tortor, eu dapibus lectus finibus quis. Suspendisse faucibus felis nec consequat condimentum. Phasellus dui augue, sollicitudin euismod dolor non, hendrerit maximus sapien. Nullam porttitor hendrerit erat, eget commodo leo fermentum nec. Ut ex lacus, ullamcorper eu auctor eget, vehicula sed mauris. Aenean maximus ante eu eros sollicitudin bibendum. Quisque ullamcorper at lorem in bibendum. Phasellus erat sapien, iaculis in orci ac, tincidunt lacinia orci. Nunc euismod ligula lectus, eu euismod leo sollicitudin sit amet. Phasellus odio justo, pretium eget rhoncus sed, egestas eget felis. Phasellus cursus varius arcu, id bibendum enim convallis ac. Aliquam sagittis semper nulla ac molestie. Vestibulum varius gravida ornare.</p>\n<p>Aliquam posuere purus ac dolor eleifend fringilla. Fusce bibendum pretium facilisis. Etiam imperdiet ante vel convallis dignissim. Praesent vitae sapien a augue vehicula tincidunt. Quisque imperdiet sapien nec nibh tempus aliquet. Quisque sed tristique erat, sed faucibus ex. In fringilla elit et tortor pretium feugiat. Nullam ut posuere velit, nec volutpat sapien. Pellentesque congue pellentesque velit a egestas. Nullam libero elit, feugiat sollicitudin faucibus vel, vehicula eu turpis. Morbi mi diam, accumsan sed sapien vitae, auctor scelerisque nulla. Sed convallis velit non metus sollicitudin aliquam. Aenean fringilla leo et quam feugiat molestie. Curabitur gravida porttitor lorem.</p>\n<p>Nam ac molestie nunc. Nullam vel velit lacinia, auctor sapien vel, condimentum purus. Sed id vulputate tortor, quis pulvinar nunc. Nunc luctus sapien mi, id semper nisi ultricies vel. Proin laoreet, metus et rhoncus sagittis, neque nisl facilisis lorem, in feugiat arcu ex sit amet risus. Morbi et ante commodo, vehicula mi id, pulvinar ex. Integer tempus eros sit amet blandit dapibus. Nunc fringilla ac libero vitae viverra. Morbi mollis lorem non ex blandit, ut sollicitudin est faucibus.</p>\n</div>",
    "comments_count": 0,
    "user": [
      "admin"
    ],
    "featured_image": null,
    "expiry_date": null,
    "categories": [
      3
    ]
  },
  "pk": 4
},
{
  "model": "blog.blogpost",
  "fields": {
    "updated": "2014-12-21T21:41:59.969Z",
    "title": "Het persbericht van het jaar!",
    "keywords_string": "",
    "status": 2,
    "related_posts": [],
    "in_sitemap": true,
    "gen_description": true,
    "short_url": null,
    "site": 3,
    "allow_comments": true,
    "slug": "het-persbericht-van-het-jaar",
    "_meta_title": "",
    "rating_count": 0,
    "publish_date": "2014-12-21T21:41:59.965Z",
    "created": "2014-12-21T21:41:59.969Z",
    "rating_sum": 0,
    "rating_average": 0.0,
    "description": "\nLorem ipsum dolor sit amet, consectetur adipiscing elit. Morbi luctus eget erat efficitur porta. Donec a lorem urna. Morbi tincidunt ligula eget lectus condimentum, vitae consequat leo eleifend. Vivamus a porttitor felis. Curabitur suscipit, erat et varius egestas, odio ante pretium ante, a consectetur ligula urna non ante. Vivamus in libero convallis, tempus sem non, dignissim quam. Nam molestie diam nec leo dignissim, et iaculis erat aliquet. Praesent ullamcorper massa libero, non tempus eros commodo egestas. Nulla lorem elit, auctor id malesuada sit amet, semper in orci. Maecenas faucibus, risus vitae venenatis lacinia, erat mi venenatis augue, sit amet interdum dolor felis ut ante. Morbi a facilisis ante, in lobortis urna. Etiam ut nunc quis libero interdum aliquam eu at magna. Nunc vehicula risus eleifend molestie vulputate. Mauris diam odio, congue eget lorem id, finibus imperdiet sem.",
    "content": "<div id=\"lipsum\">\n<p>Lorem ipsum dolor sit amet, consectetur adipiscing elit. Morbi luctus eget erat efficitur porta. Donec a lorem urna. Morbi tincidunt ligula eget lectus condimentum, vitae consequat leo eleifend. Vivamus a porttitor felis. Curabitur suscipit, erat et varius egestas, odio ante pretium ante, a consectetur ligula urna non ante. Vivamus in libero convallis, tempus sem non, dignissim quam. Nam molestie diam nec leo dignissim, et iaculis erat aliquet. Praesent ullamcorper massa libero, non tempus eros commodo egestas. Nulla lorem elit, auctor id malesuada sit amet, semper in orci. Maecenas faucibus, risus vitae venenatis lacinia, erat mi venenatis augue, sit amet interdum dolor felis ut ante. Morbi a facilisis ante, in lobortis urna. Etiam ut nunc quis libero interdum aliquam eu at magna. Nunc vehicula risus eleifend molestie vulputate. Mauris diam odio, congue eget lorem id, finibus imperdiet sem.</p>\n<p>Vestibulum eget posuere metus, vel finibus leo. Suspendisse congue orci magna, in vestibulum lacus pulvinar a. Donec egestas, felis id feugiat tempus, orci velit ullamcorper risus, et ultricies augue arcu ullamcorper dolor. Mauris eget sollicitudin purus. Aenean a cursus risus, sit amet mattis erat. Curabitur vel venenatis sem. Cras non gravida tellus, eu egestas tellus. Morbi at lorem a turpis blandit vulputate vitae a est.</p>\n<p>Nam luctus vestibulum ultricies. Proin lobortis diam nec libero fringilla accumsan. Sed venenatis ante tortor, eu dapibus lectus finibus quis. Suspendisse faucibus felis nec consequat condimentum. Phasellus dui augue, sollicitudin euismod dolor non, hendrerit maximus sapien. Nullam porttitor hendrerit erat, eget commodo leo fermentum nec. Ut ex lacus, ullamcorper eu auctor eget, vehicula sed mauris. Aenean maximus ante eu eros sollicitudin bibendum. Quisque ullamcorper at lorem in bibendum. Phasellus erat sapien, iaculis in orci ac, tincidunt lacinia orci. Nunc euismod ligula lectus, eu euismod leo sollicitudin sit amet. Phasellus odio justo, pretium eget rhoncus sed, egestas eget felis. Phasellus cursus varius arcu, id bibendum enim convallis ac. Aliquam sagittis semper nulla ac molestie. Vestibulum varius gravida ornare.</p>\n<p>Aliquam posuere purus ac dolor eleifend fringilla. Fusce bibendum pretium facilisis. Etiam imperdiet ante vel convallis dignissim. Praesent vitae sapien a augue vehicula tincidunt. Quisque imperdiet sapien nec nibh tempus aliquet. Quisque sed tristique erat, sed faucibus ex. In fringilla elit et tortor pretium feugiat. Nullam ut posuere velit, nec volutpat sapien. Pellentesque congue pellentesque velit a egestas. Nullam libero elit, feugiat sollicitudin faucibus vel, vehicula eu turpis. Morbi mi diam, accumsan sed sapien vitae, auctor scelerisque nulla. Sed convallis velit non metus sollicitudin aliquam. Aenean fringilla leo et quam feugiat molestie. Curabitur gravida porttitor lorem.</p>\n<p>Nam ac molestie nunc. Nullam vel velit lacinia, auctor sapien vel, condimentum purus. Sed id vulputate tortor, quis pulvinar nunc. Nunc luctus sapien mi, id semper nisi ultricies vel. Proin laoreet, metus et rhoncus sagittis, neque nisl facilisis lorem, in feugiat arcu ex sit amet risus. Morbi et ante commodo, vehicula mi id, pulvinar ex. Integer tempus eros sit amet blandit dapibus. Nunc fringilla ac libero vitae viverra. Morbi mollis lorem non ex blandit, ut sollicitudin est faucibus.</p>\n</div>",
    "comments_count": 0,
    "user": [
      "admin"
    ],
    "featured_image": null,
    "expiry_date": null,
    "categories": [
      4
    ]
  },
  "pk": 5
},
{
  "model": "admin.logentry",
  "fields": {
    "object_id": "1",
    "object_repr": "jd.local:8000",
    "content_type": [
      "sites",
      "site"
    ],
    "change_message": "Changed domain and name.",
    "user": [
      "admin"
    ],
    "action_time": "2014-12-21T21:35:01.445Z",
    "action_flag": 2
  },
  "pk": 1
},
{
  "model": "admin.logentry",
  "fields": {
    "object_id": "2",
    "object_repr": "ams.jd.local:8000",
    "content_type": [
      "sites",
      "site"
    ],
    "change_message": "",
    "user": [
      "admin"
    ],
    "action_time": "2014-12-21T21:35:12.910Z",
    "action_flag": 1
  },
  "pk": 2
},
{
  "model": "admin.logentry",
  "fields": {
    "object_id": "3",
    "object_repr": "lh.jd.local:8000",
    "content_type": [
      "sites",
      "site"
    ],
    "change_message": "",
    "user": [
      "admin"
    ],
    "action_time": "2014-12-21T21:35:24.997Z",
    "action_flag": 1
  },
  "pk": 3
},
{
  "model": "admin.logentry",
  "fields": {
    "object_id": "1",
    "object_repr": "Blog",
    "content_type": [
      "pages",
      "page"
    ],
    "change_message": "",
    "user": [
      "admin"
    ],
    "action_time": "2014-12-21T21:35:42.296Z",
    "action_flag": 3
  },
  "pk": 4
},
{
  "model": "admin.logentry",
  "fields": {
    "object_id": "2",
    "object_repr": "Word actief!",
    "content_type": [
      "pages",
      "richtextpage"
    ],
    "change_message": "",
    "user": [
      "admin"
    ],
    "action_time": "2014-12-21T21:35:54Z",
    "action_flag": 1
  },
  "pk": 5
},
{
  "model": "admin.logentry",
  "fields": {
    "object_id": "3",
    "object_repr": "Media",
    "content_type": [
      "pages",
      "richtextpage"
    ],
    "change_message": "",
    "user": [
      "admin"
    ],
    "action_time": "2014-12-21T21:36:16.025Z",
    "action_flag": 1
  },
  "pk": 6
},
{
  "model": "admin.logentry",
  "fields": {
    "object_id": "1",
    "object_repr": "JD Blog",
    "content_type": [
      "blog",
      "blogcategory"
    ],
    "change_message": "",
    "user": [
      "admin"
    ],
    "action_time": "2014-12-21T21:36:39.882Z",
    "action_flag": 1
  },
  "pk": 7
},
{
  "model": "admin.logentry",
  "fields": {
    "object_id": "2",
    "object_repr": "Nieuws",
    "content_type": [
      "blog",
      "blogcategory"
    ],
    "change_message": "",
    "user": [
      "admin"
    ],
    "action_time": "2014-12-21T21:36:46.901Z",
    "action_flag": 1
  },
  "pk": 8
},
{
  "model": "admin.logentry",
  "fields": {
    "object_id": "1",
    "object_repr": "Een mooie weblog",
    "content_type": [
      "blog",
      "blogpost"
    ],
    "change_message": "",
    "user": [
      "admin"
    ],
    "action_time": "2014-12-21T21:37:04.627Z",
    "action_flag": 1
  },
  "pk": 9
},
{
  "model": "admin.logentry",
  "fields": {
    "object_id": "2",
    "object_repr": "Een groot nieuwtje!",
    "content_type": [
      "blog",
      "blogpost"
    ],
    "change_message": "",
    "user": [
      "admin"
    ],
    "action_time": "2014-12-21T21:37:15.780Z",
    "action_flag": 1
  },
  "pk": 10
},
{
  "model": "admin.logentry",
  "fields": {
    "object_id": "4",
    "object_repr": "JD Blog",
    "content_type": [
      "pages",
      "richtextpage"
    ],
    "change_message": "",
    "user": [
      "admin"
    ],
    "action_time": "2014-12-21T21:38:38.608Z",
    "action_flag": 1
  },
  "pk": 11
},
{
  "model": "admin.logentry",
  "fields": {
    "object_id": "5",
    "object_repr": "Media / Persberichten",
    "content_type": [
      "pages",
      "richtextpage"
    ],
    "change_message": "",
    "user": [
      "admin"
    ],
    "action_time": "2014-12-21T21:39:03.504Z",
    "action_flag": 1
  },
  "pk": 12
},
{
  "model": "admin.logentry",
  "fields": {
    "object_id": "6",
    "object_repr": "Word actief!",
    "content_type": [
      "pages",
      "richtextpage"
    ],
    "change_message": "",
    "user": [
      "admin"
    ],
    "action_time": "2014-12-21T21:39:42.726Z",
    "action_flag": 1
  },
  "pk": 13
},
{
  "model": "admin.logentry",
  "fields": {
    "object_id": "7",
    "object_repr": "Organisatie",
    "content_type": [
      "pages",
      "richtextpage"
    ],
    "change_message": "",
    "user": [
      "admin"
    ],
    "action_time": "2014-12-21T21:39:54.786Z",
    "action_flag": 1
  },
  "pk": 14
},
{
  "model": "admin.logentry",
  "fields": {
    "object_id": "8",
    "object_repr": "Bestuur",
    "content_type": [
      "pages",
      "richtextpage"
    ],
    "change_message": "",
    "user": [
      "admin"
    ],
    "action_time": "2014-12-21T21:39:59.469Z",
    "action_flag": 1
  },
  "pk": 15
},
{
  "model": "admin.logentry",
  "fields": {
    "object_id": "9",
    "object_repr": "Regionaal Politiek Programma",
    "content_type": [
      "pages",
      "richtextpage"
    ],
    "change_message": "",
    "user": [
      "admin"
    ],
    "action_time": "2014-12-21T21:40:15.089Z",
    "action_flag": 1
  },
  "pk": 16
},
{
  "model": "admin.logentry",
  "fields": {
    "object_id": "10",
    "object_repr": "AAV",
    "content_type": [
      "pages",
      "richtextpage"
    ],
    "change_message": "",
    "user": [
      "admin"
    ],
    "action_time": "2014-12-21T21:40:19.839Z",
    "action_flag": 1
  },
  "pk": 17
},
{
  "model": "admin.logentry",
  "fields": {
    "object_id": "11",
    "object_repr": "Afdelingsreglement",
    "content_type": [
      "pages",
      "richtextpage"
    ],
    "change_message": "",
    "user": [
      "admin"
    ],
    "action_time": "2014-12-21T21:40:40.538Z",
    "action_flag": 1
  },
  "pk": 18
},
{
  "model": "admin.logentry",
  "fields": {
    "object_id": "3",
    "object_repr": "Weblog",
    "content_type": [
      "blog",
      "blogcategory"
    ],
    "change_message": "",
    "user": [
      "admin"
    ],
    "action_time": "2014-12-21T21:41:20.976Z",
    "action_flag": 1
  },
  "pk": 19
},
{
  "model": "admin.logentry",
  "fields": {
    "object_id": "4",
    "object_repr": "Nieuws",
    "content_type": [
      "blog",
      "blogcategory"
    ],
    "change_message": "",
    "user": [
      "admin"
    ],
    "action_time": "2014-12-21T21:41:26.664Z",
    "action_flag": 1
  },
  "pk": 20
},
{
  "model": "admin.logentry",
  "fields": {
    "object_id": "3",
    "object_repr": "Een controversi\u00eble weblog",
    "content_type": [
      "blog",
      "blogpost"
    ],
    "change_message": "",
    "user": [
      "admin"
    ],
    "action_time": "2014-12-21T21:41:33.342Z",
    "action_flag": 1
  },
  "pk": 21
},
{
  "model": "admin.logentry",
  "fields": {
    "object_id": "4",
    "object_repr": "Een mildere weblog",
    "content_type": [
      "blog",
      "blogpost"
    ],
    "change_message": "",
    "user": [
      "admin"
    ],
    "action_time": "2014-12-21T21:41:45.339Z",
    "action_flag": 1
  },
  "pk": 22
},
{
  "model": "admin.logentry",
  "fields": {
    "object_id": "5",
    "object_repr": "Het persbericht van het jaar!",
    "content_type": [
      "blog",
      "blogpost"
    ],
    "change_message": "",
    "user": [
      "admin"
    ],
    "action_time": "2014-12-21T21:41:59.997Z",
    "action_flag": 1
  },
  "pk": 23
},
{
  "model": "admin.logentry",
  "fields": {
    "object_id": "12",
    "object_repr": "Nieuws",
    "content_type": [
      "pages",
      "richtextpage"
    ],
    "change_message": "",
    "user": [
      "admin"
    ],
    "action_time": "2014-12-21T21:42:31.216Z",
    "action_flag": 1
  },
  "pk": 24
},
{
  "model": "admin.logentry",
  "fields": {
    "object_id": "13",
    "object_repr": "Weblog",
    "content_type": [
      "pages",
      "richtextpage"
    ],
    "change_message": "",
    "user": [
      "admin"
    ],
    "action_time": "2014-12-21T21:42:48.187Z",
    "action_flag": 1
  },
  "pk": 25
},
{
  "model": "admin.logentry",
  "fields": {
    "object_id": "14",
    "object_repr": "Word actief! / Word lid!",
    "content_type": [
      "forms",
      "form"
    ],
    "change_message": "",
    "user": [
      "admin"
    ],
    "action_time": "2014-12-26T10:40:31.532Z",
    "action_flag": 1
  },
  "pk": 26
}
]
