[
{
  "model": "forms.form",
  "fields": {
    "email_from": "root@localhost",
    "button_text": "Submit",
    "email_subject": "Bevestiging van inschrijving",
    "email_copies": "ledenadministratie@localhost",
    "email_message": "Beste aanmelder,\r\n\r\nBedankt voor je aanmelding. Hieronder vind je een overzicht van de gegevens die je hebt ingevoerd.",
    "response": "<p>Bedankt voor je inschrijving. Je ontvangt een bevestigingsmail op het emailadres dat je hebt opgegeven.</p>",
    "send_email": true,
    "content": "<p>Lid zijn is leuk. Word ook lid!</p>\n<p>Neem voor vragen contact op met <a href=\"mailto:ledenadministratie@jd.local\">ledenadministratie@jd.local</a>.</p>"
  },
  "pk": 14
},
{
  "model": "forms.field",
  "fields": {
    "required": true,
    "_order": 0,
    "default": "",
    "form": 14,
    "choices": "Man, Vrouw",
    "visible": true,
    "help_text": " ",
    "field_type": 8,
    "placeholder_text": "",
    "label": "Geslacht"
  },
  "pk": 1
},
{
  "model": "forms.field",
  "fields": {
    "required": true,
    "_order": 1,
    "default": "",
    "form": 14,
    "choices": "",
    "visible": true,
    "help_text": " ",
    "field_type": 1,
    "placeholder_text": "",
    "label": "Naam"
  },
  "pk": 2
},
{
  "model": "forms.field",
  "fields": {
    "required": true,
    "_order": 3,
    "default": "",
    "form": 14,
    "choices": "",
    "visible": true,
    "help_text": " ",
    "field_type": 3,
    "placeholder_text": "",
    "label": "E-mail"
  },
  "pk": 3
},
{
  "model": "forms.field",
  "fields": {
    "required": true,
    "_order": 4,
    "default": "",
    "form": 14,
    "choices": "",
    "visible": true,
    "help_text": "Je kunt je IBAN achterhalen op https://www.ibanbicservice.nl/SingleRequest.aspx",
    "field_type": 1,
    "placeholder_text": "",
    "label": "IBAN"
  },
  "pk": 4
},
{
  "model": "forms.field",
  "fields": {
    "required": true,
    "_order": 5,
    "default": "",
    "form": 14,
    "choices": "",
    "visible": true,
    "help_text": " ",
    "field_type": 15,
    "placeholder_text": "",
    "label": "Geboortedatum"
  },
  "pk": 5
},
{
  "model": "forms.field",
  "fields": {
    "required": true,
    "_order": 6,
    "default": "",
    "form": 14,
    "choices": "Combi, Zelfstandig",
    "visible": true,
    "help_text": " ",
    "field_type": 6,
    "placeholder_text": "",
    "label": "Type lidmaatschap"
  },
  "pk": 6
},
{
  "model": "forms.field",
  "fields": {
    "required": false,
    "_order": 7,
    "default": "",
    "form": 14,
    "choices": "",
    "visible": true,
    "help_text": " ",
    "field_type": 2,
    "placeholder_text": "",
    "label": "Opmerkingen"
  },
  "pk": 7
},
{
  "model": "forms.field",
  "fields": {
    "required": true,
    "_order": 2,
    "default": "",
    "form": 14,
    "choices": "",
    "visible": true,
    "help_text": " ",
    "field_type": 100,
    "placeholder_text": "",
    "label": "Huisnummer"
  },
  "pk": 8
},
{
  "model": "forms.field",
  "fields": {
    "required": true,
    "_order": 8,
    "default": "",
    "form": 14,
    "choices": "",
    "visible": true,
    "help_text": " ",
    "field_type": 101,
    "placeholder_text": "",
    "label": "Controle"
  },
  "pk": 9
},
{
  "model": "forms.formentry",
  "fields": {
    "entry_time": "2014-12-27T22:33:05.576Z",
    "form": 14
  },
  "pk": 3
},
{
  "model": "forms.fieldentry",
  "fields": {
    "value": "Man",
    "entry": 3,
    "field_id": 1
  },
  "pk": 16
},
{
  "model": "forms.fieldentry",
  "fields": {
    "value": "John Doe",
    "entry": 3,
    "field_id": 2
  },
  "pk": 17
},
{
  "model": "forms.fieldentry",
  "fields": {
    "value": "1234",
    "entry": 3,
    "field_id": 8
  },
  "pk": 18
},
{
  "model": "forms.fieldentry",
  "fields": {
    "value": "a@b.com",
    "entry": 3,
    "field_id": 3
  },
  "pk": 19
},
{
  "model": "forms.fieldentry",
  "fields": {
    "value": "NL12XXXX3456789012",
    "entry": 3,
    "field_id": 4
  },
  "pk": 20
},
{
  "model": "forms.fieldentry",
  "fields": {
    "value": "2014-01-01",
    "entry": 3,
    "field_id": 5
  },
  "pk": 21
},
{
  "model": "forms.fieldentry",
  "fields": {
    "value": "Combi",
    "entry": 3,
    "field_id": 6
  },
  "pk": 22
},
{
  "model": "forms.fieldentry",
  "fields": {
    "value": "",
    "entry": 3,
    "field_id": 7
  },
  "pk": 23
},
{
  "model": "forms.fieldentry",
  "fields": {
    "value": "d4f12f1f70bb97b6e4c9168c1231013bdccedbc9, ",
    "entry": 3,
    "field_id": 9
  },
  "pk": 24
},
{
  "model": "pages.page",
  "fields": {
    "gen_description": true,
    "publish_date": null,
    "titles": "Blog",
    "slug": "blog",
    "keywords_string": "",
    "title": "Blog",
    "content_model": "richtextpage",
    "short_url": null,
    "in_sitemap": true,
    "created": null,
    "_order": 2,
    "description": "Blog",
    "status": 2,
    "_meta_title": null,
    "in_menus": "1,2,3",
    "expiry_date": null,
    "parent": null,
    "login_required": false,
    "updated": null,
    "site": 1
  },
  "pk": 1
},
{
  "model": "pages.page",
  "fields": {
    "gen_description": true,
    "publish_date": "2014-12-21T21:35:53Z",
    "titles": "Word actief!",
    "slug": "word-actief",
    "keywords_string": "",
    "title": "Word actief!",
    "content_model": "richtextpage",
    "short_url": null,
    "in_sitemap": true,
    "created": "2014-12-21T21:35:53.992Z",
    "_order": 1,
    "description": "\nLorem ipsum dolor sit amet, consectetur adipiscing elit. Morbi luctus eget erat efficitur porta. Donec a lorem urna. Morbi tincidunt ligula eget lectus condimentum, vitae consequat leo eleifend. Vivamus a porttitor felis. Curabitur suscipit, erat et varius egestas, odio ante pretium ante, a consectetur ligula urna non ante. Vivamus in libero convallis, tempus sem non, dignissim quam. Nam molestie diam nec leo dignissim, et iaculis erat aliquet. Praesent ullamcorper massa libero, non tempus eros commodo egestas. Nulla lorem elit, auctor id malesuada sit amet, semper in orci. Maecenas faucibus, risus vitae venenatis lacinia, erat mi venenatis augue, sit amet interdum dolor felis ut ante. Morbi a facilisis ante, in lobortis urna. Etiam ut nunc quis libero interdum aliquam eu at magna. Nunc vehicula risus eleifend molestie vulputate. Mauris diam odio, congue eget lorem id, finibus imperdiet sem.",
    "status": 2,
    "_meta_title": "",
    "in_menus": "1,2,3",
    "expiry_date": null,
    "parent": null,
    "login_required": false,
    "updated": "2014-12-30T23:19:34.098Z",
    "site": 1
  },
  "pk": 2
},
{
  "model": "pages.page",
  "fields": {
    "gen_description": true,
    "publish_date": "2014-12-21T21:36:16.017Z",
    "titles": "Media",
    "slug": "media",
    "keywords_string": "",
    "title": "Media",
    "content_model": "richtextpage",
    "short_url": null,
    "in_sitemap": true,
    "created": "2014-12-21T21:36:16.018Z",
    "_order": 3,
    "description": "\nLorem ipsum dolor sit amet, consectetur adipiscing elit. Morbi luctus eget erat efficitur porta. Donec a lorem urna. Morbi tincidunt ligula eget lectus condimentum, vitae consequat leo eleifend. Vivamus a porttitor felis. Curabitur suscipit, erat et varius egestas, odio ante pretium ante, a consectetur ligula urna non ante. Vivamus in libero convallis, tempus sem non, dignissim quam. Nam molestie diam nec leo dignissim, et iaculis erat aliquet. Praesent ullamcorper massa libero, non tempus eros commodo egestas. Nulla lorem elit, auctor id malesuada sit amet, semper in orci. Maecenas faucibus, risus vitae venenatis lacinia, erat mi venenatis augue, sit amet interdum dolor felis ut ante. Morbi a facilisis ante, in lobortis urna. Etiam ut nunc quis libero interdum aliquam eu at magna. Nunc vehicula risus eleifend molestie vulputate. Mauris diam odio, congue eget lorem id, finibus imperdiet sem.",
    "status": 2,
    "_meta_title": "",
    "in_menus": "1,2,3",
    "expiry_date": null,
    "parent": null,
    "login_required": false,
    "updated": "2014-12-21T21:36:16.018Z",
    "site": 1
  },
  "pk": 3
},
{
  "model": "pages.page",
  "fields": {
    "gen_description": true,
    "publish_date": "2014-12-21T21:38:38.598Z",
    "titles": "Media / JD Blog",
    "slug": "blog/category/jd-blog",
    "keywords_string": "",
    "title": "JD Blog",
    "content_model": "richtextpage",
    "short_url": null,
    "in_sitemap": true,
    "created": "2014-12-21T21:38:38.599Z",
    "_order": 0,
    "description": ".",
    "status": 2,
    "_meta_title": "",
    "in_menus": "1,2,3",
    "expiry_date": null,
    "parent": 3,
    "login_required": false,
    "updated": "2014-12-21T21:38:43.657Z",
    "site": 1
  },
  "pk": 4
},
{
  "model": "pages.page",
  "fields": {
    "gen_description": true,
    "publish_date": "2014-12-21T21:39:03.485Z",
    "titles": "Media / Persberichten",
    "slug": "blog/category/nieuws",
    "keywords_string": "",
    "title": "Persberichten",
    "content_model": "richtextpage",
    "short_url": null,
    "in_sitemap": true,
    "created": "2014-12-21T21:39:03.485Z",
    "_order": 1,
    "description": ".",
    "status": 2,
    "_meta_title": "",
    "in_menus": "1,2,3",
    "expiry_date": null,
    "parent": 3,
    "login_required": false,
    "updated": "2014-12-21T21:39:03.492Z",
    "site": 1
  },
  "pk": 5
},
{
  "model": "pages.page",
  "fields": {
    "gen_description": true,
    "publish_date": "2014-12-21T21:39:42.705Z",
    "titles": "Word actief!",
    "slug": "word-actief",
    "keywords_string": "",
    "title": "Word actief!",
    "content_model": "richtextpage",
    "short_url": null,
    "in_sitemap": true,
    "created": "2014-12-21T21:39:42.707Z",
    "_order": 1,
    "description": "\nLorem ipsum dolor sit amet, consectetur adipiscing elit. Morbi luctus eget erat efficitur porta. Donec a lorem urna. Morbi tincidunt ligula eget lectus condimentum, vitae consequat leo eleifend. Vivamus a porttitor felis. Curabitur suscipit, erat et varius egestas, odio ante pretium ante, a consectetur ligula urna non ante. Vivamus in libero convallis, tempus sem non, dignissim quam. Nam molestie diam nec leo dignissim, et iaculis erat aliquet. Praesent ullamcorper massa libero, non tempus eros commodo egestas. Nulla lorem elit, auctor id malesuada sit amet, semper in orci. Maecenas faucibus, risus vitae venenatis lacinia, erat mi venenatis augue, sit amet interdum dolor felis ut ante. Morbi a facilisis ante, in lobortis urna. Etiam ut nunc quis libero interdum aliquam eu at magna. Nunc vehicula risus eleifend molestie vulputate. Mauris diam odio, congue eget lorem id, finibus imperdiet sem.",
    "status": 2,
    "_meta_title": "",
    "in_menus": "1,2,3",
    "expiry_date": null,
    "parent": null,
    "login_required": false,
    "updated": "2014-12-21T21:39:42.707Z",
    "site": 3
  },
  "pk": 6
},
{
  "model": "pages.page",
  "fields": {
    "gen_description": true,
    "publish_date": "2014-12-21T21:39:54.776Z",
    "titles": "Organisatie",
    "slug": "organisatie",
    "keywords_string": "",
    "title": "Organisatie",
    "content_model": "richtextpage",
    "short_url": null,
    "in_sitemap": true,
    "created": "2014-12-21T21:39:54.779Z",
    "_order": 2,
    "description": "\nLorem ipsum dolor sit amet, consectetur adipiscing elit. Morbi luctus eget erat efficitur porta. Donec a lorem urna. Morbi tincidunt ligula eget lectus condimentum, vitae consequat leo eleifend. Vivamus a porttitor felis. Curabitur suscipit, erat et varius egestas, odio ante pretium ante, a consectetur ligula urna non ante. Vivamus in libero convallis, tempus sem non, dignissim quam. Nam molestie diam nec leo dignissim, et iaculis erat aliquet. Praesent ullamcorper massa libero, non tempus eros commodo egestas. Nulla lorem elit, auctor id malesuada sit amet, semper in orci. Maecenas faucibus, risus vitae venenatis lacinia, erat mi venenatis augue, sit amet interdum dolor felis ut ante. Morbi a facilisis ante, in lobortis urna. Etiam ut nunc quis libero interdum aliquam eu at magna. Nunc vehicula risus eleifend molestie vulputate. Mauris diam odio, congue eget lorem id, finibus imperdiet sem.",
    "status": 2,
    "_meta_title": "",
    "in_menus": "1,2,3",
    "expiry_date": null,
    "parent": null,
    "login_required": false,
    "updated": "2014-12-21T21:39:54.779Z",
    "site": 3
  },
  "pk": 7
},
{
  "model": "pages.page",
  "fields": {
    "gen_description": true,
    "publish_date": "2014-12-21T21:39:59.442Z",
    "titles": "Organisatie / Bestuur",
    "slug": "bestuur",
    "keywords_string": "",
    "title": "Bestuur",
    "content_model": "richtextpage",
    "short_url": null,
    "in_sitemap": true,
    "created": "2014-12-21T21:39:59.444Z",
    "_order": 0,
    "description": "\nLorem ipsum dolor sit amet, consectetur adipiscing elit. Morbi luctus eget erat efficitur porta. Donec a lorem urna. Morbi tincidunt ligula eget lectus condimentum, vitae consequat leo eleifend. Vivamus a porttitor felis. Curabitur suscipit, erat et varius egestas, odio ante pretium ante, a consectetur ligula urna non ante. Vivamus in libero convallis, tempus sem non, dignissim quam. Nam molestie diam nec leo dignissim, et iaculis erat aliquet. Praesent ullamcorper massa libero, non tempus eros commodo egestas. Nulla lorem elit, auctor id malesuada sit amet, semper in orci. Maecenas faucibus, risus vitae venenatis lacinia, erat mi venenatis augue, sit amet interdum dolor felis ut ante. Morbi a facilisis ante, in lobortis urna. Etiam ut nunc quis libero interdum aliquam eu at magna. Nunc vehicula risus eleifend molestie vulputate. Mauris diam odio, congue eget lorem id, finibus imperdiet sem.",
    "status": 2,
    "_meta_title": "",
    "in_menus": "1,2,3",
    "expiry_date": null,
    "parent": 7,
    "login_required": false,
    "updated": "2014-12-21T21:40:44.994Z",
    "site": 3
  },
  "pk": 8
},
{
  "model": "pages.page",
  "fields": {
    "gen_description": true,
    "publish_date": "2014-12-21T21:40:15.079Z",
    "titles": "Organisatie / Regionaal Politiek Programma",
    "slug": "regionaal-politiek-programma",
    "keywords_string": "",
    "title": "Regionaal Politiek Programma",
    "content_model": "richtextpage",
    "short_url": null,
    "in_sitemap": true,
    "created": "2014-12-21T21:40:15.081Z",
    "_order": 1,
    "description": "\nLorem ipsum dolor sit amet, consectetur adipiscing elit. Morbi luctus eget erat efficitur porta. Donec a lorem urna. Morbi tincidunt ligula eget lectus condimentum, vitae consequat leo eleifend. Vivamus a porttitor felis. Curabitur suscipit, erat et varius egestas, odio ante pretium ante, a consectetur ligula urna non ante. Vivamus in libero convallis, tempus sem non, dignissim quam. Nam molestie diam nec leo dignissim, et iaculis erat aliquet. Praesent ullamcorper massa libero, non tempus eros commodo egestas. Nulla lorem elit, auctor id malesuada sit amet, semper in orci. Maecenas faucibus, risus vitae venenatis lacinia, erat mi venenatis augue, sit amet interdum dolor felis ut ante. Morbi a facilisis ante, in lobortis urna. Etiam ut nunc quis libero interdum aliquam eu at magna. Nunc vehicula risus eleifend molestie vulputate. Mauris diam odio, congue eget lorem id, finibus imperdiet sem.",
    "status": 2,
    "_meta_title": "",
    "in_menus": "1,2,3",
    "expiry_date": null,
    "parent": 7,
    "login_required": false,
    "updated": "2014-12-21T21:40:51.654Z",
    "site": 3
  },
  "pk": 9
},
{
  "model": "pages.page",
  "fields": {
    "gen_description": true,
    "publish_date": "2014-12-21T21:40:19.830Z",
    "titles": "Organisatie / AAV",
    "slug": "aav",
    "keywords_string": "",
    "title": "AAV",
    "content_model": "richtextpage",
    "short_url": null,
    "in_sitemap": true,
    "created": "2014-12-21T21:40:19.832Z",
    "_order": 2,
    "description": "\nLorem ipsum dolor sit amet, consectetur adipiscing elit. Morbi luctus eget erat efficitur porta. Donec a lorem urna. Morbi tincidunt ligula eget lectus condimentum, vitae consequat leo eleifend. Vivamus a porttitor felis. Curabitur suscipit, erat et varius egestas, odio ante pretium ante, a consectetur ligula urna non ante. Vivamus in libero convallis, tempus sem non, dignissim quam. Nam molestie diam nec leo dignissim, et iaculis erat aliquet. Praesent ullamcorper massa libero, non tempus eros commodo egestas. Nulla lorem elit, auctor id malesuada sit amet, semper in orci. Maecenas faucibus, risus vitae venenatis lacinia, erat mi venenatis augue, sit amet interdum dolor felis ut ante. Morbi a facilisis ante, in lobortis urna. Etiam ut nunc quis libero interdum aliquam eu at magna. Nunc vehicula risus eleifend molestie vulputate. Mauris diam odio, congue eget lorem id, finibus imperdiet sem.",
    "status": 2,
    "_meta_title": "",
    "in_menus": "1,2,3",
    "expiry_date": null,
    "parent": 7,
    "login_required": false,
    "updated": "2014-12-21T21:40:54.359Z",
    "site": 3
  },
  "pk": 10
},
{
  "model": "pages.page",
  "fields": {
    "gen_description": true,
    "publish_date": "2014-12-21T21:40:40.525Z",
    "titles": "Organisatie / Afdelingsreglement",
    "slug": "afdelingsreglement",
    "keywords_string": "",
    "title": "Afdelingsreglement",
    "content_model": "richtextpage",
    "short_url": null,
    "in_sitemap": true,
    "created": "2014-12-21T21:40:40.527Z",
    "_order": 3,
    "description": "\nLorem ipsum dolor sit amet, consectetur adipiscing elit. Morbi luctus eget erat efficitur porta. Donec a lorem urna. Morbi tincidunt ligula eget lectus condimentum, vitae consequat leo eleifend. Vivamus a porttitor felis. Curabitur suscipit, erat et varius egestas, odio ante pretium ante, a consectetur ligula urna non ante. Vivamus in libero convallis, tempus sem non, dignissim quam. Nam molestie diam nec leo dignissim, et iaculis erat aliquet. Praesent ullamcorper massa libero, non tempus eros commodo egestas. Nulla lorem elit, auctor id malesuada sit amet, semper in orci. Maecenas faucibus, risus vitae venenatis lacinia, erat mi venenatis augue, sit amet interdum dolor felis ut ante. Morbi a facilisis ante, in lobortis urna. Etiam ut nunc quis libero interdum aliquam eu at magna. Nunc vehicula risus eleifend molestie vulputate. Mauris diam odio, congue eget lorem id, finibus imperdiet sem.",
    "status": 2,
    "_meta_title": "",
    "in_menus": "1,2,3",
    "expiry_date": null,
    "parent": 7,
    "login_required": false,
    "updated": "2014-12-21T21:40:56.270Z",
    "site": 3
  },
  "pk": 11
},
{
  "model": "pages.page",
  "fields": {
    "gen_description": true,
    "publish_date": "2014-12-21T21:42:31.209Z",
    "titles": "Nieuws",
    "slug": "blog/category/nieuws",
    "keywords_string": "",
    "title": "Nieuws",
    "content_model": "richtextpage",
    "short_url": null,
    "in_sitemap": true,
    "created": "2014-12-21T21:42:31.210Z",
    "_order": 3,
    "description": ".",
    "status": 2,
    "_meta_title": "",
    "in_menus": "1,2,3",
    "expiry_date": null,
    "parent": null,
    "login_required": false,
    "updated": "2014-12-21T21:42:31.210Z",
    "site": 3
  },
  "pk": 12
},
{
  "model": "pages.page",
  "fields": {
    "gen_description": true,
    "publish_date": "2014-12-21T21:42:48.178Z",
    "titles": "Weblog",
    "slug": "blog/category/weblog",
    "keywords_string": "",
    "title": "Weblog",
    "content_model": "richtextpage",
    "short_url": null,
    "in_sitemap": true,
    "created": "2014-12-21T21:42:48.179Z",
    "_order": 4,
    "description": ".",
    "status": 2,
    "_meta_title": "",
    "in_menus": "1,2,3",
    "expiry_date": null,
    "parent": null,
    "login_required": false,
    "updated": "2014-12-21T21:42:48.179Z",
    "site": 3
  },
  "pk": 13
},
{
  "model": "pages.page",
  "fields": {
    "gen_description": true,
    "publish_date": "2014-12-26T10:40:31Z",
    "titles": "Word actief! / Word lid!",
    "slug": "word-actief/word-lid",
    "keywords_string": "",
    "title": "Word lid!",
    "content_model": "form",
    "short_url": null,
    "in_sitemap": true,
    "created": "2014-12-26T10:40:31.513Z",
    "_order": 0,
    "description": "Lid zijn is leuk. Word ook lid!",
    "status": 2,
    "_meta_title": "",
    "in_menus": "1,2,3",
    "expiry_date": null,
    "parent": 2,
    "login_required": false,
    "updated": "2015-01-01T18:31:47.106Z",
    "site": 1
  },
  "pk": 14
},
{
  "model": "pages.page",
  "fields": {
    "gen_description": true,
    "publish_date": "2014-12-29T16:09:13Z",
    "titles": "Afdelingen",
    "slug": "afdelingen",
    "keywords_string": "",
    "title": "Afdelingen",
    "content_model": "richtextpage",
    "short_url": null,
    "in_sitemap": true,
    "created": "2014-12-29T16:09:13.588Z",
    "_order": 4,
    "description": "De afdelingen van de Jonge Democraten zijn:",
    "status": 2,
    "_meta_title": "",
    "in_menus": "1,2,3",
    "expiry_date": null,
    "parent": null,
    "login_required": false,
    "updated": "2015-01-18T19:18:42.053Z",
    "site": 1
  },
  "pk": 15
},
{
  "model": "pages.page",
  "fields": {
    "gen_description": true,
    "publish_date": "2014-12-29T16:34:15.695Z",
    "titles": "Visie",
    "slug": "http://visie.jongedemocraten.nl",
    "keywords_string": "",
    "title": "Visie",
    "content_model": "link",
    "short_url": null,
    "in_sitemap": false,
    "created": "2014-12-29T16:34:15.695Z",
    "_order": 5,
    "description": "Visie",
    "status": 2,
    "_meta_title": null,
    "in_menus": "1,2,3",
    "expiry_date": null,
    "parent": null,
    "login_required": false,
    "updated": "2014-12-29T16:34:15.695Z",
    "site": 1
  },
  "pk": 16
},
{
  "model": "pages.page",
  "fields": {
    "gen_description": true,
    "publish_date": "2014-12-31T11:14:42Z",
    "titles": "Home",
    "slug": "/",
    "keywords_string": "",
    "title": "Home",
    "content_model": "homepage",
    "short_url": null,
    "in_sitemap": true,
    "created": "2014-12-31T11:14:42.969Z",
    "_order": 0,
    "description": "Welkom op de website van de Jonge Democraten. De JD is met ruim 5500 leden een van de grootste politieke jongerenorganisaties van Nederland.",
    "status": 2,
    "_meta_title": "",
    "in_menus": "1,2,3",
    "expiry_date": null,
    "parent": null,
    "login_required": false,
    "updated": "2014-12-31T11:16:25.490Z",
    "site": 1
  },
  "pk": 17
},
{
  "model": "pages.page",
  "fields": {
    "gen_description": true,
    "publish_date": "2014-12-31T11:20:44Z",
    "titles": "Afdelingen / Amsterdam",
    "slug": "http://ams.jd.local:8000",
    "keywords_string": "",
    "title": "Amsterdam",
    "content_model": "link",
    "short_url": null,
    "in_sitemap": false,
    "created": "2014-12-31T11:20:44.706Z",
    "_order": 0,
    "description": "Afdelingen / Amsterdam",
    "status": 2,
    "_meta_title": null,
    "in_menus": "1,2,3",
    "expiry_date": null,
    "parent": 15,
    "login_required": false,
    "updated": "2014-12-31T11:20:57.455Z",
    "site": 1
  },
  "pk": 19
},
{
  "model": "pages.page",
  "fields": {
    "gen_description": true,
    "publish_date": "2014-12-31T11:21:31.244Z",
    "titles": "Afdelingen / Leiden-Haaglanden",
    "slug": "http://lh.jd.local:8000",
    "keywords_string": "",
    "title": "Leiden-Haaglanden",
    "content_model": "link",
    "short_url": null,
    "in_sitemap": false,
    "created": "2014-12-31T11:21:31.245Z",
    "_order": 1,
    "description": "Afdelingen / Leiden-Haaglanden",
    "status": 2,
    "_meta_title": null,
    "in_menus": "1,2,3",
    "expiry_date": null,
    "parent": 15,
    "login_required": false,
    "updated": "2014-12-31T11:21:31.246Z",
    "site": 1
  },
  "pk": 20
},
{
  "model": "pages.page",
  "fields": {
    "gen_description": true,
    "publish_date": "2014-12-31T13:46:34Z",
    "titles": "Home",
    "slug": "/",
    "keywords_string": "",
    "title": "Home",
    "content_model": "homepage",
    "short_url": null,
    "in_sitemap": true,
    "created": "2014-12-31T13:46:34.819Z",
    "_order": 0,
    "description": ".",
    "status": 2,
    "_meta_title": "",
    "in_menus": "1,2,3",
    "expiry_date": null,
    "parent": null,
    "login_required": false,
    "updated": "2014-12-31T13:47:18.225Z",
    "site": 2
  },
  "pk": 22
},
{
  "model": "pages.page",
  "fields": {
    "gen_description": true,
    "publish_date": "2014-12-31T14:08:06Z",
    "titles": "Home",
    "slug": "/",
    "keywords_string": "",
    "title": "Home",
    "content_model": "homepage",
    "short_url": null,
    "in_sitemap": true,
    "created": "2014-12-31T14:08:06.771Z",
    "_order": 0,
    "description": "Welkom op de afdelingsite van de Jonge Democraten Leiden-Haaglanden. Hier vind je informatie over ons als\u00a0bestuur, de activiteiten die wij organiseren en de verschillende\u00a0commissies\u00a0die onze afdeling rijk is.",
    "status": 2,
    "_meta_title": "",
    "in_menus": "1,2,3",
    "expiry_date": null,
    "parent": null,
    "login_required": false,
    "updated": "2014-12-31T14:08:51.406Z",
    "site": 3
  },
  "pk": 23
},
{
  "model": "pages.page",
  "fields": {
    "gen_description": true,
    "publish_date": "2015-01-03T23:02:01.797Z",
    "titles": "Documenten",
    "slug": "documenten",
    "keywords_string": "",
    "title": "Documenten",
    "content_model": "documentlisting",
    "short_url": null,
    "in_sitemap": true,
    "created": "2015-01-03T23:02:01.802Z",
    "_order": 6,
    "description": "Dit zijn belangrijke documenten voor de vereniging.",
    "status": 2,
    "_meta_title": "",
    "in_menus": "1,2,3",
    "expiry_date": null,
    "parent": null,
    "login_required": false,
    "updated": "2015-01-03T23:02:01.802Z",
    "site": 1
  },
  "pk": 24
},
{
  "model": "pages.richtextpage",
  "fields": {
    "content": "<p>De afdelingen van de Jonge Democraten zijn:</p>\n<p></p>\n<ul>\n<li><a class=\"internal\" href=\"http://ams.jd.local:8000\">Amsterdam</a></li>\n<li><a class=\"internal\" href=\"http://lh.jd.local:8000\">Leiden-Haaglanden</a></li>\n<li>Rotterdam</li>\n<li>en vele anderen...</li>\n</ul>\n<div id=\"afdelingskaart\">\n<div class=\"infobox\">\n<h2>Afdeling</h2>\n<h3>Gemeente</h3>\n</div>\n</div>\n<script src=\"http://d3js.org/d3.v3.min.js\" type=\"text/javascript\"></script>\n<script src=\"http://d3js.org/queue.v1.min.js\" type=\"text/javascript\"></script>\n<script src=\"http://d3js.org/d3.geo.projection.v0.min.js\" type=\"text/javascript\"></script>\n<script src=\"http://d3js.org/topojson.v0.min.js\" type=\"text/javascript\"></script>\n<script src=\"/static/js/render.js\" type=\"text/javascript\"></script>"
  },
  "pk": 15
},
{
  "model": "pages.richtextpage",
  "fields": {
    "content": "<p>Blog</p>"
  },
  "pk": 1
},
{
  "model": "pages.richtextpage",
  "fields": {
    "content": "<div id=\"lipsum\">\n<p>Lorem ipsum dolor sit amet, consectetur adipiscing elit. Morbi luctus eget erat efficitur porta. Donec a lorem urna. Morbi tincidunt ligula eget lectus condimentum, vitae consequat leo eleifend. Vivamus a porttitor felis. Curabitur suscipit, erat et varius egestas, odio ante pretium ante, a consectetur ligula urna non ante. Vivamus in libero convallis, tempus sem non, dignissim quam. Nam molestie diam nec leo dignissim, et iaculis erat aliquet. Praesent ullamcorper massa libero, non tempus eros commodo egestas. Nulla lorem elit, auctor id malesuada sit amet, semper in orci. Maecenas faucibus, risus vitae venenatis lacinia, erat mi venenatis augue, sit amet interdum dolor felis ut ante. Morbi a facilisis ante, in lobortis urna. Etiam ut nunc quis libero interdum aliquam eu at magna. Nunc vehicula risus eleifend molestie vulputate. Mauris diam odio, congue eget lorem id, finibus imperdiet sem.</p>\n<p>Vestibulum eget posuere metus, vel finibus leo. Suspendisse congue orci magna, in vestibulum lacus pulvinar a. Donec egestas, felis id feugiat tempus, orci velit ullamcorper risus, et ultricies augue arcu ullamcorper dolor. Mauris eget sollicitudin purus. Aenean a cursus risus, sit amet mattis erat. Curabitur vel venenatis sem. Cras non gravida tellus, eu egestas tellus. Morbi at lorem a turpis blandit vulputate vitae a est.</p>\n<p>Nam luctus vestibulum ultricies. Proin lobortis diam nec libero fringilla accumsan. Sed venenatis ante tortor, eu dapibus lectus finibus quis. Suspendisse faucibus felis nec consequat condimentum. Phasellus dui augue, sollicitudin euismod dolor non, hendrerit maximus sapien. Nullam porttitor hendrerit erat, eget commodo leo fermentum nec. Ut ex lacus, ullamcorper eu auctor eget, vehicula sed mauris. Aenean maximus ante eu eros sollicitudin bibendum. Quisque ullamcorper at lorem in bibendum. Phasellus erat sapien, iaculis in orci ac, tincidunt lacinia orci. Nunc euismod ligula lectus, eu euismod leo sollicitudin sit amet. Phasellus odio justo, pretium eget rhoncus sed, egestas eget felis. Phasellus cursus varius arcu, id bibendum enim convallis ac. Aliquam sagittis semper nulla ac molestie. Vestibulum varius gravida ornare.</p>\n<p>Aliquam posuere purus ac dolor eleifend fringilla. Fusce bibendum pretium facilisis. Etiam imperdiet ante vel convallis dignissim. Praesent vitae sapien a augue vehicula tincidunt. Quisque imperdiet sapien nec nibh tempus aliquet. Quisque sed tristique erat, sed faucibus ex. In fringilla elit et tortor pretium feugiat. Nullam ut posuere velit, nec volutpat sapien. Pellentesque congue pellentesque velit a egestas. Nullam libero elit, feugiat sollicitudin faucibus vel, vehicula eu turpis. Morbi mi diam, accumsan sed sapien vitae, auctor scelerisque nulla. Sed convallis velit non metus sollicitudin aliquam. Aenean fringilla leo et quam feugiat molestie. Curabitur gravida porttitor lorem.</p>\n<p>Nam ac molestie nunc. Nullam vel velit lacinia, auctor sapien vel, condimentum purus. Sed id vulputate tortor, quis pulvinar nunc. Nunc luctus sapien mi, id semper nisi ultricies vel. Proin laoreet, metus et rhoncus sagittis, neque nisl facilisis lorem, in feugiat arcu ex sit amet risus. Morbi et ante commodo, vehicula mi id, pulvinar ex. Integer tempus eros sit amet blandit dapibus. Nunc fringilla ac libero vitae viverra. Morbi mollis lorem non ex blandit, ut sollicitudin est faucibus.</p>\n</div>"
  },
  "pk": 3
},
{
  "model": "pages.richtextpage",
  "fields": {
    "content": "<p>.</p>"
  },
  "pk": 4
},
{
  "model": "pages.richtextpage",
  "fields": {
    "content": "<p>.</p>"
  },
  "pk": 5
},
{
  "model": "pages.richtextpage",
  "fields": {
    "content": "<p>.</p>"
  },
  "pk": 12
},
{
  "model": "pages.richtextpage",
  "fields": {
    "content": "<div id=\"lipsum\">\n<p>Lorem ipsum dolor sit amet, consectetur adipiscing elit. Morbi luctus eget erat efficitur porta. Donec a lorem urna. Morbi tincidunt ligula eget lectus condimentum, vitae consequat leo eleifend. Vivamus a porttitor felis. Curabitur suscipit, erat et varius egestas, odio ante pretium ante, a consectetur ligula urna non ante. Vivamus in libero convallis, tempus sem non, dignissim quam. Nam molestie diam nec leo dignissim, et iaculis erat aliquet. Praesent ullamcorper massa libero, non tempus eros commodo egestas. Nulla lorem elit, auctor id malesuada sit amet, semper in orci. Maecenas faucibus, risus vitae venenatis lacinia, erat mi venenatis augue, sit amet interdum dolor felis ut ante. Morbi a facilisis ante, in lobortis urna. Etiam ut nunc quis libero interdum aliquam eu at magna. Nunc vehicula risus eleifend molestie vulputate. Mauris diam odio, congue eget lorem id, finibus imperdiet sem.</p>\n<p>Vestibulum eget posuere metus, vel finibus leo. Suspendisse congue orci magna, in vestibulum lacus pulvinar a. Donec egestas, felis id feugiat tempus, orci velit ullamcorper risus, et ultricies augue arcu ullamcorper dolor. Mauris eget sollicitudin purus. Aenean a cursus risus, sit amet mattis erat. Curabitur vel venenatis sem. Cras non gravida tellus, eu egestas tellus. Morbi at lorem a turpis blandit vulputate vitae a est.</p>\n<p>Nam luctus vestibulum ultricies. Proin lobortis diam nec libero fringilla accumsan. Sed venenatis ante tortor, eu dapibus lectus finibus quis. Suspendisse faucibus felis nec consequat condimentum. Phasellus dui augue, sollicitudin euismod dolor non, hendrerit maximus sapien. Nullam porttitor hendrerit erat, eget commodo leo fermentum nec. Ut ex lacus, ullamcorper eu auctor eget, vehicula sed mauris. Aenean maximus ante eu eros sollicitudin bibendum. Quisque ullamcorper at lorem in bibendum. Phasellus erat sapien, iaculis in orci ac, tincidunt lacinia orci. Nunc euismod ligula lectus, eu euismod leo sollicitudin sit amet. Phasellus odio justo, pretium eget rhoncus sed, egestas eget felis. Phasellus cursus varius arcu, id bibendum enim convallis ac. Aliquam sagittis semper nulla ac molestie. Vestibulum varius gravida ornare.</p>\n<p>Aliquam posuere purus ac dolor eleifend fringilla. Fusce bibendum pretium facilisis. Etiam imperdiet ante vel convallis dignissim. Praesent vitae sapien a augue vehicula tincidunt. Quisque imperdiet sapien nec nibh tempus aliquet. Quisque sed tristique erat, sed faucibus ex. In fringilla elit et tortor pretium feugiat. Nullam ut posuere velit, nec volutpat sapien. Pellentesque congue pellentesque velit a egestas. Nullam libero elit, feugiat sollicitudin faucibus vel, vehicula eu turpis. Morbi mi diam, accumsan sed sapien vitae, auctor scelerisque nulla. Sed convallis velit non metus sollicitudin aliquam. Aenean fringilla leo et quam feugiat molestie. Curabitur gravida porttitor lorem.</p>\n<p>Nam ac molestie nunc. Nullam vel velit lacinia, auctor sapien vel, condimentum purus. Sed id vulputate tortor, quis pulvinar nunc. Nunc luctus sapien mi, id semper nisi ultricies vel. Proin laoreet, metus et rhoncus sagittis, neque nisl facilisis lorem, in feugiat arcu ex sit amet risus. Morbi et ante commodo, vehicula mi id, pulvinar ex. Integer tempus eros sit amet blandit dapibus. Nunc fringilla ac libero vitae viverra. Morbi mollis lorem non ex blandit, ut sollicitudin est faucibus.</p>\n</div>"
  },
  "pk": 7
},
{
  "model": "pages.richtextpage",
  "fields": {
    "content": "<div id=\"lipsum\">\n<p>Lorem ipsum dolor sit amet, consectetur adipiscing elit. Morbi luctus eget erat efficitur porta. Donec a lorem urna. Morbi tincidunt ligula eget lectus condimentum, vitae consequat leo eleifend. Vivamus a porttitor felis. Curabitur suscipit, erat et varius egestas, odio ante pretium ante, a consectetur ligula urna non ante. Vivamus in libero convallis, tempus sem non, dignissim quam. Nam molestie diam nec leo dignissim, et iaculis erat aliquet. Praesent ullamcorper massa libero, non tempus eros commodo egestas. Nulla lorem elit, auctor id malesuada sit amet, semper in orci. Maecenas faucibus, risus vitae venenatis lacinia, erat mi venenatis augue, sit amet interdum dolor felis ut ante. Morbi a facilisis ante, in lobortis urna. Etiam ut nunc quis libero interdum aliquam eu at magna. Nunc vehicula risus eleifend molestie vulputate. Mauris diam odio, congue eget lorem id, finibus imperdiet sem.</p>\n<p>Vestibulum eget posuere metus, vel finibus leo. Suspendisse congue orci magna, in vestibulum lacus pulvinar a. Donec egestas, felis id feugiat tempus, orci velit ullamcorper risus, et ultricies augue arcu ullamcorper dolor. Mauris eget sollicitudin purus. Aenean a cursus risus, sit amet mattis erat. Curabitur vel venenatis sem. Cras non gravida tellus, eu egestas tellus. Morbi at lorem a turpis blandit vulputate vitae a est.</p>\n<p>Nam luctus vestibulum ultricies. Proin lobortis diam nec libero fringilla accumsan. Sed venenatis ante tortor, eu dapibus lectus finibus quis. Suspendisse faucibus felis nec consequat condimentum. Phasellus dui augue, sollicitudin euismod dolor non, hendrerit maximus sapien. Nullam porttitor hendrerit erat, eget commodo leo fermentum nec. Ut ex lacus, ullamcorper eu auctor eget, vehicula sed mauris. Aenean maximus ante eu eros sollicitudin bibendum. Quisque ullamcorper at lorem in bibendum. Phasellus erat sapien, iaculis in orci ac, tincidunt lacinia orci. Nunc euismod ligula lectus, eu euismod leo sollicitudin sit amet. Phasellus odio justo, pretium eget rhoncus sed, egestas eget felis. Phasellus cursus varius arcu, id bibendum enim convallis ac. Aliquam sagittis semper nulla ac molestie. Vestibulum varius gravida ornare.</p>\n<p>Aliquam posuere purus ac dolor eleifend fringilla. Fusce bibendum pretium facilisis. Etiam imperdiet ante vel convallis dignissim. Praesent vitae sapien a augue vehicula tincidunt. Quisque imperdiet sapien nec nibh tempus aliquet. Quisque sed tristique erat, sed faucibus ex. In fringilla elit et tortor pretium feugiat. Nullam ut posuere velit, nec volutpat sapien. Pellentesque congue pellentesque velit a egestas. Nullam libero elit, feugiat sollicitudin faucibus vel, vehicula eu turpis. Morbi mi diam, accumsan sed sapien vitae, auctor scelerisque nulla. Sed convallis velit non metus sollicitudin aliquam. Aenean fringilla leo et quam feugiat molestie. Curabitur gravida porttitor lorem.</p>\n<p>Nam ac molestie nunc. Nullam vel velit lacinia, auctor sapien vel, condimentum purus. Sed id vulputate tortor, quis pulvinar nunc. Nunc luctus sapien mi, id semper nisi ultricies vel. Proin laoreet, metus et rhoncus sagittis, neque nisl facilisis lorem, in feugiat arcu ex sit amet risus. Morbi et ante commodo, vehicula mi id, pulvinar ex. Integer tempus eros sit amet blandit dapibus. Nunc fringilla ac libero vitae viverra. Morbi mollis lorem non ex blandit, ut sollicitudin est faucibus.</p>\n</div>"
  },
  "pk": 10
},
{
  "model": "pages.richtextpage",
  "fields": {
    "content": "<div id=\"lipsum\">\n<p>Lorem ipsum dolor sit amet, consectetur adipiscing elit. Morbi luctus eget erat efficitur porta. Donec a lorem urna. Morbi tincidunt ligula eget lectus condimentum, vitae consequat leo eleifend. Vivamus a porttitor felis. Curabitur suscipit, erat et varius egestas, odio ante pretium ante, a consectetur ligula urna non ante. Vivamus in libero convallis, tempus sem non, dignissim quam. Nam molestie diam nec leo dignissim, et iaculis erat aliquet. Praesent ullamcorper massa libero, non tempus eros commodo egestas. Nulla lorem elit, auctor id malesuada sit amet, semper in orci. Maecenas faucibus, risus vitae venenatis lacinia, erat mi venenatis augue, sit amet interdum dolor felis ut ante. Morbi a facilisis ante, in lobortis urna. Etiam ut nunc quis libero interdum aliquam eu at magna. Nunc vehicula risus eleifend molestie vulputate. Mauris diam odio, congue eget lorem id, finibus imperdiet sem.</p>\n<p>Vestibulum eget posuere metus, vel finibus leo. Suspendisse congue orci magna, in vestibulum lacus pulvinar a. Donec egestas, felis id feugiat tempus, orci velit ullamcorper risus, et ultricies augue arcu ullamcorper dolor. Mauris eget sollicitudin purus. Aenean a cursus risus, sit amet mattis erat. Curabitur vel venenatis sem. Cras non gravida tellus, eu egestas tellus. Morbi at lorem a turpis blandit vulputate vitae a est.</p>\n<p>Nam luctus vestibulum ultricies. Proin lobortis diam nec libero fringilla accumsan. Sed venenatis ante tortor, eu dapibus lectus finibus quis. Suspendisse faucibus felis nec consequat condimentum. Phasellus dui augue, sollicitudin euismod dolor non, hendrerit maximus sapien. Nullam porttitor hendrerit erat, eget commodo leo fermentum nec. Ut ex lacus, ullamcorper eu auctor eget, vehicula sed mauris. Aenean maximus ante eu eros sollicitudin bibendum. Quisque ullamcorper at lorem in bibendum. Phasellus erat sapien, iaculis in orci ac, tincidunt lacinia orci. Nunc euismod ligula lectus, eu euismod leo sollicitudin sit amet. Phasellus odio justo, pretium eget rhoncus sed, egestas eget felis. Phasellus cursus varius arcu, id bibendum enim convallis ac. Aliquam sagittis semper nulla ac molestie. Vestibulum varius gravida ornare.</p>\n<p>Aliquam posuere purus ac dolor eleifend fringilla. Fusce bibendum pretium facilisis. Etiam imperdiet ante vel convallis dignissim. Praesent vitae sapien a augue vehicula tincidunt. Quisque imperdiet sapien nec nibh tempus aliquet. Quisque sed tristique erat, sed faucibus ex. In fringilla elit et tortor pretium feugiat. Nullam ut posuere velit, nec volutpat sapien. Pellentesque congue pellentesque velit a egestas. Nullam libero elit, feugiat sollicitudin faucibus vel, vehicula eu turpis. Morbi mi diam, accumsan sed sapien vitae, auctor scelerisque nulla. Sed convallis velit non metus sollicitudin aliquam. Aenean fringilla leo et quam feugiat molestie. Curabitur gravida porttitor lorem.</p>\n<p>Nam ac molestie nunc. Nullam vel velit lacinia, auctor sapien vel, condimentum purus. Sed id vulputate tortor, quis pulvinar nunc. Nunc luctus sapien mi, id semper nisi ultricies vel. Proin laoreet, metus et rhoncus sagittis, neque nisl facilisis lorem, in feugiat arcu ex sit amet risus. Morbi et ante commodo, vehicula mi id, pulvinar ex. Integer tempus eros sit amet blandit dapibus. Nunc fringilla ac libero vitae viverra. Morbi mollis lorem non ex blandit, ut sollicitudin est faucibus.</p>\n</div>"
  },
  "pk": 11
},
{
  "model": "pages.richtextpage",
  "fields": {
    "content": "<div id=\"lipsum\">\n<p>Lorem ipsum dolor sit amet, consectetur adipiscing elit. Morbi luctus eget erat efficitur porta. Donec a lorem urna. Morbi tincidunt ligula eget lectus condimentum, vitae consequat leo eleifend. Vivamus a porttitor felis. Curabitur suscipit, erat et varius egestas, odio ante pretium ante, a consectetur ligula urna non ante. Vivamus in libero convallis, tempus sem non, dignissim quam. Nam molestie diam nec leo dignissim, et iaculis erat aliquet. Praesent ullamcorper massa libero, non tempus eros commodo egestas. Nulla lorem elit, auctor id malesuada sit amet, semper in orci. Maecenas faucibus, risus vitae venenatis lacinia, erat mi venenatis augue, sit amet interdum dolor felis ut ante. Morbi a facilisis ante, in lobortis urna. Etiam ut nunc quis libero interdum aliquam eu at magna. Nunc vehicula risus eleifend molestie vulputate. Mauris diam odio, congue eget lorem id, finibus imperdiet sem.</p>\n<p>Vestibulum eget posuere metus, vel finibus leo. Suspendisse congue orci magna, in vestibulum lacus pulvinar a. Donec egestas, felis id feugiat tempus, orci velit ullamcorper risus, et ultricies augue arcu ullamcorper dolor. Mauris eget sollicitudin purus. Aenean a cursus risus, sit amet mattis erat. Curabitur vel venenatis sem. Cras non gravida tellus, eu egestas tellus. Morbi at lorem a turpis blandit vulputate vitae a est.</p>\n<p>Nam luctus vestibulum ultricies. Proin lobortis diam nec libero fringilla accumsan. Sed venenatis ante tortor, eu dapibus lectus finibus quis. Suspendisse faucibus felis nec consequat condimentum. Phasellus dui augue, sollicitudin euismod dolor non, hendrerit maximus sapien. Nullam porttitor hendrerit erat, eget commodo leo fermentum nec. Ut ex lacus, ullamcorper eu auctor eget, vehicula sed mauris. Aenean maximus ante eu eros sollicitudin bibendum. Quisque ullamcorper at lorem in bibendum. Phasellus erat sapien, iaculis in orci ac, tincidunt lacinia orci. Nunc euismod ligula lectus, eu euismod leo sollicitudin sit amet. Phasellus odio justo, pretium eget rhoncus sed, egestas eget felis. Phasellus cursus varius arcu, id bibendum enim convallis ac. Aliquam sagittis semper nulla ac molestie. Vestibulum varius gravida ornare.</p>\n<p>Aliquam posuere purus ac dolor eleifend fringilla. Fusce bibendum pretium facilisis. Etiam imperdiet ante vel convallis dignissim. Praesent vitae sapien a augue vehicula tincidunt. Quisque imperdiet sapien nec nibh tempus aliquet. Quisque sed tristique erat, sed faucibus ex. In fringilla elit et tortor pretium feugiat. Nullam ut posuere velit, nec volutpat sapien. Pellentesque congue pellentesque velit a egestas. Nullam libero elit, feugiat sollicitudin faucibus vel, vehicula eu turpis. Morbi mi diam, accumsan sed sapien vitae, auctor scelerisque nulla. Sed convallis velit non metus sollicitudin aliquam. Aenean fringilla leo et quam feugiat molestie. Curabitur gravida porttitor lorem.</p>\n<p>Nam ac molestie nunc. Nullam vel velit lacinia, auctor sapien vel, condimentum purus. Sed id vulputate tortor, quis pulvinar nunc. Nunc luctus sapien mi, id semper nisi ultricies vel. Proin laoreet, metus et rhoncus sagittis, neque nisl facilisis lorem, in feugiat arcu ex sit amet risus. Morbi et ante commodo, vehicula mi id, pulvinar ex. Integer tempus eros sit amet blandit dapibus. Nunc fringilla ac libero vitae viverra. Morbi mollis lorem non ex blandit, ut sollicitudin est faucibus.</p>\n</div>"
  },
  "pk": 8
},
{
  "model": "pages.richtextpage",
  "fields": {
    "content": "<div id=\"lipsum\">\n<p>Lorem ipsum dolor sit amet, consectetur adipiscing elit. Morbi luctus eget erat efficitur porta. Donec a lorem urna. Morbi tincidunt ligula eget lectus condimentum, vitae consequat leo eleifend. Vivamus a porttitor felis. Curabitur suscipit, erat et varius egestas, odio ante pretium ante, a consectetur ligula urna non ante. Vivamus in libero convallis, tempus sem non, dignissim quam. Nam molestie diam nec leo dignissim, et iaculis erat aliquet. Praesent ullamcorper massa libero, non tempus eros commodo egestas. Nulla lorem elit, auctor id malesuada sit amet, semper in orci. Maecenas faucibus, risus vitae venenatis lacinia, erat mi venenatis augue, sit amet interdum dolor felis ut ante. Morbi a facilisis ante, in lobortis urna. Etiam ut nunc quis libero interdum aliquam eu at magna. Nunc vehicula risus eleifend molestie vulputate. Mauris diam odio, congue eget lorem id, finibus imperdiet sem.</p>\n<p>Vestibulum eget posuere metus, vel finibus leo. Suspendisse congue orci magna, in vestibulum lacus pulvinar a. Donec egestas, felis id feugiat tempus, orci velit ullamcorper risus, et ultricies augue arcu ullamcorper dolor. Mauris eget sollicitudin purus. Aenean a cursus risus, sit amet mattis erat. Curabitur vel venenatis sem. Cras non gravida tellus, eu egestas tellus. Morbi at lorem a turpis blandit vulputate vitae a est.</p>\n<p>Nam luctus vestibulum ultricies. Proin lobortis diam nec libero fringilla accumsan. Sed venenatis ante tortor, eu dapibus lectus finibus quis. Suspendisse faucibus felis nec consequat condimentum. Phasellus dui augue, sollicitudin euismod dolor non, hendrerit maximus sapien. Nullam porttitor hendrerit erat, eget commodo leo fermentum nec. Ut ex lacus, ullamcorper eu auctor eget, vehicula sed mauris. Aenean maximus ante eu eros sollicitudin bibendum. Quisque ullamcorper at lorem in bibendum. Phasellus erat sapien, iaculis in orci ac, tincidunt lacinia orci. Nunc euismod ligula lectus, eu euismod leo sollicitudin sit amet. Phasellus odio justo, pretium eget rhoncus sed, egestas eget felis. Phasellus cursus varius arcu, id bibendum enim convallis ac. Aliquam sagittis semper nulla ac molestie. Vestibulum varius gravida ornare.</p>\n<p>Aliquam posuere purus ac dolor eleifend fringilla. Fusce bibendum pretium facilisis. Etiam imperdiet ante vel convallis dignissim. Praesent vitae sapien a augue vehicula tincidunt. Quisque imperdiet sapien nec nibh tempus aliquet. Quisque sed tristique erat, sed faucibus ex. In fringilla elit et tortor pretium feugiat. Nullam ut posuere velit, nec volutpat sapien. Pellentesque congue pellentesque velit a egestas. Nullam libero elit, feugiat sollicitudin faucibus vel, vehicula eu turpis. Morbi mi diam, accumsan sed sapien vitae, auctor scelerisque nulla. Sed convallis velit non metus sollicitudin aliquam. Aenean fringilla leo et quam feugiat molestie. Curabitur gravida porttitor lorem.</p>\n<p>Nam ac molestie nunc. Nullam vel velit lacinia, auctor sapien vel, condimentum purus. Sed id vulputate tortor, quis pulvinar nunc. Nunc luctus sapien mi, id semper nisi ultricies vel. Proin laoreet, metus et rhoncus sagittis, neque nisl facilisis lorem, in feugiat arcu ex sit amet risus. Morbi et ante commodo, vehicula mi id, pulvinar ex. Integer tempus eros sit amet blandit dapibus. Nunc fringilla ac libero vitae viverra. Morbi mollis lorem non ex blandit, ut sollicitudin est faucibus.</p>\n</div>"
  },
  "pk": 9
},
{
  "model": "pages.richtextpage",
  "fields": {
    "content": "<p>.</p>"
  },
  "pk": 13
},
{
  "model": "pages.richtextpage",
  "fields": {
    "content": "<div id=\"lipsum\">\n<p>Lorem ipsum dolor sit amet, consectetur adipiscing elit. Morbi luctus eget erat efficitur porta. Donec a lorem urna. Morbi tincidunt ligula eget lectus condimentum, vitae consequat leo eleifend. Vivamus a porttitor felis. Curabitur suscipit, erat et varius egestas, odio ante pretium ante, a consectetur ligula urna non ante. Vivamus in libero convallis, tempus sem non, dignissim quam. Nam molestie diam nec leo dignissim, et iaculis erat aliquet. Praesent ullamcorper massa libero, non tempus eros commodo egestas. Nulla lorem elit, auctor id malesuada sit amet, semper in orci. Maecenas faucibus, risus vitae venenatis lacinia, erat mi venenatis augue, sit amet interdum dolor felis ut ante. Morbi a facilisis ante, in lobortis urna. Etiam ut nunc quis libero interdum aliquam eu at magna. Nunc vehicula risus eleifend molestie vulputate. Mauris diam odio, congue eget lorem id, finibus imperdiet sem.</p>\n<p><iframe height=\"315\" src=\"http://www.youtube.com/embed/J3_b4Ec_zEE\" width=\"560\"></iframe></p>\n<p>Vestibulum eget posuere metus, vel finibus leo. Suspendisse congue orci magna, in vestibulum lacus pulvinar a. Donec egestas, felis id feugiat tempus, orci velit ullamcorper risus, et ultricies augue arcu ullamcorper dolor. Mauris eget sollicitudin purus. Aenean a cursus risus, sit amet mattis erat. Curabitur vel venenatis sem. Cras non gravida tellus, eu egestas tellus. Morbi at lorem a turpis blandit vulputate vitae a est.</p>\n<p>Nam luctus vestibulum ultricies. Proin lobortis diam nec libero fringilla accumsan. Sed venenatis ante tortor, eu dapibus lectus finibus quis. Suspendisse faucibus felis nec consequat condimentum. Phasellus dui augue, sollicitudin euismod dolor non, hendrerit maximus sapien. Nullam porttitor hendrerit erat, eget commodo leo fermentum nec. Ut ex lacus, ullamcorper eu auctor eget, vehicula sed mauris. Aenean maximus ante eu eros sollicitudin bibendum. Quisque ullamcorper at lorem in bibendum. Phasellus erat sapien, iaculis in orci ac, tincidunt lacinia orci. Nunc euismod ligula lectus, eu euismod leo sollicitudin sit amet. Phasellus odio justo, pretium eget rhoncus sed, egestas eget felis. Phasellus cursus varius arcu, id bibendum enim convallis ac. Aliquam sagittis semper nulla ac molestie. Vestibulum varius gravida ornare.</p>\n<p>Aliquam posuere purus ac dolor eleifend fringilla. Fusce bibendum pretium facilisis. Etiam imperdiet ante vel convallis dignissim. Praesent vitae sapien a augue vehicula tincidunt. Quisque imperdiet sapien nec nibh tempus aliquet. Quisque sed tristique erat, sed faucibus ex. In fringilla elit et tortor pretium feugiat. Nullam ut posuere velit, nec volutpat sapien. Pellentesque congue pellentesque velit a egestas. Nullam libero elit, feugiat sollicitudin faucibus vel, vehicula eu turpis. Morbi mi diam, accumsan sed sapien vitae, auctor scelerisque nulla. Sed convallis velit non metus sollicitudin aliquam. Aenean fringilla leo et quam feugiat molestie. Curabitur gravida porttitor lorem.</p>\n<p>Nam ac molestie nunc. Nullam vel velit lacinia, auctor sapien vel, condimentum purus. Sed id vulputate tortor, quis pulvinar nunc. Nunc luctus sapien mi, id semper nisi ultricies vel. Proin laoreet, metus et rhoncus sagittis, neque nisl facilisis lorem, in feugiat arcu ex sit amet risus. Morbi et ante commodo, vehicula mi id, pulvinar ex. Integer tempus eros sit amet blandit dapibus. Nunc fringilla ac libero vitae viverra. Morbi mollis lorem non ex blandit, ut sollicitudin est faucibus.</p>\n</div>"
  },
  "pk": 2
},
{
  "model": "pages.richtextpage",
  "fields": {
    "content": "<div id=\"lipsum\">\n<p>Lorem ipsum dolor sit amet, consectetur adipiscing elit. Morbi luctus eget erat efficitur porta. Donec a lorem urna. Morbi tincidunt ligula eget lectus condimentum, vitae consequat leo eleifend. Vivamus a porttitor felis. Curabitur suscipit, erat et varius egestas, odio ante pretium ante, a consectetur ligula urna non ante. Vivamus in libero convallis, tempus sem non, dignissim quam. Nam molestie diam nec leo dignissim, et iaculis erat aliquet. Praesent ullamcorper massa libero, non tempus eros commodo egestas. Nulla lorem elit, auctor id malesuada sit amet, semper in orci. Maecenas faucibus, risus vitae venenatis lacinia, erat mi venenatis augue, sit amet interdum dolor felis ut ante. Morbi a facilisis ante, in lobortis urna. Etiam ut nunc quis libero interdum aliquam eu at magna. Nunc vehicula risus eleifend molestie vulputate. Mauris diam odio, congue eget lorem id, finibus imperdiet sem.</p>\n<p>Vestibulum eget posuere metus, vel finibus leo. Suspendisse congue orci magna, in vestibulum lacus pulvinar a. Donec egestas, felis id feugiat tempus, orci velit ullamcorper risus, et ultricies augue arcu ullamcorper dolor. Mauris eget sollicitudin purus. Aenean a cursus risus, sit amet mattis erat. Curabitur vel venenatis sem. Cras non gravida tellus, eu egestas tellus. Morbi at lorem a turpis blandit vulputate vitae a est.</p>\n<p>Nam luctus vestibulum ultricies. Proin lobortis diam nec libero fringilla accumsan. Sed venenatis ante tortor, eu dapibus lectus finibus quis. Suspendisse faucibus felis nec consequat condimentum. Phasellus dui augue, sollicitudin euismod dolor non, hendrerit maximus sapien. Nullam porttitor hendrerit erat, eget commodo leo fermentum nec. Ut ex lacus, ullamcorper eu auctor eget, vehicula sed mauris. Aenean maximus ante eu eros sollicitudin bibendum. Quisque ullamcorper at lorem in bibendum. Phasellus erat sapien, iaculis in orci ac, tincidunt lacinia orci. Nunc euismod ligula lectus, eu euismod leo sollicitudin sit amet. Phasellus odio justo, pretium eget rhoncus sed, egestas eget felis. Phasellus cursus varius arcu, id bibendum enim convallis ac. Aliquam sagittis semper nulla ac molestie. Vestibulum varius gravida ornare.</p>\n<p>Aliquam posuere purus ac dolor eleifend fringilla. Fusce bibendum pretium facilisis. Etiam imperdiet ante vel convallis dignissim. Praesent vitae sapien a augue vehicula tincidunt. Quisque imperdiet sapien nec nibh tempus aliquet. Quisque sed tristique erat, sed faucibus ex. In fringilla elit et tortor pretium feugiat. Nullam ut posuere velit, nec volutpat sapien. Pellentesque congue pellentesque velit a egestas. Nullam libero elit, feugiat sollicitudin faucibus vel, vehicula eu turpis. Morbi mi diam, accumsan sed sapien vitae, auctor scelerisque nulla. Sed convallis velit non metus sollicitudin aliquam. Aenean fringilla leo et quam feugiat molestie. Curabitur gravida porttitor lorem.</p>\n<p>Nam ac molestie nunc. Nullam vel velit lacinia, auctor sapien vel, condimentum purus. Sed id vulputate tortor, quis pulvinar nunc. Nunc luctus sapien mi, id semper nisi ultricies vel. Proin laoreet, metus et rhoncus sagittis, neque nisl facilisis lorem, in feugiat arcu ex sit amet risus. Morbi et ante commodo, vehicula mi id, pulvinar ex. Integer tempus eros sit amet blandit dapibus. Nunc fringilla ac libero vitae viverra. Morbi mollis lorem non ex blandit, ut sollicitudin est faucibus.</p>\n</div>"
  },
  "pk": 6
},
{
  "model": "pages.link",
  "fields": {},
  "pk": 19
},
{
  "model": "pages.link",
  "fields": {},
  "pk": 20
},
{
  "model": "pages.link",
  "fields": {},
  "pk": 16
},
{
  "model": "sites.site",
  "fields": {
    "name": "JD Landelijk",
    "domain": "jd.local:8000"
  },
  "pk": 1
},
{
  "model": "sites.site",
  "fields": {
    "name": "JD Amsterdam",
    "domain": "ams.jd.local:8000"
  },
  "pk": 2
},
{
  "model": "sites.site",
  "fields": {
    "name": "JD Leiden-Haaglanden",
    "domain": "lh.jd.local:8000"
  },
  "pk": 3
},
{
  "model": "blog.blogcategory",
  "fields": {
    "slug": "jd-blog",
    "site": 1,
    "title": "JD Blog"
  },
  "pk": 1
},
{
  "model": "blog.blogcategory",
  "fields": {
    "slug": "nieuws",
    "site": 1,
    "title": "Nieuws"
  },
  "pk": 2
},
{
  "model": "blog.blogcategory",
  "fields": {
    "slug": "weblog",
    "site": 3,
    "title": "Weblog"
  },
  "pk": 3
},
{
  "model": "blog.blogcategory",
  "fields": {
    "slug": "nieuws",
    "site": 3,
    "title": "Nieuws"
  },
  "pk": 4
},
{
  "model": "blog.blogcategory",
  "fields": {
    "slug": "politiek",
    "site": 1,
    "title": "Politiek"
  },
  "pk": 5
},
{
  "model": "blog.blogcategory",
  "fields": {
    "slug": "mededelingen",
    "site": 1,
    "title": "Mededelingen"
  },
  "pk": 6
},
{
  "model": "auth.group",
  "fields": {
    "name": "Content Manager",
    "permissions": [
      [
        "add_blogpost",
        "blog",
        "blogpost"
      ],
      [
        "change_blogpost",
        "blog",
        "blogpost"
      ],
      [
        "delete_blogpost",
        "blog",
        "blogpost"
      ],
      [
        "add_field",
        "forms",
        "field"
      ],
      [
        "change_field",
        "forms",
        "field"
      ],
      [
        "delete_field",
        "forms",
        "field"
      ],
      [
        "add_fieldentry",
        "forms",
        "fieldentry"
      ],
      [
        "change_fieldentry",
        "forms",
        "fieldentry"
      ],
      [
        "delete_fieldentry",
        "forms",
        "fieldentry"
      ],
      [
        "add_form",
        "forms",
        "form"
      ],
      [
        "change_form",
        "forms",
        "form"
      ],
      [
        "delete_form",
        "forms",
        "form"
      ],
      [
        "add_formentry",
        "forms",
        "formentry"
      ],
      [
        "change_formentry",
        "forms",
        "formentry"
      ],
      [
        "delete_formentry",
        "forms",
        "formentry"
      ],
      [
        "add_columnelementwidget",
        "jdpages",
        "columnelementwidget"
      ],
      [
        "change_columnelementwidget",
        "jdpages",
        "columnelementwidget"
      ],
      [
        "delete_columnelementwidget",
        "jdpages",
        "columnelementwidget"
      ],
      [
        "add_document",
        "jdpages",
        "document"
      ],
      [
        "change_document",
        "jdpages",
        "document"
      ],
      [
        "delete_document",
        "jdpages",
        "document"
      ],
      [
        "add_documentlisting",
        "jdpages",
        "documentlisting"
      ],
      [
        "change_documentlisting",
        "jdpages",
        "documentlisting"
      ],
      [
        "delete_documentlisting",
        "jdpages",
        "documentlisting"
      ],
      [
        "add_homepage",
        "jdpages",
        "homepage"
      ],
      [
        "change_homepage",
        "jdpages",
        "homepage"
      ],
      [
        "delete_homepage",
        "jdpages",
        "homepage"
      ],
      [
        "add_link",
        "pages",
        "link"
      ],
      [
        "change_link",
        "pages",
        "link"
      ],
      [
        "delete_link",
        "pages",
        "link"
      ],
      [
        "add_page",
        "pages",
        "page"
      ],
      [
        "change_page",
        "pages",
        "page"
      ],
      [
        "delete_page",
        "pages",
        "page"
      ],
      [
        "add_richtextpage",
        "pages",
        "richtextpage"
      ],
      [
        "change_richtextpage",
        "pages",
        "richtextpage"
      ],
      [
        "delete_richtextpage",
        "pages",
        "richtextpage"
      ]
    ]
  },
  "pk": 1
},
{
  "model": "auth.group",
  "fields": {
    "name": "Publisher",
    "permissions": [
      [
        "add_blogpost",
        "blog",
        "blogpost"
      ]
    ]
  },
  "pk": 2
},
{
  "model": "auth.group",
  "fields": {
    "name": "Administrators",
    "permissions": [
      [
        "add_logentry",
        "admin",
        "logentry"
      ],
      [
        "change_logentry",
        "admin",
        "logentry"
      ],
      [
        "delete_logentry",
        "admin",
        "logentry"
      ],
      [
        "add_group",
        "auth",
        "group"
      ],
      [
        "change_group",
        "auth",
        "group"
      ],
      [
        "delete_group",
        "auth",
        "group"
      ],
      [
        "add_permission",
        "auth",
        "permission"
      ],
      [
        "change_permission",
        "auth",
        "permission"
      ],
      [
        "delete_permission",
        "auth",
        "permission"
      ],
      [
        "add_user",
        "auth",
        "user"
      ],
      [
        "change_user",
        "auth",
        "user"
      ],
      [
        "delete_user",
        "auth",
        "user"
      ],
      [
        "add_blogcategory",
        "blog",
        "blogcategory"
      ],
      [
        "change_blogcategory",
        "blog",
        "blogcategory"
      ],
      [
        "delete_blogcategory",
        "blog",
        "blogcategory"
      ],
      [
        "add_blogpost",
        "blog",
        "blogpost"
      ],
      [
        "change_blogpost",
        "blog",
        "blogpost"
      ],
      [
        "delete_blogpost",
        "blog",
        "blogpost"
      ],
      [
        "add_captchastore",
        "captcha",
        "captchastore"
      ],
      [
        "change_captchastore",
        "captcha",
        "captchastore"
      ],
      [
        "delete_captchastore",
        "captcha",
        "captchastore"
      ],
      [
        "add_comment",
        "comments",
        "comment"
      ],
      [
        "can_moderate",
        "comments",
        "comment"
      ],
      [
        "change_comment",
        "comments",
        "comment"
      ],
      [
        "delete_comment",
        "comments",
        "comment"
      ],
      [
        "add_commentflag",
        "comments",
        "commentflag"
      ],
      [
        "change_commentflag",
        "comments",
        "commentflag"
      ],
      [
        "delete_commentflag",
        "comments",
        "commentflag"
      ],
      [
        "add_setting",
        "conf",
        "setting"
      ],
      [
        "change_setting",
        "conf",
        "setting"
      ],
      [
        "delete_setting",
        "conf",
        "setting"
      ],
      [
        "add_contenttype",
        "contenttypes",
        "contenttype"
      ],
      [
        "change_contenttype",
        "contenttypes",
        "contenttype"
      ],
      [
        "delete_contenttype",
        "contenttypes",
        "contenttype"
      ],
      [
        "add_sitepermission",
        "core",
        "sitepermission"
      ],
      [
        "change_sitepermission",
        "core",
        "sitepermission"
      ],
      [
        "delete_sitepermission",
        "core",
        "sitepermission"
      ],
      [
        "add_field",
        "forms",
        "field"
      ],
      [
        "change_field",
        "forms",
        "field"
      ],
      [
        "delete_field",
        "forms",
        "field"
      ],
      [
        "add_fieldentry",
        "forms",
        "fieldentry"
      ],
      [
        "change_fieldentry",
        "forms",
        "fieldentry"
      ],
      [
        "delete_fieldentry",
        "forms",
        "fieldentry"
      ],
      [
        "add_form",
        "forms",
        "form"
      ],
      [
        "change_form",
        "forms",
        "form"
      ],
      [
        "delete_form",
        "forms",
        "form"
      ],
      [
        "add_formentry",
        "forms",
        "formentry"
      ],
      [
        "change_formentry",
        "forms",
        "formentry"
      ],
      [
        "delete_formentry",
        "forms",
        "formentry"
      ],
      [
        "add_gallery",
        "galleries",
        "gallery"
      ],
      [
        "change_gallery",
        "galleries",
        "gallery"
      ],
      [
        "delete_gallery",
        "galleries",
        "gallery"
      ],
      [
        "add_galleryimage",
        "galleries",
        "galleryimage"
      ],
      [
        "change_galleryimage",
        "galleries",
        "galleryimage"
      ],
      [
        "delete_galleryimage",
        "galleries",
        "galleryimage"
      ],
      [
        "add_assignedkeyword",
        "generic",
        "assignedkeyword"
      ],
      [
        "change_assignedkeyword",
        "generic",
        "assignedkeyword"
      ],
      [
        "delete_assignedkeyword",
        "generic",
        "assignedkeyword"
      ],
      [
        "add_keyword",
        "generic",
        "keyword"
      ],
      [
        "change_keyword",
        "generic",
        "keyword"
      ],
      [
        "delete_keyword",
        "generic",
        "keyword"
      ],
      [
        "add_rating",
        "generic",
        "rating"
      ],
      [
        "change_rating",
        "generic",
        "rating"
      ],
      [
        "delete_rating",
        "generic",
        "rating"
      ],
      [
        "add_threadedcomment",
        "generic",
        "threadedcomment"
      ],
      [
        "change_threadedcomment",
        "generic",
        "threadedcomment"
      ],
      [
        "delete_threadedcomment",
        "generic",
        "threadedcomment"
      ],
      [
        "add_janeusrole",
        "janeus",
        "janeusrole"
      ],
      [
        "change_janeusrole",
        "janeus",
        "janeusrole"
      ],
      [
        "delete_janeusrole",
        "janeus",
        "janeusrole"
      ],
      [
        "add_janeususer",
        "janeus",
        "janeususer"
      ],
      [
        "change_janeususer",
        "janeus",
        "janeususer"
      ],
      [
        "delete_janeususer",
        "janeus",
        "janeususer"
      ],
      [
        "add_columnelement",
        "jdpages",
        "columnelement"
      ],
      [
        "change_columnelement",
        "jdpages",
        "columnelement"
      ],
      [
        "delete_columnelement",
        "jdpages",
        "columnelement"
      ],
      [
        "add_columnelementwidget",
        "jdpages",
        "columnelementwidget"
      ],
      [
        "change_columnelementwidget",
        "jdpages",
        "columnelementwidget"
      ],
      [
        "delete_columnelementwidget",
        "jdpages",
        "columnelementwidget"
      ],
      [
        "add_document",
        "jdpages",
        "document"
      ],
      [
        "change_document",
        "jdpages",
        "document"
      ],
      [
        "delete_document",
        "jdpages",
        "document"
      ],
      [
        "add_documentlisting",
        "jdpages",
        "documentlisting"
      ],
      [
        "change_documentlisting",
        "jdpages",
        "documentlisting"
      ],
      [
        "delete_documentlisting",
        "jdpages",
        "documentlisting"
      ],
      [
        "add_homepage",
        "jdpages",
        "homepage"
      ],
      [
        "change_homepage",
        "jdpages",
        "homepage"
      ],
      [
        "delete_homepage",
        "jdpages",
        "homepage"
      ],
      [
        "add_link",
        "pages",
        "link"
      ],
      [
        "change_link",
        "pages",
        "link"
      ],
      [
        "delete_link",
        "pages",
        "link"
      ],
      [
        "add_page",
        "pages",
        "page"
      ],
      [
        "change_page",
        "pages",
        "page"
      ],
      [
        "delete_page",
        "pages",
        "page"
      ],
      [
        "add_richtextpage",
        "pages",
        "richtextpage"
      ],
      [
        "change_richtextpage",
        "pages",
        "richtextpage"
      ],
      [
        "delete_richtextpage",
        "pages",
        "richtextpage"
      ],
      [
        "add_redirect",
        "redirects",
        "redirect"
      ],
      [
        "change_redirect",
        "redirects",
        "redirect"
      ],
      [
        "delete_redirect",
        "redirects",
        "redirect"
      ],
      [
        "add_session",
        "sessions",
        "session"
      ],
      [
        "change_session",
        "sessions",
        "session"
      ],
      [
        "delete_session",
        "sessions",
        "session"
      ],
      [
        "add_site",
        "sites",
        "site"
      ],
      [
        "change_site",
        "sites",
        "site"
      ],
      [
        "delete_site",
        "sites",
        "site"
      ],
      [
        "add_query",
        "twitter",
        "query"
      ],
      [
        "change_query",
        "twitter",
        "query"
      ],
      [
        "delete_query",
        "twitter",
        "query"
      ],
      [
        "add_tweet",
        "twitter",
        "tweet"
      ],
      [
        "change_tweet",
        "twitter",
        "tweet"
      ],
      [
        "delete_tweet",
        "twitter",
        "tweet"
      ]
    ]
  },
  "pk": 3
},
{
  "model": "jdpages.columnelement",
  "fields": {
    "content_type": [
      "blog",
      "blogcategory"
    ],
    "object_id": 1,
    "site": 1
  },
  "pk": 1
},
{
  "model": "jdpages.columnelement",
  "fields": {
    "content_type": [
      "blog",
      "blogcategory"
    ],
    "object_id": 2,
    "site": 1
  },
  "pk": 2
},
{
  "model": "jdpages.columnelement",
  "fields": {
    "content_type": [
      "blog",
      "blogcategory"
    ],
    "object_id": 3,
    "site": 3
  },
  "pk": 3
},
{
  "model": "jdpages.columnelement",
  "fields": {
    "content_type": [
      "blog",
      "blogcategory"
    ],
    "object_id": 4,
    "site": 3
  },
  "pk": 4
},
{
  "model": "jdpages.columnelement",
  "fields": {
    "content_type": [
      "blog",
      "blogcategory"
    ],
    "object_id": 5,
    "site": 1
  },
  "pk": 5
},
{
  "model": "jdpages.columnelement",
  "fields": {
    "content_type": [
      "blog",
      "blogcategory"
    ],
    "object_id": 6,
    "site": 1
  },
  "pk": 6
},
{
  "model": "jdpages.columnelementwidget",
  "fields": {
    "_order": 0,
    "max_items": 3,
    "site": 1,
    "column_element": 1,
    "horizontal_position": "Left",
    "title": "Blog",
    "page": 17
  },
  "pk": 1
},
{
  "model": "jdpages.columnelementwidget",
  "fields": {
    "_order": 0,
    "max_items": 3,
    "site": 1,
    "column_element": 5,
    "horizontal_position": "Right",
    "title": "Politiek",
    "page": 17
  },
  "pk": 2
},
{
  "model": "jdpages.homepage",
  "fields": {
    "content": "<p>Welkom op de website van de Jonge Democraten. De JD is met ruim 5500 leden een van de grootste politieke jongerenorganisaties van Nederland.</p>"
  },
  "pk": 17
},
{
  "model": "jdpages.homepage",
  "fields": {
    "content": "<p>.</p>"
  },
  "pk": 22
},
{
  "model": "jdpages.homepage",
  "fields": {
    "content": "<p>Welkom op de afdelingsite van de Jonge Democraten Leiden-Haaglanden. Hier vind je informatie over ons als\u00a0bestuur, de activiteiten die wij organiseren en de verschillende\u00a0commissies\u00a0die onze afdeling rijk is.</p>"
  },
  "pk": 23
},
{
  "model": "jdpages.documentlisting",
  "fields": {
    "content": "<p>Dit zijn belangrijke documenten voor de vereniging.</p>"
  },
  "pk": 24
},
{
  "model": "jdpages.document",
  "fields": {
    "document_listing": 24,
    "_order": 1,
    "description": "Document nr 2 - ook best belangrijk",
    "document": "uploads/tweede_belangrijke_document.pdf"
  },
  "pk": 1
},
{
  "model": "jdpages.document",
  "fields": {
    "document_listing": 24,
    "_order": 0,
    "description": "Document 1 - zeer belangrijk",
    "document": "uploads/eerste_belangrijke_document.docx"
  },
  "pk": 2
},
{
  "model": "conf.setting",
  "fields": {
    "value": "False",
    "name": "RATINGS_ACCOUNT_REQUIRED",
    "site": 1
  },
  "pk": 1
},
{
  "model": "conf.setting",
  "fields": {
    "value": "",
    "name": "COMMENTS_DISQUS_API_SECRET_KEY",
    "site": 1
  },
  "pk": 2
},
{
  "model": "conf.setting",
  "fields": {
    "value": "True",
    "name": "COMMENTS_REMOVED_VISIBLE",
    "site": 1
  },
  "pk": 3
},
{
  "model": "conf.setting",
  "fields": {
    "value": "",
    "name": "SSL_FORCE_HOST",
    "site": 1
  },
  "pk": 4
},
{
  "model": "conf.setting",
  "fields": {
    "value": "",
    "name": "COMMENTS_DISQUS_API_PUBLIC_KEY",
    "site": 1
  },
  "pk": 5
},
{
  "model": "conf.setting",
  "fields": {
    "value": "",
    "name": "COMMENTS_NOTIFICATION_EMAILS",
    "site": 1
  },
  "pk": 6
},
{
  "model": "conf.setting",
  "fields": {
    "value": "",
    "name": "TWITTER_ACCESS_TOKEN_SECRET",
    "site": 1
  },
  "pk": 7
},
{
  "model": "conf.setting",
  "fields": {
    "value": "5",
    "name": "COMMENTS_NUM_LATEST",
    "site": 1
  },
  "pk": 8
},
{
  "model": "conf.setting",
  "fields": {
    "value": "",
    "name": "GOOGLE_ANALYTICS_ID",
    "site": 1
  },
  "pk": 9
},
{
  "model": "conf.setting",
  "fields": {
    "value": "from:stephen_mcd mezzanine",
    "name": "TWITTER_DEFAULT_QUERY",
    "site": 1
  },
  "pk": 10
},
{
  "model": "conf.setting",
  "fields": {
    "value": "False",
    "name": "ADMIN_MENU_COLLAPSED",
    "site": 1
  },
  "pk": 11
},
{
  "model": "conf.setting",
  "fields": {
    "value": "10",
    "name": "MAX_PAGING_LINKS",
    "site": 1
  },
  "pk": 12
},
{
  "model": "conf.setting",
  "fields": {
    "value": "4",
    "name": "TAG_CLOUD_SIZES",
    "site": 1
  },
  "pk": 13
},
{
  "model": "conf.setting",
  "fields": {
    "value": "1",
    "name": "RICHTEXT_FILTER_LEVEL",
    "site": 1
  },
  "pk": 14
},
{
  "model": "conf.setting",
  "fields": {
    "value": "False",
    "name": "COMMENTS_ACCOUNT_REQUIRED",
    "site": 1
  },
  "pk": 15
},
{
  "model": "conf.setting",
  "fields": {
    "value": "",
    "name": "TWITTER_CONSUMER_SECRET",
    "site": 1
  },
  "pk": 16
},
{
  "model": "conf.setting",
  "fields": {
    "value": "Jonge Democraten",
    "name": "SITE_TAGLINE",
    "site": 1
  },
  "pk": 17
},
{
  "model": "conf.setting",
  "fields": {
    "value": "5",
    "name": "BLOG_POST_PER_PAGE",
    "site": 1
  },
  "pk": 18
},
{
  "model": "conf.setting",
  "fields": {
    "value": "",
    "name": "BITLY_ACCESS_TOKEN",
    "site": 1
  },
  "pk": 19
},
{
  "model": "conf.setting",
  "fields": {
    "value": "3",
    "name": "TWITTER_DEFAULT_NUM_TWEETS",
    "site": 1
  },
  "pk": 20
},
{
  "model": "conf.setting",
  "fields": {
    "value": "search",
    "name": "TWITTER_DEFAULT_QUERY_TYPE",
    "site": 1
  },
  "pk": 21
},
{
  "model": "conf.setting",
  "fields": {
    "value": "",
    "name": "TWITTER_ACCESS_TOKEN_KEY",
    "site": 1
  },
  "pk": 22
},
{
  "model": "conf.setting",
  "fields": {
    "value": "True",
    "name": "COMMENTS_DEFAULT_APPROVED",
    "site": 1
  },
  "pk": 23
},
{
  "model": "conf.setting",
  "fields": {
    "value": "",
    "name": "TWITTER_CONSUMER_KEY",
    "site": 1
  },
  "pk": 24
},
{
  "model": "conf.setting",
  "fields": {
    "value": "False",
    "name": "SSL_ENABLED",
    "site": 1
  },
  "pk": 25
},
{
  "model": "conf.setting",
  "fields": {
    "value": "True",
    "name": "COMMENTS_UNAPPROVED_VISIBLE",
    "site": 1
  },
  "pk": 26
},
{
  "model": "conf.setting",
  "fields": {
    "value": "",
    "name": "COMMENTS_DISQUS_SHORTNAME",
    "site": 1
  },
  "pk": 27
},
{
  "model": "conf.setting",
  "fields": {
    "value": "10",
    "name": "SEARCH_PER_PAGE",
    "site": 1
  },
  "pk": 28
},
{
  "model": "conf.setting",
  "fields": {
    "value": "",
    "name": "AKISMET_API_KEY",
    "site": 1
  },
  "pk": 29
},
{
  "model": "conf.setting",
  "fields": {
    "value": "False",
    "name": "RATINGS_ACCOUNT_REQUIRED",
    "site": 2
  },
  "pk": 30
},
{
  "model": "conf.setting",
  "fields": {
    "value": "",
    "name": "COMMENTS_DISQUS_API_SECRET_KEY",
    "site": 2
  },
  "pk": 31
},
{
  "model": "conf.setting",
  "fields": {
    "value": "True",
    "name": "COMMENTS_REMOVED_VISIBLE",
    "site": 2
  },
  "pk": 32
},
{
  "model": "conf.setting",
  "fields": {
    "value": "",
    "name": "SSL_FORCE_HOST",
    "site": 2
  },
  "pk": 33
},
{
  "model": "conf.setting",
  "fields": {
    "value": "",
    "name": "COMMENTS_DISQUS_API_PUBLIC_KEY",
    "site": 2
  },
  "pk": 34
},
{
  "model": "conf.setting",
  "fields": {
    "value": "",
    "name": "COMMENTS_NOTIFICATION_EMAILS",
    "site": 2
  },
  "pk": 35
},
{
  "model": "conf.setting",
  "fields": {
    "value": "",
    "name": "TWITTER_ACCESS_TOKEN_SECRET",
    "site": 2
  },
  "pk": 36
},
{
  "model": "conf.setting",
  "fields": {
    "value": "5",
    "name": "COMMENTS_NUM_LATEST",
    "site": 2
  },
  "pk": 37
},
{
  "model": "conf.setting",
  "fields": {
    "value": "",
    "name": "GOOGLE_ANALYTICS_ID",
    "site": 2
  },
  "pk": 38
},
{
  "model": "conf.setting",
  "fields": {
    "value": "from:stephen_mcd mezzanine",
    "name": "TWITTER_DEFAULT_QUERY",
    "site": 2
  },
  "pk": 39
},
{
  "model": "conf.setting",
  "fields": {
    "value": "False",
    "name": "ADMIN_MENU_COLLAPSED",
    "site": 2
  },
  "pk": 40
},
{
  "model": "conf.setting",
  "fields": {
    "value": "10",
    "name": "MAX_PAGING_LINKS",
    "site": 2
  },
  "pk": 41
},
{
  "model": "conf.setting",
  "fields": {
    "value": "4",
    "name": "TAG_CLOUD_SIZES",
    "site": 2
  },
  "pk": 42
},
{
  "model": "conf.setting",
  "fields": {
    "value": "1",
    "name": "RICHTEXT_FILTER_LEVEL",
    "site": 2
  },
  "pk": 43
},
{
  "model": "conf.setting",
  "fields": {
    "value": "False",
    "name": "COMMENTS_ACCOUNT_REQUIRED",
    "site": 2
  },
  "pk": 44
},
{
  "model": "conf.setting",
  "fields": {
    "value": "",
    "name": "TWITTER_CONSUMER_SECRET",
    "site": 2
  },
  "pk": 45
},
{
  "model": "conf.setting",
  "fields": {
    "value": "Jonge Democraten Amsterdam",
    "name": "SITE_TAGLINE",
    "site": 2
  },
  "pk": 46
},
{
  "model": "conf.setting",
  "fields": {
    "value": "5",
    "name": "BLOG_POST_PER_PAGE",
    "site": 2
  },
  "pk": 47
},
{
  "model": "conf.setting",
  "fields": {
    "value": "",
    "name": "BITLY_ACCESS_TOKEN",
    "site": 2
  },
  "pk": 48
},
{
  "model": "conf.setting",
  "fields": {
    "value": "3",
    "name": "TWITTER_DEFAULT_NUM_TWEETS",
    "site": 2
  },
  "pk": 49
},
{
  "model": "conf.setting",
  "fields": {
    "value": "search",
    "name": "TWITTER_DEFAULT_QUERY_TYPE",
    "site": 2
  },
  "pk": 50
},
{
  "model": "conf.setting",
  "fields": {
    "value": "",
    "name": "TWITTER_ACCESS_TOKEN_KEY",
    "site": 2
  },
  "pk": 51
},
{
  "model": "conf.setting",
  "fields": {
    "value": "True",
    "name": "COMMENTS_DEFAULT_APPROVED",
    "site": 2
  },
  "pk": 52
},
{
  "model": "conf.setting",
  "fields": {
    "value": "",
    "name": "TWITTER_CONSUMER_KEY",
    "site": 2
  },
  "pk": 53
},
{
  "model": "conf.setting",
  "fields": {
    "value": "False",
    "name": "SSL_ENABLED",
    "site": 2
  },
  "pk": 54
},
{
  "model": "conf.setting",
  "fields": {
    "value": "True",
    "name": "COMMENTS_UNAPPROVED_VISIBLE",
    "site": 2
  },
  "pk": 55
},
{
  "model": "conf.setting",
  "fields": {
    "value": "",
    "name": "COMMENTS_DISQUS_SHORTNAME",
    "site": 2
  },
  "pk": 56
},
{
  "model": "conf.setting",
  "fields": {
    "value": "10",
    "name": "SEARCH_PER_PAGE",
    "site": 2
  },
  "pk": 57
},
{
  "model": "conf.setting",
  "fields": {
    "value": "",
    "name": "AKISMET_API_KEY",
    "site": 2
  },
  "pk": 58
},
{
  "model": "conf.setting",
  "fields": {
    "value": "False",
    "name": "RATINGS_ACCOUNT_REQUIRED",
    "site": 3
  },
  "pk": 59
},
{
  "model": "conf.setting",
  "fields": {
    "value": "",
    "name": "COMMENTS_DISQUS_API_SECRET_KEY",
    "site": 3
  },
  "pk": 60
},
{
  "model": "conf.setting",
  "fields": {
    "value": "True",
    "name": "COMMENTS_REMOVED_VISIBLE",
    "site": 3
  },
  "pk": 61
},
{
  "model": "conf.setting",
  "fields": {
    "value": "",
    "name": "SSL_FORCE_HOST",
    "site": 3
  },
  "pk": 62
},
{
  "model": "conf.setting",
  "fields": {
    "value": "",
    "name": "COMMENTS_DISQUS_API_PUBLIC_KEY",
    "site": 3
  },
  "pk": 63
},
{
  "model": "conf.setting",
  "fields": {
    "value": "",
    "name": "COMMENTS_NOTIFICATION_EMAILS",
    "site": 3
  },
  "pk": 64
},
{
  "model": "conf.setting",
  "fields": {
    "value": "",
    "name": "TWITTER_ACCESS_TOKEN_SECRET",
    "site": 3
  },
  "pk": 65
},
{
  "model": "conf.setting",
  "fields": {
    "value": "5",
    "name": "COMMENTS_NUM_LATEST",
    "site": 3
  },
  "pk": 66
},
{
  "model": "conf.setting",
  "fields": {
    "value": "",
    "name": "GOOGLE_ANALYTICS_ID",
    "site": 3
  },
  "pk": 67
},
{
  "model": "conf.setting",
  "fields": {
    "value": "from:stephen_mcd mezzanine",
    "name": "TWITTER_DEFAULT_QUERY",
    "site": 3
  },
  "pk": 68
},
{
  "model": "conf.setting",
  "fields": {
    "value": "False",
    "name": "ADMIN_MENU_COLLAPSED",
    "site": 3
  },
  "pk": 69
},
{
  "model": "conf.setting",
  "fields": {
    "value": "10",
    "name": "MAX_PAGING_LINKS",
    "site": 3
  },
  "pk": 70
},
{
  "model": "conf.setting",
  "fields": {
    "value": "4",
    "name": "TAG_CLOUD_SIZES",
    "site": 3
  },
  "pk": 71
},
{
  "model": "conf.setting",
  "fields": {
    "value": "1",
    "name": "RICHTEXT_FILTER_LEVEL",
    "site": 3
  },
  "pk": 72
},
{
  "model": "conf.setting",
  "fields": {
    "value": "False",
    "name": "COMMENTS_ACCOUNT_REQUIRED",
    "site": 3
  },
  "pk": 73
},
{
  "model": "conf.setting",
  "fields": {
    "value": "",
    "name": "TWITTER_CONSUMER_SECRET",
    "site": 3
  },
  "pk": 74
},
{
  "model": "conf.setting",
  "fields": {
    "value": "Jonge Democraten Leiden-Haaglanden e.o.",
    "name": "SITE_TAGLINE",
    "site": 3
  },
  "pk": 75
},
{
  "model": "conf.setting",
  "fields": {
    "value": "5",
    "name": "BLOG_POST_PER_PAGE",
    "site": 3
  },
  "pk": 76
},
{
  "model": "conf.setting",
  "fields": {
    "value": "",
    "name": "BITLY_ACCESS_TOKEN",
    "site": 3
  },
  "pk": 77
},
{
  "model": "conf.setting",
  "fields": {
    "value": "3",
    "name": "TWITTER_DEFAULT_NUM_TWEETS",
    "site": 3
  },
  "pk": 78
},
{
  "model": "conf.setting",
  "fields": {
    "value": "search",
    "name": "TWITTER_DEFAULT_QUERY_TYPE",
    "site": 3
  },
  "pk": 79
},
{
  "model": "conf.setting",
  "fields": {
    "value": "",
    "name": "TWITTER_ACCESS_TOKEN_KEY",
    "site": 3
  },
  "pk": 80
},
{
  "model": "conf.setting",
  "fields": {
    "value": "True",
    "name": "COMMENTS_DEFAULT_APPROVED",
    "site": 3
  },
  "pk": 81
},
{
  "model": "conf.setting",
  "fields": {
    "value": "",
    "name": "TWITTER_CONSUMER_KEY",
    "site": 3
  },
  "pk": 82
},
{
  "model": "conf.setting",
  "fields": {
    "value": "False",
    "name": "SSL_ENABLED",
    "site": 3
  },
  "pk": 83
},
{
  "model": "conf.setting",
  "fields": {
    "value": "True",
    "name": "COMMENTS_UNAPPROVED_VISIBLE",
    "site": 3
  },
  "pk": 84
},
{
  "model": "conf.setting",
  "fields": {
    "value": "",
    "name": "COMMENTS_DISQUS_SHORTNAME",
    "site": 3
  },
  "pk": 85
},
{
  "model": "conf.setting",
  "fields": {
    "value": "10",
    "name": "SEARCH_PER_PAGE",
    "site": 3
  },
  "pk": 86
},
{
  "model": "conf.setting",
  "fields": {
    "value": "",
    "name": "AKISMET_API_KEY",
    "site": 3
  },
  "pk": 87
},
{
  "model": "janeus.janeusrole",
  "fields": {
    "groups": [
      [
        "Content Manager"
      ]
    ],
    "permissions": [],
    "role": "role-as-landelijk",
    "sites": [
      2,
      1,
      3
    ]
  },
  "pk": 1
},
{
  "model": "janeus.janeusrole",
  "fields": {
    "groups": [
      [
        "Administrators"
      ]
    ],
    "permissions": [],
    "role": "role-team-ict",
    "sites": []
  },
  "pk": 2
},
{
  "model": "janeus.janeusrole",
  "fields": {
    "groups": [
      [
        "Content Manager"
      ]
    ],
    "permissions": [],
    "role": "role-as-leidenhaaglanden",
    "sites": [
      3
    ]
  },
  "pk": 3
},
{
  "model": "janeus.janeusrole",
  "fields": {
    "groups": [
      [
        "Publisher"
      ]
    ],
    "permissions": [],
    "role": "role-bestuur-leidenhaaglanden",
    "sites": [
      3
    ]
  },
  "pk": 4
},
{
  "model": "auth.user",
  "fields": {
    "username": "admin",
    "date_joined": "2014-12-21T21:34:09.881Z",
    "is_active": true,
    "user_permissions": [],
    "groups": [],
    "password": "pbkdf2_sha256$12000$7lZdKvhp8rSo$/iSJHxO1UrsFsoCK9Gzx69/5q8d6COJYjvbAoNqt8IQ=",
    "is_staff": true,
    "last_name": "",
    "last_login": "2015-01-24T17:21:14.303Z",
    "first_name": "",
    "is_superuser": true,
    "email": "admin@admin.admin"
  },
  "pk": 1
},
{
  "model": "auth.user",
  "fields": {
    "username": "cm",
    "date_joined": "2015-01-24T16:51:24Z",
    "is_active": true,
    "user_permissions": [],
    "groups": [
      [
        "Content Manager"
      ]
    ],
    "password": "pbkdf2_sha256$12000$wnMTa4JUBH5t$i51zeQKG02OdmhnaZTSghIBFZaLubwatuhdDEbsbrD8=",
    "is_staff": true,
    "last_name": "",
    "last_login": "2015-01-24T17:16:54.529Z",
    "first_name": "",
    "is_superuser": false,
    "email": ""
  },
  "pk": 2
},
{
  "model": "auth.user",
  "fields": {
    "username": "publisher",
    "date_joined": "2015-01-24T16:52:17Z",
    "is_active": true,
    "user_permissions": [],
    "groups": [
      [
        "Publisher"
      ]
    ],
    "password": "pbkdf2_sha256$12000$n4cU24hBXh8r$UHpYKNh5eRXJQA1JFdKRNVKgR4dz9B4fC0yLGjhSCmM=",
    "is_staff": true,
    "last_name": "",
    "last_login": "2015-01-24T16:52:17Z",
    "first_name": "",
    "is_superuser": false,
    "email": ""
  },
  "pk": 3
},
{
  "model": "blog.blogpost",
  "fields": {
    "publish_date": "2014-12-21T21:37:04Z",
    "rating_sum": 0,
    "rating_count": 0,
    "keywords_string": "",
    "short_url": "http://jd.local:8000/blog/een-mooie-weblog/",
    "related_posts": [],
    "user": [
      "admin"
    ],
    "description": "\nLorem ipsum dolor sit amet, consectetur adipiscing elit. Morbi luctus eget erat efficitur porta. Donec a lorem urna. Morbi tincidunt ligula eget lectus condimentum, vitae consequat leo eleifend. Vivamus a porttitor felis. Curabitur suscipit, erat et varius egestas, odio ante pretium ante, a consectetur ligula urna non ante. Vivamus in libero convallis, tempus sem non, dignissim quam. Nam molestie diam nec leo dignissim, et iaculis erat aliquet. Praesent ullamcorper massa libero, non tempus eros commodo egestas. Nulla lorem elit, auctor id malesuada sit amet, semper in orci. Maecenas faucibus, risus vitae venenatis lacinia, erat mi venenatis augue, sit amet interdum dolor felis ut ante. Morbi a facilisis ante, in lobortis urna. Etiam ut nunc quis libero interdum aliquam eu at magna. Nunc vehicula risus eleifend molestie vulputate. Mauris diam odio, congue eget lorem id, finibus imperdiet sem.",
    "site": 1,
    "expiry_date": null,
    "content": "<div id=\"lipsum\">\n<p>Lorem ipsum dolor sit amet, consectetur adipiscing elit. Morbi luctus eget erat efficitur porta. Donec a lorem urna. Morbi tincidunt ligula eget lectus condimentum, vitae consequat leo eleifend. Vivamus a porttitor felis. Curabitur suscipit, erat et varius egestas, odio ante pretium ante, a consectetur ligula urna non ante. Vivamus in libero convallis, tempus sem non, dignissim quam. Nam molestie diam nec leo dignissim, et iaculis erat aliquet. Praesent ullamcorper massa libero, non tempus eros commodo egestas. Nulla lorem elit, auctor id malesuada sit amet, semper in orci. Maecenas faucibus, risus vitae venenatis lacinia, erat mi venenatis augue, sit amet interdum dolor felis ut ante. Morbi a facilisis ante, in lobortis urna. Etiam ut nunc quis libero interdum aliquam eu at magna. Nunc vehicula risus eleifend molestie vulputate. Mauris diam odio, congue eget lorem id, finibus imperdiet sem.</p>\n<p><iframe height=\"315\" src=\"http://www.youtube.com/embed/J3_b4Ec_zEE\" width=\"560\"></iframe></p>\n<p>Vestibulum eget posuere metus, vel finibus leo. Suspendisse congue orci magna, in vestibulum lacus pulvinar a. Donec egestas, felis id feugiat tempus, orci velit ullamcorper risus, et ultricies augue arcu ullamcorper dolor. Mauris eget sollicitudin purus. Aenean a cursus risus, sit amet mattis erat. Curabitur vel venenatis sem. Cras non gravida tellus, eu egestas tellus. Morbi at lorem a turpis blandit vulputate vitae a est.</p>\n<p>Nam luctus vestibulum ultricies. Proin lobortis diam nec libero fringilla accumsan. Sed venenatis ante tortor, eu dapibus lectus finibus quis. Suspendisse faucibus felis nec consequat condimentum. Phasellus dui augue, sollicitudin euismod dolor non, hendrerit maximus sapien. Nullam porttitor hendrerit erat, eget commodo leo fermentum nec. Ut ex lacus, ullamcorper eu auctor eget, vehicula sed mauris. Aenean maximus ante eu eros sollicitudin bibendum. Quisque ullamcorper at lorem in bibendum. Phasellus erat sapien, iaculis in orci ac, tincidunt lacinia orci. Nunc euismod ligula lectus, eu euismod leo sollicitudin sit amet. Phasellus odio justo, pretium eget rhoncus sed, egestas eget felis. Phasellus cursus varius arcu, id bibendum enim convallis ac. Aliquam sagittis semper nulla ac molestie. Vestibulum varius gravida ornare.</p>\n<p>Aliquam posuere purus ac dolor eleifend fringilla. Fusce bibendum pretium facilisis. Etiam imperdiet ante vel convallis dignissim. Praesent vitae sapien a augue vehicula tincidunt. Quisque imperdiet sapien nec nibh tempus aliquet. Quisque sed tristique erat, sed faucibus ex. In fringilla elit et tortor pretium feugiat. Nullam ut posuere velit, nec volutpat sapien. Pellentesque congue pellentesque velit a egestas. Nullam libero elit, feugiat sollicitudin faucibus vel, vehicula eu turpis. Morbi mi diam, accumsan sed sapien vitae, auctor scelerisque nulla. Sed convallis velit non metus sollicitudin aliquam. Aenean fringilla leo et quam feugiat molestie. Curabitur gravida porttitor lorem.</p>\n<p>Nam ac molestie nunc. Nullam vel velit lacinia, auctor sapien vel, condimentum purus. Sed id vulputate tortor, quis pulvinar nunc. Nunc luctus sapien mi, id semper nisi ultricies vel. Proin laoreet, metus et rhoncus sagittis, neque nisl facilisis lorem, in feugiat arcu ex sit amet risus. Morbi et ante commodo, vehicula mi id, pulvinar ex. Integer tempus eros sit amet blandit dapibus. Nunc fringilla ac libero vitae viverra. Morbi mollis lorem non ex blandit, ut sollicitudin est faucibus.</p>\n</div>",
    "status": 2,
    "gen_description": true,
    "slug": "een-mooie-weblog",
    "rating_average": 0.0,
    "title": "Een mooie weblog",
    "categories": [
      1
    ],
    "created": "2014-12-21T21:37:04.611Z",
    "allow_comments": true,
    "in_sitemap": true,
    "updated": "2014-12-30T23:22:53.495Z",
    "_meta_title": "",
    "featured_image": null,
    "comments_count": 0
  },
  "pk": 1
},
{
  "model": "blog.blogpost",
  "fields": {
    "publish_date": "2014-12-21T21:37:15.767Z",
    "rating_sum": 0,
    "rating_count": 0,
    "keywords_string": "",
    "short_url": "http://jd.local:8000/blog/een-groot-nieuwtje/",
    "related_posts": [],
    "user": [
      "admin"
    ],
    "description": "\nLorem ipsum dolor sit amet, consectetur adipiscing elit. Morbi luctus eget erat efficitur porta. Donec a lorem urna. Morbi tincidunt ligula eget lectus condimentum, vitae consequat leo eleifend. Vivamus a porttitor felis. Curabitur suscipit, erat et varius egestas, odio ante pretium ante, a consectetur ligula urna non ante. Vivamus in libero convallis, tempus sem non, dignissim quam. Nam molestie diam nec leo dignissim, et iaculis erat aliquet. Praesent ullamcorper massa libero, non tempus eros commodo egestas. Nulla lorem elit, auctor id malesuada sit amet, semper in orci. Maecenas faucibus, risus vitae venenatis lacinia, erat mi venenatis augue, sit amet interdum dolor felis ut ante. Morbi a facilisis ante, in lobortis urna. Etiam ut nunc quis libero interdum aliquam eu at magna. Nunc vehicula risus eleifend molestie vulputate. Mauris diam odio, congue eget lorem id, finibus imperdiet sem.",
    "site": 1,
    "expiry_date": null,
    "content": "<div id=\"lipsum\">\n<p>Lorem ipsum dolor sit amet, consectetur adipiscing elit. Morbi luctus eget erat efficitur porta. Donec a lorem urna. Morbi tincidunt ligula eget lectus condimentum, vitae consequat leo eleifend. Vivamus a porttitor felis. Curabitur suscipit, erat et varius egestas, odio ante pretium ante, a consectetur ligula urna non ante. Vivamus in libero convallis, tempus sem non, dignissim quam. Nam molestie diam nec leo dignissim, et iaculis erat aliquet. Praesent ullamcorper massa libero, non tempus eros commodo egestas. Nulla lorem elit, auctor id malesuada sit amet, semper in orci. Maecenas faucibus, risus vitae venenatis lacinia, erat mi venenatis augue, sit amet interdum dolor felis ut ante. Morbi a facilisis ante, in lobortis urna. Etiam ut nunc quis libero interdum aliquam eu at magna. Nunc vehicula risus eleifend molestie vulputate. Mauris diam odio, congue eget lorem id, finibus imperdiet sem.</p>\n<p>Vestibulum eget posuere metus, vel finibus leo. Suspendisse congue orci magna, in vestibulum lacus pulvinar a. Donec egestas, felis id feugiat tempus, orci velit ullamcorper risus, et ultricies augue arcu ullamcorper dolor. Mauris eget sollicitudin purus. Aenean a cursus risus, sit amet mattis erat. Curabitur vel venenatis sem. Cras non gravida tellus, eu egestas tellus. Morbi at lorem a turpis blandit vulputate vitae a est.</p>\n<p>Nam luctus vestibulum ultricies. Proin lobortis diam nec libero fringilla accumsan. Sed venenatis ante tortor, eu dapibus lectus finibus quis. Suspendisse faucibus felis nec consequat condimentum. Phasellus dui augue, sollicitudin euismod dolor non, hendrerit maximus sapien. Nullam porttitor hendrerit erat, eget commodo leo fermentum nec. Ut ex lacus, ullamcorper eu auctor eget, vehicula sed mauris. Aenean maximus ante eu eros sollicitudin bibendum. Quisque ullamcorper at lorem in bibendum. Phasellus erat sapien, iaculis in orci ac, tincidunt lacinia orci. Nunc euismod ligula lectus, eu euismod leo sollicitudin sit amet. Phasellus odio justo, pretium eget rhoncus sed, egestas eget felis. Phasellus cursus varius arcu, id bibendum enim convallis ac. Aliquam sagittis semper nulla ac molestie. Vestibulum varius gravida ornare.</p>\n<p>Aliquam posuere purus ac dolor eleifend fringilla. Fusce bibendum pretium facilisis. Etiam imperdiet ante vel convallis dignissim. Praesent vitae sapien a augue vehicula tincidunt. Quisque imperdiet sapien nec nibh tempus aliquet. Quisque sed tristique erat, sed faucibus ex. In fringilla elit et tortor pretium feugiat. Nullam ut posuere velit, nec volutpat sapien. Pellentesque congue pellentesque velit a egestas. Nullam libero elit, feugiat sollicitudin faucibus vel, vehicula eu turpis. Morbi mi diam, accumsan sed sapien vitae, auctor scelerisque nulla. Sed convallis velit non metus sollicitudin aliquam. Aenean fringilla leo et quam feugiat molestie. Curabitur gravida porttitor lorem.</p>\n<p>Nam ac molestie nunc. Nullam vel velit lacinia, auctor sapien vel, condimentum purus. Sed id vulputate tortor, quis pulvinar nunc. Nunc luctus sapien mi, id semper nisi ultricies vel. Proin laoreet, metus et rhoncus sagittis, neque nisl facilisis lorem, in feugiat arcu ex sit amet risus. Morbi et ante commodo, vehicula mi id, pulvinar ex. Integer tempus eros sit amet blandit dapibus. Nunc fringilla ac libero vitae viverra. Morbi mollis lorem non ex blandit, ut sollicitudin est faucibus.</p>\n</div>",
    "status": 2,
    "gen_description": true,
    "slug": "een-groot-nieuwtje",
    "rating_average": 0.0,
    "title": "Een groot nieuwtje!",
    "categories": [
      2
    ],
    "created": "2014-12-21T21:37:15.769Z",
    "allow_comments": true,
    "in_sitemap": true,
    "updated": "2014-12-31T11:18:38.752Z",
    "_meta_title": "",
    "featured_image": null,
    "comments_count": 0
  },
  "pk": 2
},
{
  "model": "blog.blogpost",
  "fields": {
    "publish_date": "2014-12-21T21:41:33.322Z",
    "rating_sum": 0,
    "rating_count": 0,
    "keywords_string": "",
    "short_url": null,
    "related_posts": [],
    "user": [
      "admin"
    ],
    "description": "\nLorem ipsum dolor sit amet, consectetur adipiscing elit. Morbi luctus eget erat efficitur porta. Donec a lorem urna. Morbi tincidunt ligula eget lectus condimentum, vitae consequat leo eleifend. Vivamus a porttitor felis. Curabitur suscipit, erat et varius egestas, odio ante pretium ante, a consectetur ligula urna non ante. Vivamus in libero convallis, tempus sem non, dignissim quam. Nam molestie diam nec leo dignissim, et iaculis erat aliquet. Praesent ullamcorper massa libero, non tempus eros commodo egestas. Nulla lorem elit, auctor id malesuada sit amet, semper in orci. Maecenas faucibus, risus vitae venenatis lacinia, erat mi venenatis augue, sit amet interdum dolor felis ut ante. Morbi a facilisis ante, in lobortis urna. Etiam ut nunc quis libero interdum aliquam eu at magna. Nunc vehicula risus eleifend molestie vulputate. Mauris diam odio, congue eget lorem id, finibus imperdiet sem.",
    "site": 3,
    "expiry_date": null,
    "content": "<div id=\"lipsum\">\n<p>Lorem ipsum dolor sit amet, consectetur adipiscing elit. Morbi luctus eget erat efficitur porta. Donec a lorem urna. Morbi tincidunt ligula eget lectus condimentum, vitae consequat leo eleifend. Vivamus a porttitor felis. Curabitur suscipit, erat et varius egestas, odio ante pretium ante, a consectetur ligula urna non ante. Vivamus in libero convallis, tempus sem non, dignissim quam. Nam molestie diam nec leo dignissim, et iaculis erat aliquet. Praesent ullamcorper massa libero, non tempus eros commodo egestas. Nulla lorem elit, auctor id malesuada sit amet, semper in orci. Maecenas faucibus, risus vitae venenatis lacinia, erat mi venenatis augue, sit amet interdum dolor felis ut ante. Morbi a facilisis ante, in lobortis urna. Etiam ut nunc quis libero interdum aliquam eu at magna. Nunc vehicula risus eleifend molestie vulputate. Mauris diam odio, congue eget lorem id, finibus imperdiet sem.</p>\n<p>Vestibulum eget posuere metus, vel finibus leo. Suspendisse congue orci magna, in vestibulum lacus pulvinar a. Donec egestas, felis id feugiat tempus, orci velit ullamcorper risus, et ultricies augue arcu ullamcorper dolor. Mauris eget sollicitudin purus. Aenean a cursus risus, sit amet mattis erat. Curabitur vel venenatis sem. Cras non gravida tellus, eu egestas tellus. Morbi at lorem a turpis blandit vulputate vitae a est.</p>\n<p>Nam luctus vestibulum ultricies. Proin lobortis diam nec libero fringilla accumsan. Sed venenatis ante tortor, eu dapibus lectus finibus quis. Suspendisse faucibus felis nec consequat condimentum. Phasellus dui augue, sollicitudin euismod dolor non, hendrerit maximus sapien. Nullam porttitor hendrerit erat, eget commodo leo fermentum nec. Ut ex lacus, ullamcorper eu auctor eget, vehicula sed mauris. Aenean maximus ante eu eros sollicitudin bibendum. Quisque ullamcorper at lorem in bibendum. Phasellus erat sapien, iaculis in orci ac, tincidunt lacinia orci. Nunc euismod ligula lectus, eu euismod leo sollicitudin sit amet. Phasellus odio justo, pretium eget rhoncus sed, egestas eget felis. Phasellus cursus varius arcu, id bibendum enim convallis ac. Aliquam sagittis semper nulla ac molestie. Vestibulum varius gravida ornare.</p>\n<p>Aliquam posuere purus ac dolor eleifend fringilla. Fusce bibendum pretium facilisis. Etiam imperdiet ante vel convallis dignissim. Praesent vitae sapien a augue vehicula tincidunt. Quisque imperdiet sapien nec nibh tempus aliquet. Quisque sed tristique erat, sed faucibus ex. In fringilla elit et tortor pretium feugiat. Nullam ut posuere velit, nec volutpat sapien. Pellentesque congue pellentesque velit a egestas. Nullam libero elit, feugiat sollicitudin faucibus vel, vehicula eu turpis. Morbi mi diam, accumsan sed sapien vitae, auctor scelerisque nulla. Sed convallis velit non metus sollicitudin aliquam. Aenean fringilla leo et quam feugiat molestie. Curabitur gravida porttitor lorem.</p>\n<p>Nam ac molestie nunc. Nullam vel velit lacinia, auctor sapien vel, condimentum purus. Sed id vulputate tortor, quis pulvinar nunc. Nunc luctus sapien mi, id semper nisi ultricies vel. Proin laoreet, metus et rhoncus sagittis, neque nisl facilisis lorem, in feugiat arcu ex sit amet risus. Morbi et ante commodo, vehicula mi id, pulvinar ex. Integer tempus eros sit amet blandit dapibus. Nunc fringilla ac libero vitae viverra. Morbi mollis lorem non ex blandit, ut sollicitudin est faucibus.</p>\n</div>",
    "status": 2,
    "gen_description": true,
    "slug": "een-controversi\u00eble-weblog",
    "rating_average": 0.0,
    "title": "Een controversi\u00eble weblog",
    "categories": [
      3
    ],
    "created": "2014-12-21T21:41:33.326Z",
    "allow_comments": true,
    "in_sitemap": true,
    "updated": "2014-12-21T21:41:33.326Z",
    "_meta_title": "",
    "featured_image": null,
    "comments_count": 0
  },
  "pk": 3
},
{
  "model": "blog.blogpost",
  "fields": {
    "publish_date": "2014-12-21T21:41:45.323Z",
    "rating_sum": 0,
    "rating_count": 0,
    "keywords_string": "",
    "short_url": "http://lh.jd.local:8000/blog/een-mildere-weblog/",
    "related_posts": [],
    "user": [
      "admin"
    ],
    "description": "\nLorem ipsum dolor sit amet, consectetur adipiscing elit. Morbi luctus eget erat efficitur porta. Donec a lorem urna. Morbi tincidunt ligula eget lectus condimentum, vitae consequat leo eleifend. Vivamus a porttitor felis. Curabitur suscipit, erat et varius egestas, odio ante pretium ante, a consectetur ligula urna non ante. Vivamus in libero convallis, tempus sem non, dignissim quam. Nam molestie diam nec leo dignissim, et iaculis erat aliquet. Praesent ullamcorper massa libero, non tempus eros commodo egestas. Nulla lorem elit, auctor id malesuada sit amet, semper in orci. Maecenas faucibus, risus vitae venenatis lacinia, erat mi venenatis augue, sit amet interdum dolor felis ut ante. Morbi a facilisis ante, in lobortis urna. Etiam ut nunc quis libero interdum aliquam eu at magna. Nunc vehicula risus eleifend molestie vulputate. Mauris diam odio, congue eget lorem id, finibus imperdiet sem.",
    "site": 3,
    "expiry_date": null,
    "content": "<div id=\"lipsum\">\n<p>Lorem ipsum dolor sit amet, consectetur adipiscing elit. Morbi luctus eget erat efficitur porta. Donec a lorem urna. Morbi tincidunt ligula eget lectus condimentum, vitae consequat leo eleifend. Vivamus a porttitor felis. Curabitur suscipit, erat et varius egestas, odio ante pretium ante, a consectetur ligula urna non ante. Vivamus in libero convallis, tempus sem non, dignissim quam. Nam molestie diam nec leo dignissim, et iaculis erat aliquet. Praesent ullamcorper massa libero, non tempus eros commodo egestas. Nulla lorem elit, auctor id malesuada sit amet, semper in orci. Maecenas faucibus, risus vitae venenatis lacinia, erat mi venenatis augue, sit amet interdum dolor felis ut ante. Morbi a facilisis ante, in lobortis urna. Etiam ut nunc quis libero interdum aliquam eu at magna. Nunc vehicula risus eleifend molestie vulputate. Mauris diam odio, congue eget lorem id, finibus imperdiet sem.</p>\n<p>Vestibulum eget posuere metus, vel finibus leo. Suspendisse congue orci magna, in vestibulum lacus pulvinar a. Donec egestas, felis id feugiat tempus, orci velit ullamcorper risus, et ultricies augue arcu ullamcorper dolor. Mauris eget sollicitudin purus. Aenean a cursus risus, sit amet mattis erat. Curabitur vel venenatis sem. Cras non gravida tellus, eu egestas tellus. Morbi at lorem a turpis blandit vulputate vitae a est.</p>\n<p>Nam luctus vestibulum ultricies. Proin lobortis diam nec libero fringilla accumsan. Sed venenatis ante tortor, eu dapibus lectus finibus quis. Suspendisse faucibus felis nec consequat condimentum. Phasellus dui augue, sollicitudin euismod dolor non, hendrerit maximus sapien. Nullam porttitor hendrerit erat, eget commodo leo fermentum nec. Ut ex lacus, ullamcorper eu auctor eget, vehicula sed mauris. Aenean maximus ante eu eros sollicitudin bibendum. Quisque ullamcorper at lorem in bibendum. Phasellus erat sapien, iaculis in orci ac, tincidunt lacinia orci. Nunc euismod ligula lectus, eu euismod leo sollicitudin sit amet. Phasellus odio justo, pretium eget rhoncus sed, egestas eget felis. Phasellus cursus varius arcu, id bibendum enim convallis ac. Aliquam sagittis semper nulla ac molestie. Vestibulum varius gravida ornare.</p>\n<p>Aliquam posuere purus ac dolor eleifend fringilla. Fusce bibendum pretium facilisis. Etiam imperdiet ante vel convallis dignissim. Praesent vitae sapien a augue vehicula tincidunt. Quisque imperdiet sapien nec nibh tempus aliquet. Quisque sed tristique erat, sed faucibus ex. In fringilla elit et tortor pretium feugiat. Nullam ut posuere velit, nec volutpat sapien. Pellentesque congue pellentesque velit a egestas. Nullam libero elit, feugiat sollicitudin faucibus vel, vehicula eu turpis. Morbi mi diam, accumsan sed sapien vitae, auctor scelerisque nulla. Sed convallis velit non metus sollicitudin aliquam. Aenean fringilla leo et quam feugiat molestie. Curabitur gravida porttitor lorem.</p>\n<p>Nam ac molestie nunc. Nullam vel velit lacinia, auctor sapien vel, condimentum purus. Sed id vulputate tortor, quis pulvinar nunc. Nunc luctus sapien mi, id semper nisi ultricies vel. Proin laoreet, metus et rhoncus sagittis, neque nisl facilisis lorem, in feugiat arcu ex sit amet risus. Morbi et ante commodo, vehicula mi id, pulvinar ex. Integer tempus eros sit amet blandit dapibus. Nunc fringilla ac libero vitae viverra. Morbi mollis lorem non ex blandit, ut sollicitudin est faucibus.</p>\n</div>",
    "status": 2,
    "gen_description": true,
    "slug": "een-mildere-weblog",
    "rating_average": 0.0,
    "title": "Een mildere weblog",
    "categories": [
      3
    ],
    "created": "2014-12-21T21:41:45.325Z",
    "allow_comments": true,
    "in_sitemap": true,
    "updated": "2015-01-18T23:14:57.450Z",
    "_meta_title": "",
    "featured_image": null,
    "comments_count": 0
  },
  "pk": 4
},
{
  "model": "blog.blogpost",
  "fields": {
    "publish_date": "2014-12-21T21:41:59.965Z",
    "rating_sum": 0,
    "rating_count": 0,
    "keywords_string": "",
    "short_url": "http://lh.jd.local:8000/blog/het-persbericht-van-het-jaar/",
    "related_posts": [],
    "user": [
      "admin"
    ],
    "description": "\nLorem ipsum dolor sit amet, consectetur adipiscing elit. Morbi luctus eget erat efficitur porta. Donec a lorem urna. Morbi tincidunt ligula eget lectus condimentum, vitae consequat leo eleifend. Vivamus a porttitor felis. Curabitur suscipit, erat et varius egestas, odio ante pretium ante, a consectetur ligula urna non ante. Vivamus in libero convallis, tempus sem non, dignissim quam. Nam molestie diam nec leo dignissim, et iaculis erat aliquet. Praesent ullamcorper massa libero, non tempus eros commodo egestas. Nulla lorem elit, auctor id malesuada sit amet, semper in orci. Maecenas faucibus, risus vitae venenatis lacinia, erat mi venenatis augue, sit amet interdum dolor felis ut ante. Morbi a facilisis ante, in lobortis urna. Etiam ut nunc quis libero interdum aliquam eu at magna. Nunc vehicula risus eleifend molestie vulputate. Mauris diam odio, congue eget lorem id, finibus imperdiet sem.",
    "site": 3,
    "expiry_date": null,
    "content": "<div id=\"lipsum\">\n<p>Lorem ipsum dolor sit amet, consectetur adipiscing elit. Morbi luctus eget erat efficitur porta. Donec a lorem urna. Morbi tincidunt ligula eget lectus condimentum, vitae consequat leo eleifend. Vivamus a porttitor felis. Curabitur suscipit, erat et varius egestas, odio ante pretium ante, a consectetur ligula urna non ante. Vivamus in libero convallis, tempus sem non, dignissim quam. Nam molestie diam nec leo dignissim, et iaculis erat aliquet. Praesent ullamcorper massa libero, non tempus eros commodo egestas. Nulla lorem elit, auctor id malesuada sit amet, semper in orci. Maecenas faucibus, risus vitae venenatis lacinia, erat mi venenatis augue, sit amet interdum dolor felis ut ante. Morbi a facilisis ante, in lobortis urna. Etiam ut nunc quis libero interdum aliquam eu at magna. Nunc vehicula risus eleifend molestie vulputate. Mauris diam odio, congue eget lorem id, finibus imperdiet sem.</p>\n<p>Vestibulum eget posuere metus, vel finibus leo. Suspendisse congue orci magna, in vestibulum lacus pulvinar a. Donec egestas, felis id feugiat tempus, orci velit ullamcorper risus, et ultricies augue arcu ullamcorper dolor. Mauris eget sollicitudin purus. Aenean a cursus risus, sit amet mattis erat. Curabitur vel venenatis sem. Cras non gravida tellus, eu egestas tellus. Morbi at lorem a turpis blandit vulputate vitae a est.</p>\n<p>Nam luctus vestibulum ultricies. Proin lobortis diam nec libero fringilla accumsan. Sed venenatis ante tortor, eu dapibus lectus finibus quis. Suspendisse faucibus felis nec consequat condimentum. Phasellus dui augue, sollicitudin euismod dolor non, hendrerit maximus sapien. Nullam porttitor hendrerit erat, eget commodo leo fermentum nec. Ut ex lacus, ullamcorper eu auctor eget, vehicula sed mauris. Aenean maximus ante eu eros sollicitudin bibendum. Quisque ullamcorper at lorem in bibendum. Phasellus erat sapien, iaculis in orci ac, tincidunt lacinia orci. Nunc euismod ligula lectus, eu euismod leo sollicitudin sit amet. Phasellus odio justo, pretium eget rhoncus sed, egestas eget felis. Phasellus cursus varius arcu, id bibendum enim convallis ac. Aliquam sagittis semper nulla ac molestie. Vestibulum varius gravida ornare.</p>\n<p>Aliquam posuere purus ac dolor eleifend fringilla. Fusce bibendum pretium facilisis. Etiam imperdiet ante vel convallis dignissim. Praesent vitae sapien a augue vehicula tincidunt. Quisque imperdiet sapien nec nibh tempus aliquet. Quisque sed tristique erat, sed faucibus ex. In fringilla elit et tortor pretium feugiat. Nullam ut posuere velit, nec volutpat sapien. Pellentesque congue pellentesque velit a egestas. Nullam libero elit, feugiat sollicitudin faucibus vel, vehicula eu turpis. Morbi mi diam, accumsan sed sapien vitae, auctor scelerisque nulla. Sed convallis velit non metus sollicitudin aliquam. Aenean fringilla leo et quam feugiat molestie. Curabitur gravida porttitor lorem.</p>\n<p>Nam ac molestie nunc. Nullam vel velit lacinia, auctor sapien vel, condimentum purus. Sed id vulputate tortor, quis pulvinar nunc. Nunc luctus sapien mi, id semper nisi ultricies vel. Proin laoreet, metus et rhoncus sagittis, neque nisl facilisis lorem, in feugiat arcu ex sit amet risus. Morbi et ante commodo, vehicula mi id, pulvinar ex. Integer tempus eros sit amet blandit dapibus. Nunc fringilla ac libero vitae viverra. Morbi mollis lorem non ex blandit, ut sollicitudin est faucibus.</p>\n</div>",
    "status": 2,
    "gen_description": true,
    "slug": "het-persbericht-van-het-jaar",
    "rating_average": 0.0,
    "title": "Het persbericht van het jaar!",
    "categories": [
      4
    ],
    "created": "2014-12-21T21:41:59.969Z",
    "allow_comments": true,
    "in_sitemap": true,
    "updated": "2015-01-18T23:08:30.509Z",
    "_meta_title": "",
    "featured_image": null,
    "comments_count": 0
  },
  "pk": 5
},
{
  "model": "blog.blogpost",
  "fields": {
    "publish_date": "2014-12-31T11:17:42Z",
    "rating_sum": 0,
    "rating_count": 0,
    "keywords_string": "",
    "short_url": "http://jd.local:8000/blog/een-partijverbod-druist-in-tegen-de-democratie/",
    "related_posts": [],
    "user": [
      "admin"
    ],
    "description": "Robert Mugabe, Ra\u00fal Castro, Kim Jong-Un en Sybrand Buma. Allen heb ze \u00e9\u00e9n ding gemeen: het willen uitbannen van onwelgevallige partijen. Uiterlijk 18 december wordt er in de Tweede Kamer gestemd over het voorstel van de CDA-voorman om zogenaamde 'democratie-ondermijnende' partijen te verbieden. De ironie wil echter dat de christendemocraten juist met dit voorstel de bijl aan de wortel van ons democratisch bestel leggen.",
    "site": 1,
    "expiry_date": null,
    "content": "<p class=\"menu\">Robert Mugabe, Ra\u00fal Castro, Kim Jong-Un en Sybrand Buma. Allen heb ze \u00e9\u00e9n ding gemeen: het willen uitbannen van onwelgevallige partijen. Uiterlijk 18 december wordt er in de Tweede Kamer gestemd over het voorstel van de CDA-voorman om zogenaamde 'democratie-ondermijnende' partijen te verbieden. De ironie wil echter dat de christendemocraten juist met dit voorstel de bijl aan de wortel van ons democratisch bestel leggen.</p>",
    "status": 2,
    "gen_description": true,
    "slug": "een-partijverbod-druist-in-tegen-de-democratie",
    "rating_average": 0.0,
    "title": "Een partijverbod druist in tegen de democratie",
    "categories": [
      5
    ],
    "created": "2014-12-31T11:17:42.436Z",
    "allow_comments": true,
    "in_sitemap": true,
    "updated": "2014-12-31T11:18:29.940Z",
    "_meta_title": "",
    "featured_image": null,
    "comments_count": 0
  },
  "pk": 6
}
]
