[
{
  "pk": 1,
  "model": "pages.page",
  "fields": {
    "login_required": false,
    "slug": "blog",
    "short_url": null,
    "_meta_title": null,
    "gen_description": true,
    "titles": "Blog",
    "description": "Blog",
    "created": null,
    "status": 2,
    "publish_date": null,
    "parent": null,
    "site": 1,
    "title": "Blog",
    "_order": 1,
    "in_menus": "1,2,3",
    "keywords_string": "",
    "content_model": "richtextpage",
    "expiry_date": null,
    "updated": null,
    "in_sitemap": true
  }
},
{
  "pk": 2,
  "model": "pages.page",
  "fields": {
    "login_required": false,
    "slug": "word-actief",
    "short_url": null,
    "_meta_title": "",
    "gen_description": true,
    "titles": "Word actief!",
    "description": "\nLorem ipsum dolor sit amet, consectetur adipiscing elit. Morbi luctus eget erat efficitur porta. Donec a lorem urna. Morbi tincidunt ligula eget lectus condimentum, vitae consequat leo eleifend. Vivamus a porttitor felis. Curabitur suscipit, erat et varius egestas, odio ante pretium ante, a consectetur ligula urna non ante. Vivamus in libero convallis, tempus sem non, dignissim quam. Nam molestie diam nec leo dignissim, et iaculis erat aliquet. Praesent ullamcorper massa libero, non tempus eros commodo egestas. Nulla lorem elit, auctor id malesuada sit amet, semper in orci. Maecenas faucibus, risus vitae venenatis lacinia, erat mi venenatis augue, sit amet interdum dolor felis ut ante. Morbi a facilisis ante, in lobortis urna. Etiam ut nunc quis libero interdum aliquam eu at magna. Nunc vehicula risus eleifend molestie vulputate. Mauris diam odio, congue eget lorem id, finibus imperdiet sem.",
    "created": "2014-12-21T21:35:53.992Z",
    "status": 2,
    "publish_date": "2014-12-21T21:35:53.981Z",
    "parent": null,
    "site": 1,
    "title": "Word actief!",
    "_order": 0,
    "in_menus": "1,2,3",
    "keywords_string": "",
    "content_model": "richtextpage",
    "expiry_date": null,
    "updated": "2014-12-21T21:35:53.992Z",
    "in_sitemap": true
  }
},
{
  "pk": 3,
  "model": "pages.page",
  "fields": {
    "login_required": false,
    "slug": "media",
    "short_url": null,
    "_meta_title": "",
    "gen_description": true,
    "titles": "Media",
    "description": "\nLorem ipsum dolor sit amet, consectetur adipiscing elit. Morbi luctus eget erat efficitur porta. Donec a lorem urna. Morbi tincidunt ligula eget lectus condimentum, vitae consequat leo eleifend. Vivamus a porttitor felis. Curabitur suscipit, erat et varius egestas, odio ante pretium ante, a consectetur ligula urna non ante. Vivamus in libero convallis, tempus sem non, dignissim quam. Nam molestie diam nec leo dignissim, et iaculis erat aliquet. Praesent ullamcorper massa libero, non tempus eros commodo egestas. Nulla lorem elit, auctor id malesuada sit amet, semper in orci. Maecenas faucibus, risus vitae venenatis lacinia, erat mi venenatis augue, sit amet interdum dolor felis ut ante. Morbi a facilisis ante, in lobortis urna. Etiam ut nunc quis libero interdum aliquam eu at magna. Nunc vehicula risus eleifend molestie vulputate. Mauris diam odio, congue eget lorem id, finibus imperdiet sem.",
    "created": "2014-12-21T21:36:16.018Z",
    "status": 2,
    "publish_date": "2014-12-21T21:36:16.017Z",
    "parent": null,
    "site": 1,
    "title": "Media",
    "_order": 1,
    "in_menus": "1,2,3",
    "keywords_string": "",
    "content_model": "richtextpage",
    "expiry_date": null,
    "updated": "2014-12-21T21:36:16.018Z",
    "in_sitemap": true
  }
},
{
  "pk": 4,
  "model": "pages.page",
  "fields": {
    "login_required": false,
    "slug": "blog/category/jd-blog",
    "short_url": null,
    "_meta_title": "",
    "gen_description": true,
    "titles": "Media / JD Blog",
    "description": ".",
    "created": "2014-12-21T21:38:38.599Z",
    "status": 2,
    "publish_date": "2014-12-21T21:38:38.598Z",
    "parent": 3,
    "site": 1,
    "title": "JD Blog",
    "_order": 0,
    "in_menus": "1,2,3",
    "keywords_string": "",
    "content_model": "richtextpage",
    "expiry_date": null,
    "updated": "2014-12-21T21:38:43.657Z",
    "in_sitemap": true
  }
},
{
  "pk": 5,
  "model": "pages.page",
  "fields": {
    "login_required": false,
    "slug": "blog/category/nieuws",
    "short_url": null,
    "_meta_title": "",
    "gen_description": true,
    "titles": "Media / Persberichten",
    "description": ".",
    "created": "2014-12-21T21:39:03.485Z",
    "status": 2,
    "publish_date": "2014-12-21T21:39:03.485Z",
    "parent": 3,
    "site": 1,
    "title": "Persberichten",
    "_order": 1,
    "in_menus": "1,2,3",
    "keywords_string": "",
    "content_model": "richtextpage",
    "expiry_date": null,
    "updated": "2014-12-21T21:39:03.492Z",
    "in_sitemap": true
  }
},
{
  "pk": 6,
  "model": "pages.page",
  "fields": {
    "login_required": false,
    "slug": "word-actief",
    "short_url": null,
    "_meta_title": "",
    "gen_description": true,
    "titles": "Word actief!",
    "description": "\nLorem ipsum dolor sit amet, consectetur adipiscing elit. Morbi luctus eget erat efficitur porta. Donec a lorem urna. Morbi tincidunt ligula eget lectus condimentum, vitae consequat leo eleifend. Vivamus a porttitor felis. Curabitur suscipit, erat et varius egestas, odio ante pretium ante, a consectetur ligula urna non ante. Vivamus in libero convallis, tempus sem non, dignissim quam. Nam molestie diam nec leo dignissim, et iaculis erat aliquet. Praesent ullamcorper massa libero, non tempus eros commodo egestas. Nulla lorem elit, auctor id malesuada sit amet, semper in orci. Maecenas faucibus, risus vitae venenatis lacinia, erat mi venenatis augue, sit amet interdum dolor felis ut ante. Morbi a facilisis ante, in lobortis urna. Etiam ut nunc quis libero interdum aliquam eu at magna. Nunc vehicula risus eleifend molestie vulputate. Mauris diam odio, congue eget lorem id, finibus imperdiet sem.",
    "created": "2014-12-21T21:39:42.707Z",
    "status": 2,
    "publish_date": "2014-12-21T21:39:42.705Z",
    "parent": null,
    "site": 3,
    "title": "Word actief!",
    "_order": 0,
    "in_menus": "1,2,3",
    "keywords_string": "",
    "content_model": "richtextpage",
    "expiry_date": null,
    "updated": "2014-12-21T21:39:42.707Z",
    "in_sitemap": true
  }
},
{
  "pk": 7,
  "model": "pages.page",
  "fields": {
    "login_required": false,
    "slug": "organisatie",
    "short_url": null,
    "_meta_title": "",
    "gen_description": true,
    "titles": "Organisatie",
    "description": "\nLorem ipsum dolor sit amet, consectetur adipiscing elit. Morbi luctus eget erat efficitur porta. Donec a lorem urna. Morbi tincidunt ligula eget lectus condimentum, vitae consequat leo eleifend. Vivamus a porttitor felis. Curabitur suscipit, erat et varius egestas, odio ante pretium ante, a consectetur ligula urna non ante. Vivamus in libero convallis, tempus sem non, dignissim quam. Nam molestie diam nec leo dignissim, et iaculis erat aliquet. Praesent ullamcorper massa libero, non tempus eros commodo egestas. Nulla lorem elit, auctor id malesuada sit amet, semper in orci. Maecenas faucibus, risus vitae venenatis lacinia, erat mi venenatis augue, sit amet interdum dolor felis ut ante. Morbi a facilisis ante, in lobortis urna. Etiam ut nunc quis libero interdum aliquam eu at magna. Nunc vehicula risus eleifend molestie vulputate. Mauris diam odio, congue eget lorem id, finibus imperdiet sem.",
    "created": "2014-12-21T21:39:54.779Z",
    "status": 2,
    "publish_date": "2014-12-21T21:39:54.776Z",
    "parent": null,
    "site": 3,
    "title": "Organisatie",
    "_order": 1,
    "in_menus": "1,2,3",
    "keywords_string": "",
    "content_model": "richtextpage",
    "expiry_date": null,
    "updated": "2014-12-21T21:39:54.779Z",
    "in_sitemap": true
  }
},
{
  "pk": 8,
  "model": "pages.page",
  "fields": {
    "login_required": false,
    "slug": "bestuur",
    "short_url": null,
    "_meta_title": "",
    "gen_description": true,
    "titles": "Organisatie / Bestuur",
    "description": "\nLorem ipsum dolor sit amet, consectetur adipiscing elit. Morbi luctus eget erat efficitur porta. Donec a lorem urna. Morbi tincidunt ligula eget lectus condimentum, vitae consequat leo eleifend. Vivamus a porttitor felis. Curabitur suscipit, erat et varius egestas, odio ante pretium ante, a consectetur ligula urna non ante. Vivamus in libero convallis, tempus sem non, dignissim quam. Nam molestie diam nec leo dignissim, et iaculis erat aliquet. Praesent ullamcorper massa libero, non tempus eros commodo egestas. Nulla lorem elit, auctor id malesuada sit amet, semper in orci. Maecenas faucibus, risus vitae venenatis lacinia, erat mi venenatis augue, sit amet interdum dolor felis ut ante. Morbi a facilisis ante, in lobortis urna. Etiam ut nunc quis libero interdum aliquam eu at magna. Nunc vehicula risus eleifend molestie vulputate. Mauris diam odio, congue eget lorem id, finibus imperdiet sem.",
    "created": "2014-12-21T21:39:59.444Z",
    "status": 2,
    "publish_date": "2014-12-21T21:39:59.442Z",
    "parent": 7,
    "site": 3,
    "title": "Bestuur",
    "_order": 0,
    "in_menus": "1,2,3",
    "keywords_string": "",
    "content_model": "richtextpage",
    "expiry_date": null,
    "updated": "2014-12-21T21:40:44.994Z",
    "in_sitemap": true
  }
},
{
  "pk": 9,
  "model": "pages.page",
  "fields": {
    "login_required": false,
    "slug": "regionaal-politiek-programma",
    "short_url": null,
    "_meta_title": "",
    "gen_description": true,
    "titles": "Organisatie / Regionaal Politiek Programma",
    "description": "\nLorem ipsum dolor sit amet, consectetur adipiscing elit. Morbi luctus eget erat efficitur porta. Donec a lorem urna. Morbi tincidunt ligula eget lectus condimentum, vitae consequat leo eleifend. Vivamus a porttitor felis. Curabitur suscipit, erat et varius egestas, odio ante pretium ante, a consectetur ligula urna non ante. Vivamus in libero convallis, tempus sem non, dignissim quam. Nam molestie diam nec leo dignissim, et iaculis erat aliquet. Praesent ullamcorper massa libero, non tempus eros commodo egestas. Nulla lorem elit, auctor id malesuada sit amet, semper in orci. Maecenas faucibus, risus vitae venenatis lacinia, erat mi venenatis augue, sit amet interdum dolor felis ut ante. Morbi a facilisis ante, in lobortis urna. Etiam ut nunc quis libero interdum aliquam eu at magna. Nunc vehicula risus eleifend molestie vulputate. Mauris diam odio, congue eget lorem id, finibus imperdiet sem.",
    "created": "2014-12-21T21:40:15.081Z",
    "status": 2,
    "publish_date": "2014-12-21T21:40:15.079Z",
    "parent": 7,
    "site": 3,
    "title": "Regionaal Politiek Programma",
    "_order": 1,
    "in_menus": "1,2,3",
    "keywords_string": "",
    "content_model": "richtextpage",
    "expiry_date": null,
    "updated": "2014-12-21T21:40:51.654Z",
    "in_sitemap": true
  }
},
{
  "pk": 10,
  "model": "pages.page",
  "fields": {
    "login_required": false,
    "slug": "aav",
    "short_url": null,
    "_meta_title": "",
    "gen_description": true,
    "titles": "Organisatie / AAV",
    "description": "\nLorem ipsum dolor sit amet, consectetur adipiscing elit. Morbi luctus eget erat efficitur porta. Donec a lorem urna. Morbi tincidunt ligula eget lectus condimentum, vitae consequat leo eleifend. Vivamus a porttitor felis. Curabitur suscipit, erat et varius egestas, odio ante pretium ante, a consectetur ligula urna non ante. Vivamus in libero convallis, tempus sem non, dignissim quam. Nam molestie diam nec leo dignissim, et iaculis erat aliquet. Praesent ullamcorper massa libero, non tempus eros commodo egestas. Nulla lorem elit, auctor id malesuada sit amet, semper in orci. Maecenas faucibus, risus vitae venenatis lacinia, erat mi venenatis augue, sit amet interdum dolor felis ut ante. Morbi a facilisis ante, in lobortis urna. Etiam ut nunc quis libero interdum aliquam eu at magna. Nunc vehicula risus eleifend molestie vulputate. Mauris diam odio, congue eget lorem id, finibus imperdiet sem.",
    "created": "2014-12-21T21:40:19.832Z",
    "status": 2,
    "publish_date": "2014-12-21T21:40:19.830Z",
    "parent": 7,
    "site": 3,
    "title": "AAV",
    "_order": 2,
    "in_menus": "1,2,3",
    "keywords_string": "",
    "content_model": "richtextpage",
    "expiry_date": null,
    "updated": "2014-12-21T21:40:54.359Z",
    "in_sitemap": true
  }
},
{
  "pk": 11,
  "model": "pages.page",
  "fields": {
    "login_required": false,
    "slug": "afdelingsreglement",
    "short_url": null,
    "_meta_title": "",
    "gen_description": true,
    "titles": "Organisatie / Afdelingsreglement",
    "description": "\nLorem ipsum dolor sit amet, consectetur adipiscing elit. Morbi luctus eget erat efficitur porta. Donec a lorem urna. Morbi tincidunt ligula eget lectus condimentum, vitae consequat leo eleifend. Vivamus a porttitor felis. Curabitur suscipit, erat et varius egestas, odio ante pretium ante, a consectetur ligula urna non ante. Vivamus in libero convallis, tempus sem non, dignissim quam. Nam molestie diam nec leo dignissim, et iaculis erat aliquet. Praesent ullamcorper massa libero, non tempus eros commodo egestas. Nulla lorem elit, auctor id malesuada sit amet, semper in orci. Maecenas faucibus, risus vitae venenatis lacinia, erat mi venenatis augue, sit amet interdum dolor felis ut ante. Morbi a facilisis ante, in lobortis urna. Etiam ut nunc quis libero interdum aliquam eu at magna. Nunc vehicula risus eleifend molestie vulputate. Mauris diam odio, congue eget lorem id, finibus imperdiet sem.",
    "created": "2014-12-21T21:40:40.527Z",
    "status": 2,
    "publish_date": "2014-12-21T21:40:40.525Z",
    "parent": 7,
    "site": 3,
    "title": "Afdelingsreglement",
    "_order": 3,
    "in_menus": "1,2,3",
    "keywords_string": "",
    "content_model": "richtextpage",
    "expiry_date": null,
    "updated": "2014-12-21T21:40:56.270Z",
    "in_sitemap": true
  }
},
{
  "pk": 12,
  "model": "pages.page",
  "fields": {
    "login_required": false,
    "slug": "blog/category/nieuws",
    "short_url": null,
    "_meta_title": "",
    "gen_description": true,
    "titles": "Nieuws",
    "description": ".",
    "created": "2014-12-21T21:42:31.210Z",
    "status": 2,
    "publish_date": "2014-12-21T21:42:31.209Z",
    "parent": null,
    "site": 3,
    "title": "Nieuws",
    "_order": 2,
    "in_menus": "1,2,3",
    "keywords_string": "",
    "content_model": "richtextpage",
    "expiry_date": null,
    "updated": "2014-12-21T21:42:31.210Z",
    "in_sitemap": true
  }
},
{
  "pk": 13,
  "model": "pages.page",
  "fields": {
    "login_required": false,
    "slug": "blog/category/weblog",
    "short_url": null,
    "_meta_title": "",
    "gen_description": true,
    "titles": "Weblog",
    "description": ".",
    "created": "2014-12-21T21:42:48.179Z",
    "status": 2,
    "publish_date": "2014-12-21T21:42:48.178Z",
    "parent": null,
    "site": 3,
    "title": "Weblog",
    "_order": 3,
    "in_menus": "1,2,3",
    "keywords_string": "",
    "content_model": "richtextpage",
    "expiry_date": null,
    "updated": "2014-12-21T21:42:48.179Z",
    "in_sitemap": true
  }
},
{
  "pk": 14,
  "model": "pages.page",
  "fields": {
    "login_required": false,
    "slug": "word-actief/word-lid",
    "short_url": null,
    "_meta_title": "",
    "gen_description": true,
    "titles": "Word actief! / Word lid!",
    "description": "Lid zijn is leuk. Word ook lid!",
    "created": "2014-12-26T10:40:31.513Z",
    "status": 2,
    "publish_date": "2014-12-26T10:40:31Z",
    "parent": 2,
    "site": 1,
    "title": "Word lid!",
    "_order": 0,
    "in_menus": "1,2,3",
    "keywords_string": "",
    "content_model": "form",
    "expiry_date": null,
    "updated": "2014-12-27T22:32:10.736Z",
    "in_sitemap": true
  }
},
{
  "pk": 1,
  "model": "pages.richtextpage",
  "fields": {
    "content": "<p>Blog</p>"
  }
},
{
  "pk": 3,
  "model": "pages.richtextpage",
  "fields": {
    "content": "<div id=\"lipsum\">\n<p>Lorem ipsum dolor sit amet, consectetur adipiscing elit. Morbi luctus eget erat efficitur porta. Donec a lorem urna. Morbi tincidunt ligula eget lectus condimentum, vitae consequat leo eleifend. Vivamus a porttitor felis. Curabitur suscipit, erat et varius egestas, odio ante pretium ante, a consectetur ligula urna non ante. Vivamus in libero convallis, tempus sem non, dignissim quam. Nam molestie diam nec leo dignissim, et iaculis erat aliquet. Praesent ullamcorper massa libero, non tempus eros commodo egestas. Nulla lorem elit, auctor id malesuada sit amet, semper in orci. Maecenas faucibus, risus vitae venenatis lacinia, erat mi venenatis augue, sit amet interdum dolor felis ut ante. Morbi a facilisis ante, in lobortis urna. Etiam ut nunc quis libero interdum aliquam eu at magna. Nunc vehicula risus eleifend molestie vulputate. Mauris diam odio, congue eget lorem id, finibus imperdiet sem.</p>\n<p>Vestibulum eget posuere metus, vel finibus leo. Suspendisse congue orci magna, in vestibulum lacus pulvinar a. Donec egestas, felis id feugiat tempus, orci velit ullamcorper risus, et ultricies augue arcu ullamcorper dolor. Mauris eget sollicitudin purus. Aenean a cursus risus, sit amet mattis erat. Curabitur vel venenatis sem. Cras non gravida tellus, eu egestas tellus. Morbi at lorem a turpis blandit vulputate vitae a est.</p>\n<p>Nam luctus vestibulum ultricies. Proin lobortis diam nec libero fringilla accumsan. Sed venenatis ante tortor, eu dapibus lectus finibus quis. Suspendisse faucibus felis nec consequat condimentum. Phasellus dui augue, sollicitudin euismod dolor non, hendrerit maximus sapien. Nullam porttitor hendrerit erat, eget commodo leo fermentum nec. Ut ex lacus, ullamcorper eu auctor eget, vehicula sed mauris. Aenean maximus ante eu eros sollicitudin bibendum. Quisque ullamcorper at lorem in bibendum. Phasellus erat sapien, iaculis in orci ac, tincidunt lacinia orci. Nunc euismod ligula lectus, eu euismod leo sollicitudin sit amet. Phasellus odio justo, pretium eget rhoncus sed, egestas eget felis. Phasellus cursus varius arcu, id bibendum enim convallis ac. Aliquam sagittis semper nulla ac molestie. Vestibulum varius gravida ornare.</p>\n<p>Aliquam posuere purus ac dolor eleifend fringilla. Fusce bibendum pretium facilisis. Etiam imperdiet ante vel convallis dignissim. Praesent vitae sapien a augue vehicula tincidunt. Quisque imperdiet sapien nec nibh tempus aliquet. Quisque sed tristique erat, sed faucibus ex. In fringilla elit et tortor pretium feugiat. Nullam ut posuere velit, nec volutpat sapien. Pellentesque congue pellentesque velit a egestas. Nullam libero elit, feugiat sollicitudin faucibus vel, vehicula eu turpis. Morbi mi diam, accumsan sed sapien vitae, auctor scelerisque nulla. Sed convallis velit non metus sollicitudin aliquam. Aenean fringilla leo et quam feugiat molestie. Curabitur gravida porttitor lorem.</p>\n<p>Nam ac molestie nunc. Nullam vel velit lacinia, auctor sapien vel, condimentum purus. Sed id vulputate tortor, quis pulvinar nunc. Nunc luctus sapien mi, id semper nisi ultricies vel. Proin laoreet, metus et rhoncus sagittis, neque nisl facilisis lorem, in feugiat arcu ex sit amet risus. Morbi et ante commodo, vehicula mi id, pulvinar ex. Integer tempus eros sit amet blandit dapibus. Nunc fringilla ac libero vitae viverra. Morbi mollis lorem non ex blandit, ut sollicitudin est faucibus.</p>\n</div>"
  }
},
{
  "pk": 4,
  "model": "pages.richtextpage",
  "fields": {
    "content": "<p>.</p>"
  }
},
{
  "pk": 5,
  "model": "pages.richtextpage",
  "fields": {
    "content": "<p>.</p>"
  }
},
{
  "pk": 12,
  "model": "pages.richtextpage",
  "fields": {
    "content": "<p>.</p>"
  }
},
{
  "pk": 7,
  "model": "pages.richtextpage",
  "fields": {
    "content": "<div id=\"lipsum\">\n<p>Lorem ipsum dolor sit amet, consectetur adipiscing elit. Morbi luctus eget erat efficitur porta. Donec a lorem urna. Morbi tincidunt ligula eget lectus condimentum, vitae consequat leo eleifend. Vivamus a porttitor felis. Curabitur suscipit, erat et varius egestas, odio ante pretium ante, a consectetur ligula urna non ante. Vivamus in libero convallis, tempus sem non, dignissim quam. Nam molestie diam nec leo dignissim, et iaculis erat aliquet. Praesent ullamcorper massa libero, non tempus eros commodo egestas. Nulla lorem elit, auctor id malesuada sit amet, semper in orci. Maecenas faucibus, risus vitae venenatis lacinia, erat mi venenatis augue, sit amet interdum dolor felis ut ante. Morbi a facilisis ante, in lobortis urna. Etiam ut nunc quis libero interdum aliquam eu at magna. Nunc vehicula risus eleifend molestie vulputate. Mauris diam odio, congue eget lorem id, finibus imperdiet sem.</p>\n<p>Vestibulum eget posuere metus, vel finibus leo. Suspendisse congue orci magna, in vestibulum lacus pulvinar a. Donec egestas, felis id feugiat tempus, orci velit ullamcorper risus, et ultricies augue arcu ullamcorper dolor. Mauris eget sollicitudin purus. Aenean a cursus risus, sit amet mattis erat. Curabitur vel venenatis sem. Cras non gravida tellus, eu egestas tellus. Morbi at lorem a turpis blandit vulputate vitae a est.</p>\n<p>Nam luctus vestibulum ultricies. Proin lobortis diam nec libero fringilla accumsan. Sed venenatis ante tortor, eu dapibus lectus finibus quis. Suspendisse faucibus felis nec consequat condimentum. Phasellus dui augue, sollicitudin euismod dolor non, hendrerit maximus sapien. Nullam porttitor hendrerit erat, eget commodo leo fermentum nec. Ut ex lacus, ullamcorper eu auctor eget, vehicula sed mauris. Aenean maximus ante eu eros sollicitudin bibendum. Quisque ullamcorper at lorem in bibendum. Phasellus erat sapien, iaculis in orci ac, tincidunt lacinia orci. Nunc euismod ligula lectus, eu euismod leo sollicitudin sit amet. Phasellus odio justo, pretium eget rhoncus sed, egestas eget felis. Phasellus cursus varius arcu, id bibendum enim convallis ac. Aliquam sagittis semper nulla ac molestie. Vestibulum varius gravida ornare.</p>\n<p>Aliquam posuere purus ac dolor eleifend fringilla. Fusce bibendum pretium facilisis. Etiam imperdiet ante vel convallis dignissim. Praesent vitae sapien a augue vehicula tincidunt. Quisque imperdiet sapien nec nibh tempus aliquet. Quisque sed tristique erat, sed faucibus ex. In fringilla elit et tortor pretium feugiat. Nullam ut posuere velit, nec volutpat sapien. Pellentesque congue pellentesque velit a egestas. Nullam libero elit, feugiat sollicitudin faucibus vel, vehicula eu turpis. Morbi mi diam, accumsan sed sapien vitae, auctor scelerisque nulla. Sed convallis velit non metus sollicitudin aliquam. Aenean fringilla leo et quam feugiat molestie. Curabitur gravida porttitor lorem.</p>\n<p>Nam ac molestie nunc. Nullam vel velit lacinia, auctor sapien vel, condimentum purus. Sed id vulputate tortor, quis pulvinar nunc. Nunc luctus sapien mi, id semper nisi ultricies vel. Proin laoreet, metus et rhoncus sagittis, neque nisl facilisis lorem, in feugiat arcu ex sit amet risus. Morbi et ante commodo, vehicula mi id, pulvinar ex. Integer tempus eros sit amet blandit dapibus. Nunc fringilla ac libero vitae viverra. Morbi mollis lorem non ex blandit, ut sollicitudin est faucibus.</p>\n</div>"
  }
},
{
  "pk": 10,
  "model": "pages.richtextpage",
  "fields": {
    "content": "<div id=\"lipsum\">\n<p>Lorem ipsum dolor sit amet, consectetur adipiscing elit. Morbi luctus eget erat efficitur porta. Donec a lorem urna. Morbi tincidunt ligula eget lectus condimentum, vitae consequat leo eleifend. Vivamus a porttitor felis. Curabitur suscipit, erat et varius egestas, odio ante pretium ante, a consectetur ligula urna non ante. Vivamus in libero convallis, tempus sem non, dignissim quam. Nam molestie diam nec leo dignissim, et iaculis erat aliquet. Praesent ullamcorper massa libero, non tempus eros commodo egestas. Nulla lorem elit, auctor id malesuada sit amet, semper in orci. Maecenas faucibus, risus vitae venenatis lacinia, erat mi venenatis augue, sit amet interdum dolor felis ut ante. Morbi a facilisis ante, in lobortis urna. Etiam ut nunc quis libero interdum aliquam eu at magna. Nunc vehicula risus eleifend molestie vulputate. Mauris diam odio, congue eget lorem id, finibus imperdiet sem.</p>\n<p>Vestibulum eget posuere metus, vel finibus leo. Suspendisse congue orci magna, in vestibulum lacus pulvinar a. Donec egestas, felis id feugiat tempus, orci velit ullamcorper risus, et ultricies augue arcu ullamcorper dolor. Mauris eget sollicitudin purus. Aenean a cursus risus, sit amet mattis erat. Curabitur vel venenatis sem. Cras non gravida tellus, eu egestas tellus. Morbi at lorem a turpis blandit vulputate vitae a est.</p>\n<p>Nam luctus vestibulum ultricies. Proin lobortis diam nec libero fringilla accumsan. Sed venenatis ante tortor, eu dapibus lectus finibus quis. Suspendisse faucibus felis nec consequat condimentum. Phasellus dui augue, sollicitudin euismod dolor non, hendrerit maximus sapien. Nullam porttitor hendrerit erat, eget commodo leo fermentum nec. Ut ex lacus, ullamcorper eu auctor eget, vehicula sed mauris. Aenean maximus ante eu eros sollicitudin bibendum. Quisque ullamcorper at lorem in bibendum. Phasellus erat sapien, iaculis in orci ac, tincidunt lacinia orci. Nunc euismod ligula lectus, eu euismod leo sollicitudin sit amet. Phasellus odio justo, pretium eget rhoncus sed, egestas eget felis. Phasellus cursus varius arcu, id bibendum enim convallis ac. Aliquam sagittis semper nulla ac molestie. Vestibulum varius gravida ornare.</p>\n<p>Aliquam posuere purus ac dolor eleifend fringilla. Fusce bibendum pretium facilisis. Etiam imperdiet ante vel convallis dignissim. Praesent vitae sapien a augue vehicula tincidunt. Quisque imperdiet sapien nec nibh tempus aliquet. Quisque sed tristique erat, sed faucibus ex. In fringilla elit et tortor pretium feugiat. Nullam ut posuere velit, nec volutpat sapien. Pellentesque congue pellentesque velit a egestas. Nullam libero elit, feugiat sollicitudin faucibus vel, vehicula eu turpis. Morbi mi diam, accumsan sed sapien vitae, auctor scelerisque nulla. Sed convallis velit non metus sollicitudin aliquam. Aenean fringilla leo et quam feugiat molestie. Curabitur gravida porttitor lorem.</p>\n<p>Nam ac molestie nunc. Nullam vel velit lacinia, auctor sapien vel, condimentum purus. Sed id vulputate tortor, quis pulvinar nunc. Nunc luctus sapien mi, id semper nisi ultricies vel. Proin laoreet, metus et rhoncus sagittis, neque nisl facilisis lorem, in feugiat arcu ex sit amet risus. Morbi et ante commodo, vehicula mi id, pulvinar ex. Integer tempus eros sit amet blandit dapibus. Nunc fringilla ac libero vitae viverra. Morbi mollis lorem non ex blandit, ut sollicitudin est faucibus.</p>\n</div>"
  }
},
{
  "pk": 11,
  "model": "pages.richtextpage",
  "fields": {
    "content": "<div id=\"lipsum\">\n<p>Lorem ipsum dolor sit amet, consectetur adipiscing elit. Morbi luctus eget erat efficitur porta. Donec a lorem urna. Morbi tincidunt ligula eget lectus condimentum, vitae consequat leo eleifend. Vivamus a porttitor felis. Curabitur suscipit, erat et varius egestas, odio ante pretium ante, a consectetur ligula urna non ante. Vivamus in libero convallis, tempus sem non, dignissim quam. Nam molestie diam nec leo dignissim, et iaculis erat aliquet. Praesent ullamcorper massa libero, non tempus eros commodo egestas. Nulla lorem elit, auctor id malesuada sit amet, semper in orci. Maecenas faucibus, risus vitae venenatis lacinia, erat mi venenatis augue, sit amet interdum dolor felis ut ante. Morbi a facilisis ante, in lobortis urna. Etiam ut nunc quis libero interdum aliquam eu at magna. Nunc vehicula risus eleifend molestie vulputate. Mauris diam odio, congue eget lorem id, finibus imperdiet sem.</p>\n<p>Vestibulum eget posuere metus, vel finibus leo. Suspendisse congue orci magna, in vestibulum lacus pulvinar a. Donec egestas, felis id feugiat tempus, orci velit ullamcorper risus, et ultricies augue arcu ullamcorper dolor. Mauris eget sollicitudin purus. Aenean a cursus risus, sit amet mattis erat. Curabitur vel venenatis sem. Cras non gravida tellus, eu egestas tellus. Morbi at lorem a turpis blandit vulputate vitae a est.</p>\n<p>Nam luctus vestibulum ultricies. Proin lobortis diam nec libero fringilla accumsan. Sed venenatis ante tortor, eu dapibus lectus finibus quis. Suspendisse faucibus felis nec consequat condimentum. Phasellus dui augue, sollicitudin euismod dolor non, hendrerit maximus sapien. Nullam porttitor hendrerit erat, eget commodo leo fermentum nec. Ut ex lacus, ullamcorper eu auctor eget, vehicula sed mauris. Aenean maximus ante eu eros sollicitudin bibendum. Quisque ullamcorper at lorem in bibendum. Phasellus erat sapien, iaculis in orci ac, tincidunt lacinia orci. Nunc euismod ligula lectus, eu euismod leo sollicitudin sit amet. Phasellus odio justo, pretium eget rhoncus sed, egestas eget felis. Phasellus cursus varius arcu, id bibendum enim convallis ac. Aliquam sagittis semper nulla ac molestie. Vestibulum varius gravida ornare.</p>\n<p>Aliquam posuere purus ac dolor eleifend fringilla. Fusce bibendum pretium facilisis. Etiam imperdiet ante vel convallis dignissim. Praesent vitae sapien a augue vehicula tincidunt. Quisque imperdiet sapien nec nibh tempus aliquet. Quisque sed tristique erat, sed faucibus ex. In fringilla elit et tortor pretium feugiat. Nullam ut posuere velit, nec volutpat sapien. Pellentesque congue pellentesque velit a egestas. Nullam libero elit, feugiat sollicitudin faucibus vel, vehicula eu turpis. Morbi mi diam, accumsan sed sapien vitae, auctor scelerisque nulla. Sed convallis velit non metus sollicitudin aliquam. Aenean fringilla leo et quam feugiat molestie. Curabitur gravida porttitor lorem.</p>\n<p>Nam ac molestie nunc. Nullam vel velit lacinia, auctor sapien vel, condimentum purus. Sed id vulputate tortor, quis pulvinar nunc. Nunc luctus sapien mi, id semper nisi ultricies vel. Proin laoreet, metus et rhoncus sagittis, neque nisl facilisis lorem, in feugiat arcu ex sit amet risus. Morbi et ante commodo, vehicula mi id, pulvinar ex. Integer tempus eros sit amet blandit dapibus. Nunc fringilla ac libero vitae viverra. Morbi mollis lorem non ex blandit, ut sollicitudin est faucibus.</p>\n</div>"
  }
},
{
  "pk": 8,
  "model": "pages.richtextpage",
  "fields": {
    "content": "<div id=\"lipsum\">\n<p>Lorem ipsum dolor sit amet, consectetur adipiscing elit. Morbi luctus eget erat efficitur porta. Donec a lorem urna. Morbi tincidunt ligula eget lectus condimentum, vitae consequat leo eleifend. Vivamus a porttitor felis. Curabitur suscipit, erat et varius egestas, odio ante pretium ante, a consectetur ligula urna non ante. Vivamus in libero convallis, tempus sem non, dignissim quam. Nam molestie diam nec leo dignissim, et iaculis erat aliquet. Praesent ullamcorper massa libero, non tempus eros commodo egestas. Nulla lorem elit, auctor id malesuada sit amet, semper in orci. Maecenas faucibus, risus vitae venenatis lacinia, erat mi venenatis augue, sit amet interdum dolor felis ut ante. Morbi a facilisis ante, in lobortis urna. Etiam ut nunc quis libero interdum aliquam eu at magna. Nunc vehicula risus eleifend molestie vulputate. Mauris diam odio, congue eget lorem id, finibus imperdiet sem.</p>\n<p>Vestibulum eget posuere metus, vel finibus leo. Suspendisse congue orci magna, in vestibulum lacus pulvinar a. Donec egestas, felis id feugiat tempus, orci velit ullamcorper risus, et ultricies augue arcu ullamcorper dolor. Mauris eget sollicitudin purus. Aenean a cursus risus, sit amet mattis erat. Curabitur vel venenatis sem. Cras non gravida tellus, eu egestas tellus. Morbi at lorem a turpis blandit vulputate vitae a est.</p>\n<p>Nam luctus vestibulum ultricies. Proin lobortis diam nec libero fringilla accumsan. Sed venenatis ante tortor, eu dapibus lectus finibus quis. Suspendisse faucibus felis nec consequat condimentum. Phasellus dui augue, sollicitudin euismod dolor non, hendrerit maximus sapien. Nullam porttitor hendrerit erat, eget commodo leo fermentum nec. Ut ex lacus, ullamcorper eu auctor eget, vehicula sed mauris. Aenean maximus ante eu eros sollicitudin bibendum. Quisque ullamcorper at lorem in bibendum. Phasellus erat sapien, iaculis in orci ac, tincidunt lacinia orci. Nunc euismod ligula lectus, eu euismod leo sollicitudin sit amet. Phasellus odio justo, pretium eget rhoncus sed, egestas eget felis. Phasellus cursus varius arcu, id bibendum enim convallis ac. Aliquam sagittis semper nulla ac molestie. Vestibulum varius gravida ornare.</p>\n<p>Aliquam posuere purus ac dolor eleifend fringilla. Fusce bibendum pretium facilisis. Etiam imperdiet ante vel convallis dignissim. Praesent vitae sapien a augue vehicula tincidunt. Quisque imperdiet sapien nec nibh tempus aliquet. Quisque sed tristique erat, sed faucibus ex. In fringilla elit et tortor pretium feugiat. Nullam ut posuere velit, nec volutpat sapien. Pellentesque congue pellentesque velit a egestas. Nullam libero elit, feugiat sollicitudin faucibus vel, vehicula eu turpis. Morbi mi diam, accumsan sed sapien vitae, auctor scelerisque nulla. Sed convallis velit non metus sollicitudin aliquam. Aenean fringilla leo et quam feugiat molestie. Curabitur gravida porttitor lorem.</p>\n<p>Nam ac molestie nunc. Nullam vel velit lacinia, auctor sapien vel, condimentum purus. Sed id vulputate tortor, quis pulvinar nunc. Nunc luctus sapien mi, id semper nisi ultricies vel. Proin laoreet, metus et rhoncus sagittis, neque nisl facilisis lorem, in feugiat arcu ex sit amet risus. Morbi et ante commodo, vehicula mi id, pulvinar ex. Integer tempus eros sit amet blandit dapibus. Nunc fringilla ac libero vitae viverra. Morbi mollis lorem non ex blandit, ut sollicitudin est faucibus.</p>\n</div>"
  }
},
{
  "pk": 9,
  "model": "pages.richtextpage",
  "fields": {
    "content": "<div id=\"lipsum\">\n<p>Lorem ipsum dolor sit amet, consectetur adipiscing elit. Morbi luctus eget erat efficitur porta. Donec a lorem urna. Morbi tincidunt ligula eget lectus condimentum, vitae consequat leo eleifend. Vivamus a porttitor felis. Curabitur suscipit, erat et varius egestas, odio ante pretium ante, a consectetur ligula urna non ante. Vivamus in libero convallis, tempus sem non, dignissim quam. Nam molestie diam nec leo dignissim, et iaculis erat aliquet. Praesent ullamcorper massa libero, non tempus eros commodo egestas. Nulla lorem elit, auctor id malesuada sit amet, semper in orci. Maecenas faucibus, risus vitae venenatis lacinia, erat mi venenatis augue, sit amet interdum dolor felis ut ante. Morbi a facilisis ante, in lobortis urna. Etiam ut nunc quis libero interdum aliquam eu at magna. Nunc vehicula risus eleifend molestie vulputate. Mauris diam odio, congue eget lorem id, finibus imperdiet sem.</p>\n<p>Vestibulum eget posuere metus, vel finibus leo. Suspendisse congue orci magna, in vestibulum lacus pulvinar a. Donec egestas, felis id feugiat tempus, orci velit ullamcorper risus, et ultricies augue arcu ullamcorper dolor. Mauris eget sollicitudin purus. Aenean a cursus risus, sit amet mattis erat. Curabitur vel venenatis sem. Cras non gravida tellus, eu egestas tellus. Morbi at lorem a turpis blandit vulputate vitae a est.</p>\n<p>Nam luctus vestibulum ultricies. Proin lobortis diam nec libero fringilla accumsan. Sed venenatis ante tortor, eu dapibus lectus finibus quis. Suspendisse faucibus felis nec consequat condimentum. Phasellus dui augue, sollicitudin euismod dolor non, hendrerit maximus sapien. Nullam porttitor hendrerit erat, eget commodo leo fermentum nec. Ut ex lacus, ullamcorper eu auctor eget, vehicula sed mauris. Aenean maximus ante eu eros sollicitudin bibendum. Quisque ullamcorper at lorem in bibendum. Phasellus erat sapien, iaculis in orci ac, tincidunt lacinia orci. Nunc euismod ligula lectus, eu euismod leo sollicitudin sit amet. Phasellus odio justo, pretium eget rhoncus sed, egestas eget felis. Phasellus cursus varius arcu, id bibendum enim convallis ac. Aliquam sagittis semper nulla ac molestie. Vestibulum varius gravida ornare.</p>\n<p>Aliquam posuere purus ac dolor eleifend fringilla. Fusce bibendum pretium facilisis. Etiam imperdiet ante vel convallis dignissim. Praesent vitae sapien a augue vehicula tincidunt. Quisque imperdiet sapien nec nibh tempus aliquet. Quisque sed tristique erat, sed faucibus ex. In fringilla elit et tortor pretium feugiat. Nullam ut posuere velit, nec volutpat sapien. Pellentesque congue pellentesque velit a egestas. Nullam libero elit, feugiat sollicitudin faucibus vel, vehicula eu turpis. Morbi mi diam, accumsan sed sapien vitae, auctor scelerisque nulla. Sed convallis velit non metus sollicitudin aliquam. Aenean fringilla leo et quam feugiat molestie. Curabitur gravida porttitor lorem.</p>\n<p>Nam ac molestie nunc. Nullam vel velit lacinia, auctor sapien vel, condimentum purus. Sed id vulputate tortor, quis pulvinar nunc. Nunc luctus sapien mi, id semper nisi ultricies vel. Proin laoreet, metus et rhoncus sagittis, neque nisl facilisis lorem, in feugiat arcu ex sit amet risus. Morbi et ante commodo, vehicula mi id, pulvinar ex. Integer tempus eros sit amet blandit dapibus. Nunc fringilla ac libero vitae viverra. Morbi mollis lorem non ex blandit, ut sollicitudin est faucibus.</p>\n</div>"
  }
},
{
  "pk": 13,
  "model": "pages.richtextpage",
  "fields": {
    "content": "<p>.</p>"
  }
},
{
  "pk": 2,
  "model": "pages.richtextpage",
  "fields": {
    "content": "<div id=\"lipsum\">\n<p>Lorem ipsum dolor sit amet, consectetur adipiscing elit. Morbi luctus eget erat efficitur porta. Donec a lorem urna. Morbi tincidunt ligula eget lectus condimentum, vitae consequat leo eleifend. Vivamus a porttitor felis. Curabitur suscipit, erat et varius egestas, odio ante pretium ante, a consectetur ligula urna non ante. Vivamus in libero convallis, tempus sem non, dignissim quam. Nam molestie diam nec leo dignissim, et iaculis erat aliquet. Praesent ullamcorper massa libero, non tempus eros commodo egestas. Nulla lorem elit, auctor id malesuada sit amet, semper in orci. Maecenas faucibus, risus vitae venenatis lacinia, erat mi venenatis augue, sit amet interdum dolor felis ut ante. Morbi a facilisis ante, in lobortis urna. Etiam ut nunc quis libero interdum aliquam eu at magna. Nunc vehicula risus eleifend molestie vulputate. Mauris diam odio, congue eget lorem id, finibus imperdiet sem.</p>\n<p>Vestibulum eget posuere metus, vel finibus leo. Suspendisse congue orci magna, in vestibulum lacus pulvinar a. Donec egestas, felis id feugiat tempus, orci velit ullamcorper risus, et ultricies augue arcu ullamcorper dolor. Mauris eget sollicitudin purus. Aenean a cursus risus, sit amet mattis erat. Curabitur vel venenatis sem. Cras non gravida tellus, eu egestas tellus. Morbi at lorem a turpis blandit vulputate vitae a est.</p>\n<p>Nam luctus vestibulum ultricies. Proin lobortis diam nec libero fringilla accumsan. Sed venenatis ante tortor, eu dapibus lectus finibus quis. Suspendisse faucibus felis nec consequat condimentum. Phasellus dui augue, sollicitudin euismod dolor non, hendrerit maximus sapien. Nullam porttitor hendrerit erat, eget commodo leo fermentum nec. Ut ex lacus, ullamcorper eu auctor eget, vehicula sed mauris. Aenean maximus ante eu eros sollicitudin bibendum. Quisque ullamcorper at lorem in bibendum. Phasellus erat sapien, iaculis in orci ac, tincidunt lacinia orci. Nunc euismod ligula lectus, eu euismod leo sollicitudin sit amet. Phasellus odio justo, pretium eget rhoncus sed, egestas eget felis. Phasellus cursus varius arcu, id bibendum enim convallis ac. Aliquam sagittis semper nulla ac molestie. Vestibulum varius gravida ornare.</p>\n<p>Aliquam posuere purus ac dolor eleifend fringilla. Fusce bibendum pretium facilisis. Etiam imperdiet ante vel convallis dignissim. Praesent vitae sapien a augue vehicula tincidunt. Quisque imperdiet sapien nec nibh tempus aliquet. Quisque sed tristique erat, sed faucibus ex. In fringilla elit et tortor pretium feugiat. Nullam ut posuere velit, nec volutpat sapien. Pellentesque congue pellentesque velit a egestas. Nullam libero elit, feugiat sollicitudin faucibus vel, vehicula eu turpis. Morbi mi diam, accumsan sed sapien vitae, auctor scelerisque nulla. Sed convallis velit non metus sollicitudin aliquam. Aenean fringilla leo et quam feugiat molestie. Curabitur gravida porttitor lorem.</p>\n<p>Nam ac molestie nunc. Nullam vel velit lacinia, auctor sapien vel, condimentum purus. Sed id vulputate tortor, quis pulvinar nunc. Nunc luctus sapien mi, id semper nisi ultricies vel. Proin laoreet, metus et rhoncus sagittis, neque nisl facilisis lorem, in feugiat arcu ex sit amet risus. Morbi et ante commodo, vehicula mi id, pulvinar ex. Integer tempus eros sit amet blandit dapibus. Nunc fringilla ac libero vitae viverra. Morbi mollis lorem non ex blandit, ut sollicitudin est faucibus.</p>\n</div>"
  }
},
{
  "pk": 6,
  "model": "pages.richtextpage",
  "fields": {
    "content": "<div id=\"lipsum\">\n<p>Lorem ipsum dolor sit amet, consectetur adipiscing elit. Morbi luctus eget erat efficitur porta. Donec a lorem urna. Morbi tincidunt ligula eget lectus condimentum, vitae consequat leo eleifend. Vivamus a porttitor felis. Curabitur suscipit, erat et varius egestas, odio ante pretium ante, a consectetur ligula urna non ante. Vivamus in libero convallis, tempus sem non, dignissim quam. Nam molestie diam nec leo dignissim, et iaculis erat aliquet. Praesent ullamcorper massa libero, non tempus eros commodo egestas. Nulla lorem elit, auctor id malesuada sit amet, semper in orci. Maecenas faucibus, risus vitae venenatis lacinia, erat mi venenatis augue, sit amet interdum dolor felis ut ante. Morbi a facilisis ante, in lobortis urna. Etiam ut nunc quis libero interdum aliquam eu at magna. Nunc vehicula risus eleifend molestie vulputate. Mauris diam odio, congue eget lorem id, finibus imperdiet sem.</p>\n<p>Vestibulum eget posuere metus, vel finibus leo. Suspendisse congue orci magna, in vestibulum lacus pulvinar a. Donec egestas, felis id feugiat tempus, orci velit ullamcorper risus, et ultricies augue arcu ullamcorper dolor. Mauris eget sollicitudin purus. Aenean a cursus risus, sit amet mattis erat. Curabitur vel venenatis sem. Cras non gravida tellus, eu egestas tellus. Morbi at lorem a turpis blandit vulputate vitae a est.</p>\n<p>Nam luctus vestibulum ultricies. Proin lobortis diam nec libero fringilla accumsan. Sed venenatis ante tortor, eu dapibus lectus finibus quis. Suspendisse faucibus felis nec consequat condimentum. Phasellus dui augue, sollicitudin euismod dolor non, hendrerit maximus sapien. Nullam porttitor hendrerit erat, eget commodo leo fermentum nec. Ut ex lacus, ullamcorper eu auctor eget, vehicula sed mauris. Aenean maximus ante eu eros sollicitudin bibendum. Quisque ullamcorper at lorem in bibendum. Phasellus erat sapien, iaculis in orci ac, tincidunt lacinia orci. Nunc euismod ligula lectus, eu euismod leo sollicitudin sit amet. Phasellus odio justo, pretium eget rhoncus sed, egestas eget felis. Phasellus cursus varius arcu, id bibendum enim convallis ac. Aliquam sagittis semper nulla ac molestie. Vestibulum varius gravida ornare.</p>\n<p>Aliquam posuere purus ac dolor eleifend fringilla. Fusce bibendum pretium facilisis. Etiam imperdiet ante vel convallis dignissim. Praesent vitae sapien a augue vehicula tincidunt. Quisque imperdiet sapien nec nibh tempus aliquet. Quisque sed tristique erat, sed faucibus ex. In fringilla elit et tortor pretium feugiat. Nullam ut posuere velit, nec volutpat sapien. Pellentesque congue pellentesque velit a egestas. Nullam libero elit, feugiat sollicitudin faucibus vel, vehicula eu turpis. Morbi mi diam, accumsan sed sapien vitae, auctor scelerisque nulla. Sed convallis velit non metus sollicitudin aliquam. Aenean fringilla leo et quam feugiat molestie. Curabitur gravida porttitor lorem.</p>\n<p>Nam ac molestie nunc. Nullam vel velit lacinia, auctor sapien vel, condimentum purus. Sed id vulputate tortor, quis pulvinar nunc. Nunc luctus sapien mi, id semper nisi ultricies vel. Proin laoreet, metus et rhoncus sagittis, neque nisl facilisis lorem, in feugiat arcu ex sit amet risus. Morbi et ante commodo, vehicula mi id, pulvinar ex. Integer tempus eros sit amet blandit dapibus. Nunc fringilla ac libero vitae viverra. Morbi mollis lorem non ex blandit, ut sollicitudin est faucibus.</p>\n</div>"
  }
},
{
  "pk": 14,
  "model": "forms.form",
  "fields": {
    "button_text": "Submit",
    "email_from": "root@localhost",
    "send_email": true,
    "email_subject": "Bevestiging van inschrijving",
    "response": "<p>Bedankt voor je inschrijving. Je ontvangt een bevestigingsmail op het emailadres dat je hebt opgegeven.</p>",
    "content": "<p>Lid zijn is leuk. Word ook lid!</p>",
    "email_message": "Beste aanmelder,\r\n\r\nBedankt voor je aanmelding. Hieronder vind je een overzicht van de gegevens die je hebt ingevoerd.",
    "email_copies": "ledenadministratie@localhost"
  }
},
{
  "pk": 1,
  "model": "forms.field",
  "fields": {
    "required": true,
    "help_text": " ",
    "_order": 0,
    "visible": true,
    "placeholder_text": "",
    "choices": "Man, Vrouw",
    "field_type": 8,
    "default": "",
    "label": "Geslacht",
    "form": 14
  }
},
{
  "pk": 2,
  "model": "forms.field",
  "fields": {
    "required": true,
    "help_text": " ",
    "_order": 1,
    "visible": true,
    "placeholder_text": "",
    "choices": "",
    "field_type": 1,
    "default": "",
    "label": "Naam",
    "form": 14
  }
},
{
  "pk": 3,
  "model": "forms.field",
  "fields": {
    "required": true,
    "help_text": " ",
    "_order": 3,
    "visible": true,
    "placeholder_text": "",
    "choices": "",
    "field_type": 3,
    "default": "",
    "label": "E-mail",
    "form": 14
  }
},
{
  "pk": 4,
  "model": "forms.field",
  "fields": {
    "required": true,
    "help_text": "Je kunt je IBAN achterhalen op https://www.ibanbicservice.nl/SingleRequest.aspx",
    "_order": 4,
    "visible": true,
    "placeholder_text": "",
    "choices": "",
    "field_type": 1,
    "default": "",
    "label": "IBAN",
    "form": 14
  }
},
{
  "pk": 5,
  "model": "forms.field",
  "fields": {
    "required": true,
    "help_text": " ",
    "_order": 5,
    "visible": true,
    "placeholder_text": "",
    "choices": "",
    "field_type": 15,
    "default": "",
    "label": "Geboortedatum",
    "form": 14
  }
},
{
  "pk": 6,
  "model": "forms.field",
  "fields": {
    "required": true,
    "help_text": " ",
    "_order": 6,
    "visible": true,
    "placeholder_text": "",
    "choices": "Combi, Zelfstandig",
    "field_type": 6,
    "default": "",
    "label": "Type lidmaatschap",
    "form": 14
  }
},
{
  "pk": 7,
  "model": "forms.field",
  "fields": {
    "required": false,
    "help_text": " ",
    "_order": 7,
    "visible": true,
    "placeholder_text": "",
    "choices": "",
    "field_type": 2,
    "default": "",
    "label": "Opmerkingen",
    "form": 14
  }
},
{
  "pk": 8,
  "model": "forms.field",
  "fields": {
    "required": true,
    "help_text": " ",
    "_order": 2,
    "visible": true,
    "placeholder_text": "",
    "choices": "",
    "field_type": 100,
    "default": "",
    "label": "Huisnummer",
    "form": 14
  }
},
{
  "pk": 9,
  "model": "forms.field",
  "fields": {
    "required": true,
    "help_text": " ",
    "_order": 8,
    "visible": true,
    "placeholder_text": "",
    "choices": "",
    "field_type": 101,
    "default": "",
    "label": "Controle",
    "form": 14
  }
},
{
  "pk": 3,
  "model": "forms.formentry",
  "fields": {
    "entry_time": "2014-12-27T22:33:05.576Z",
    "form": 14
  }
},
{
  "pk": 16,
  "model": "forms.fieldentry",
  "fields": {
    "entry": 3,
    "value": "Man",
    "field_id": 1
  }
},
{
  "pk": 17,
  "model": "forms.fieldentry",
  "fields": {
    "entry": 3,
    "value": "John Doe",
    "field_id": 2
  }
},
{
  "pk": 18,
  "model": "forms.fieldentry",
  "fields": {
    "entry": 3,
    "value": "1234",
    "field_id": 8
  }
},
{
  "pk": 19,
  "model": "forms.fieldentry",
  "fields": {
    "entry": 3,
    "value": "a@b.com",
    "field_id": 3
  }
},
{
  "pk": 20,
  "model": "forms.fieldentry",
  "fields": {
    "entry": 3,
    "value": "NL12XXXX3456789012",
    "field_id": 4
  }
},
{
  "pk": 21,
  "model": "forms.fieldentry",
  "fields": {
    "entry": 3,
    "value": "2014-01-01",
    "field_id": 5
  }
},
{
  "pk": 22,
  "model": "forms.fieldentry",
  "fields": {
    "entry": 3,
    "value": "Combi",
    "field_id": 6
  }
},
{
  "pk": 23,
  "model": "forms.fieldentry",
  "fields": {
    "entry": 3,
    "value": "",
    "field_id": 7
  }
},
{
  "pk": 24,
  "model": "forms.fieldentry",
  "fields": {
    "entry": 3,
    "value": "d4f12f1f70bb97b6e4c9168c1231013bdccedbc9, ",
    "field_id": 9
  }
},
{
  "pk": 1,
  "model": "sites.site",
  "fields": {
    "name": "JD Landelijk",
    "domain": "jd.local:8000"
  }
},
{
  "pk": 2,
  "model": "sites.site",
  "fields": {
    "name": "JD Amsterdam",
    "domain": "ams.jd.local:8000"
  }
},
{
  "pk": 3,
  "model": "sites.site",
  "fields": {
    "name": "JD Leiden-Haaglanden",
    "domain": "lh.jd.local:8000"
  }
},
{
  "pk": 1,
  "model": "blog.blogcategory",
  "fields": {
    "site": 1,
    "title": "JD Blog",
    "slug": "jd-blog"
  }
},
{
  "pk": 2,
  "model": "blog.blogcategory",
  "fields": {
    "site": 1,
    "title": "Nieuws",
    "slug": "nieuws"
  }
},
{
  "pk": 3,
  "model": "blog.blogcategory",
  "fields": {
    "site": 3,
    "title": "Weblog",
    "slug": "weblog"
  }
},
{
  "pk": 4,
  "model": "blog.blogcategory",
  "fields": {
    "site": 3,
    "title": "Nieuws",
    "slug": "nieuws"
  }
},
{
  "pk": 1,
  "model": "auth.user",
  "fields": {
    "user_permissions": [],
    "is_active": true,
    "first_name": "",
    "password": "pbkdf2_sha256$12000$7lZdKvhp8rSo$/iSJHxO1UrsFsoCK9Gzx69/5q8d6COJYjvbAoNqt8IQ=",
    "last_name": "",
    "groups": [],
    "username": "admin",
    "is_staff": true,
    "last_login": "2014-12-29T14:20:13.210Z",
    "email": "admin@admin.admin",
    "is_superuser": true,
    "date_joined": "2014-12-21T21:34:09.881Z"
  }
},
{
  "pk": 1,
  "model": "blog.blogpost",
  "fields": {
    "short_url": null,
    "keywords_string": "",
    "gen_description": true,
    "related_posts": [],
    "description": "\nLorem ipsum dolor sit amet, consectetur adipiscing elit. Morbi luctus eget erat efficitur porta. Donec a lorem urna. Morbi tincidunt ligula eget lectus condimentum, vitae consequat leo eleifend. Vivamus a porttitor felis. Curabitur suscipit, erat et varius egestas, odio ante pretium ante, a consectetur ligula urna non ante. Vivamus in libero convallis, tempus sem non, dignissim quam. Nam molestie diam nec leo dignissim, et iaculis erat aliquet. Praesent ullamcorper massa libero, non tempus eros commodo egestas. Nulla lorem elit, auctor id malesuada sit amet, semper in orci. Maecenas faucibus, risus vitae venenatis lacinia, erat mi venenatis augue, sit amet interdum dolor felis ut ante. Morbi a facilisis ante, in lobortis urna. Etiam ut nunc quis libero interdum aliquam eu at magna. Nunc vehicula risus eleifend molestie vulputate. Mauris diam odio, congue eget lorem id, finibus imperdiet sem.",
    "created": "2014-12-21T21:37:04.611Z",
    "allow_comments": true,
    "site": 1,
    "rating_count": 0,
    "user": [
      "admin"
    ],
    "expiry_date": null,
    "content": "<div id=\"lipsum\">\n<p>Lorem ipsum dolor sit amet, consectetur adipiscing elit. Morbi luctus eget erat efficitur porta. Donec a lorem urna. Morbi tincidunt ligula eget lectus condimentum, vitae consequat leo eleifend. Vivamus a porttitor felis. Curabitur suscipit, erat et varius egestas, odio ante pretium ante, a consectetur ligula urna non ante. Vivamus in libero convallis, tempus sem non, dignissim quam. Nam molestie diam nec leo dignissim, et iaculis erat aliquet. Praesent ullamcorper massa libero, non tempus eros commodo egestas. Nulla lorem elit, auctor id malesuada sit amet, semper in orci. Maecenas faucibus, risus vitae venenatis lacinia, erat mi venenatis augue, sit amet interdum dolor felis ut ante. Morbi a facilisis ante, in lobortis urna. Etiam ut nunc quis libero interdum aliquam eu at magna. Nunc vehicula risus eleifend molestie vulputate. Mauris diam odio, congue eget lorem id, finibus imperdiet sem.</p>\n<p>Vestibulum eget posuere metus, vel finibus leo. Suspendisse congue orci magna, in vestibulum lacus pulvinar a. Donec egestas, felis id feugiat tempus, orci velit ullamcorper risus, et ultricies augue arcu ullamcorper dolor. Mauris eget sollicitudin purus. Aenean a cursus risus, sit amet mattis erat. Curabitur vel venenatis sem. Cras non gravida tellus, eu egestas tellus. Morbi at lorem a turpis blandit vulputate vitae a est.</p>\n<p>Nam luctus vestibulum ultricies. Proin lobortis diam nec libero fringilla accumsan. Sed venenatis ante tortor, eu dapibus lectus finibus quis. Suspendisse faucibus felis nec consequat condimentum. Phasellus dui augue, sollicitudin euismod dolor non, hendrerit maximus sapien. Nullam porttitor hendrerit erat, eget commodo leo fermentum nec. Ut ex lacus, ullamcorper eu auctor eget, vehicula sed mauris. Aenean maximus ante eu eros sollicitudin bibendum. Quisque ullamcorper at lorem in bibendum. Phasellus erat sapien, iaculis in orci ac, tincidunt lacinia orci. Nunc euismod ligula lectus, eu euismod leo sollicitudin sit amet. Phasellus odio justo, pretium eget rhoncus sed, egestas eget felis. Phasellus cursus varius arcu, id bibendum enim convallis ac. Aliquam sagittis semper nulla ac molestie. Vestibulum varius gravida ornare.</p>\n<p>Aliquam posuere purus ac dolor eleifend fringilla. Fusce bibendum pretium facilisis. Etiam imperdiet ante vel convallis dignissim. Praesent vitae sapien a augue vehicula tincidunt. Quisque imperdiet sapien nec nibh tempus aliquet. Quisque sed tristique erat, sed faucibus ex. In fringilla elit et tortor pretium feugiat. Nullam ut posuere velit, nec volutpat sapien. Pellentesque congue pellentesque velit a egestas. Nullam libero elit, feugiat sollicitudin faucibus vel, vehicula eu turpis. Morbi mi diam, accumsan sed sapien vitae, auctor scelerisque nulla. Sed convallis velit non metus sollicitudin aliquam. Aenean fringilla leo et quam feugiat molestie. Curabitur gravida porttitor lorem.</p>\n<p>Nam ac molestie nunc. Nullam vel velit lacinia, auctor sapien vel, condimentum purus. Sed id vulputate tortor, quis pulvinar nunc. Nunc luctus sapien mi, id semper nisi ultricies vel. Proin laoreet, metus et rhoncus sagittis, neque nisl facilisis lorem, in feugiat arcu ex sit amet risus. Morbi et ante commodo, vehicula mi id, pulvinar ex. Integer tempus eros sit amet blandit dapibus. Nunc fringilla ac libero vitae viverra. Morbi mollis lorem non ex blandit, ut sollicitudin est faucibus.</p>\n</div>",
    "in_sitemap": true,
    "rating_average": 0.0,
    "featured_image": null,
    "updated": "2014-12-21T21:37:04.611Z",
    "rating_sum": 0,
    "slug": "een-mooie-weblog",
    "status": 2,
    "publish_date": "2014-12-21T21:37:04.609Z",
    "title": "Een mooie weblog",
    "_meta_title": "",
    "comments_count": 0,
    "categories": [
      1
    ]
  }
},
{
  "pk": 2,
  "model": "blog.blogpost",
  "fields": {
    "short_url": null,
    "keywords_string": "",
    "gen_description": true,
    "related_posts": [],
    "description": "\nLorem ipsum dolor sit amet, consectetur adipiscing elit. Morbi luctus eget erat efficitur porta. Donec a lorem urna. Morbi tincidunt ligula eget lectus condimentum, vitae consequat leo eleifend. Vivamus a porttitor felis. Curabitur suscipit, erat et varius egestas, odio ante pretium ante, a consectetur ligula urna non ante. Vivamus in libero convallis, tempus sem non, dignissim quam. Nam molestie diam nec leo dignissim, et iaculis erat aliquet. Praesent ullamcorper massa libero, non tempus eros commodo egestas. Nulla lorem elit, auctor id malesuada sit amet, semper in orci. Maecenas faucibus, risus vitae venenatis lacinia, erat mi venenatis augue, sit amet interdum dolor felis ut ante. Morbi a facilisis ante, in lobortis urna. Etiam ut nunc quis libero interdum aliquam eu at magna. Nunc vehicula risus eleifend molestie vulputate. Mauris diam odio, congue eget lorem id, finibus imperdiet sem.",
    "created": "2014-12-21T21:37:15.769Z",
    "allow_comments": true,
    "site": 1,
    "rating_count": 0,
    "user": [
      "admin"
    ],
    "expiry_date": null,
    "content": "<div id=\"lipsum\">\n<p>Lorem ipsum dolor sit amet, consectetur adipiscing elit. Morbi luctus eget erat efficitur porta. Donec a lorem urna. Morbi tincidunt ligula eget lectus condimentum, vitae consequat leo eleifend. Vivamus a porttitor felis. Curabitur suscipit, erat et varius egestas, odio ante pretium ante, a consectetur ligula urna non ante. Vivamus in libero convallis, tempus sem non, dignissim quam. Nam molestie diam nec leo dignissim, et iaculis erat aliquet. Praesent ullamcorper massa libero, non tempus eros commodo egestas. Nulla lorem elit, auctor id malesuada sit amet, semper in orci. Maecenas faucibus, risus vitae venenatis lacinia, erat mi venenatis augue, sit amet interdum dolor felis ut ante. Morbi a facilisis ante, in lobortis urna. Etiam ut nunc quis libero interdum aliquam eu at magna. Nunc vehicula risus eleifend molestie vulputate. Mauris diam odio, congue eget lorem id, finibus imperdiet sem.</p>\n<p>Vestibulum eget posuere metus, vel finibus leo. Suspendisse congue orci magna, in vestibulum lacus pulvinar a. Donec egestas, felis id feugiat tempus, orci velit ullamcorper risus, et ultricies augue arcu ullamcorper dolor. Mauris eget sollicitudin purus. Aenean a cursus risus, sit amet mattis erat. Curabitur vel venenatis sem. Cras non gravida tellus, eu egestas tellus. Morbi at lorem a turpis blandit vulputate vitae a est.</p>\n<p>Nam luctus vestibulum ultricies. Proin lobortis diam nec libero fringilla accumsan. Sed venenatis ante tortor, eu dapibus lectus finibus quis. Suspendisse faucibus felis nec consequat condimentum. Phasellus dui augue, sollicitudin euismod dolor non, hendrerit maximus sapien. Nullam porttitor hendrerit erat, eget commodo leo fermentum nec. Ut ex lacus, ullamcorper eu auctor eget, vehicula sed mauris. Aenean maximus ante eu eros sollicitudin bibendum. Quisque ullamcorper at lorem in bibendum. Phasellus erat sapien, iaculis in orci ac, tincidunt lacinia orci. Nunc euismod ligula lectus, eu euismod leo sollicitudin sit amet. Phasellus odio justo, pretium eget rhoncus sed, egestas eget felis. Phasellus cursus varius arcu, id bibendum enim convallis ac. Aliquam sagittis semper nulla ac molestie. Vestibulum varius gravida ornare.</p>\n<p>Aliquam posuere purus ac dolor eleifend fringilla. Fusce bibendum pretium facilisis. Etiam imperdiet ante vel convallis dignissim. Praesent vitae sapien a augue vehicula tincidunt. Quisque imperdiet sapien nec nibh tempus aliquet. Quisque sed tristique erat, sed faucibus ex. In fringilla elit et tortor pretium feugiat. Nullam ut posuere velit, nec volutpat sapien. Pellentesque congue pellentesque velit a egestas. Nullam libero elit, feugiat sollicitudin faucibus vel, vehicula eu turpis. Morbi mi diam, accumsan sed sapien vitae, auctor scelerisque nulla. Sed convallis velit non metus sollicitudin aliquam. Aenean fringilla leo et quam feugiat molestie. Curabitur gravida porttitor lorem.</p>\n<p>Nam ac molestie nunc. Nullam vel velit lacinia, auctor sapien vel, condimentum purus. Sed id vulputate tortor, quis pulvinar nunc. Nunc luctus sapien mi, id semper nisi ultricies vel. Proin laoreet, metus et rhoncus sagittis, neque nisl facilisis lorem, in feugiat arcu ex sit amet risus. Morbi et ante commodo, vehicula mi id, pulvinar ex. Integer tempus eros sit amet blandit dapibus. Nunc fringilla ac libero vitae viverra. Morbi mollis lorem non ex blandit, ut sollicitudin est faucibus.</p>\n</div>",
    "in_sitemap": true,
    "rating_average": 0.0,
    "featured_image": null,
    "updated": "2014-12-21T21:37:15.769Z",
    "rating_sum": 0,
    "slug": "een-groot-nieuwtje",
    "status": 2,
    "publish_date": "2014-12-21T21:37:15.767Z",
    "title": "Een groot nieuwtje!",
    "_meta_title": "",
    "comments_count": 0,
    "categories": [
      2
    ]
  }
},
{
  "pk": 3,
  "model": "blog.blogpost",
  "fields": {
    "short_url": null,
    "keywords_string": "",
    "gen_description": true,
    "related_posts": [],
    "description": "\nLorem ipsum dolor sit amet, consectetur adipiscing elit. Morbi luctus eget erat efficitur porta. Donec a lorem urna. Morbi tincidunt ligula eget lectus condimentum, vitae consequat leo eleifend. Vivamus a porttitor felis. Curabitur suscipit, erat et varius egestas, odio ante pretium ante, a consectetur ligula urna non ante. Vivamus in libero convallis, tempus sem non, dignissim quam. Nam molestie diam nec leo dignissim, et iaculis erat aliquet. Praesent ullamcorper massa libero, non tempus eros commodo egestas. Nulla lorem elit, auctor id malesuada sit amet, semper in orci. Maecenas faucibus, risus vitae venenatis lacinia, erat mi venenatis augue, sit amet interdum dolor felis ut ante. Morbi a facilisis ante, in lobortis urna. Etiam ut nunc quis libero interdum aliquam eu at magna. Nunc vehicula risus eleifend molestie vulputate. Mauris diam odio, congue eget lorem id, finibus imperdiet sem.",
    "created": "2014-12-21T21:41:33.326Z",
    "allow_comments": true,
    "site": 3,
    "rating_count": 0,
    "user": [
      "admin"
    ],
    "expiry_date": null,
    "content": "<div id=\"lipsum\">\n<p>Lorem ipsum dolor sit amet, consectetur adipiscing elit. Morbi luctus eget erat efficitur porta. Donec a lorem urna. Morbi tincidunt ligula eget lectus condimentum, vitae consequat leo eleifend. Vivamus a porttitor felis. Curabitur suscipit, erat et varius egestas, odio ante pretium ante, a consectetur ligula urna non ante. Vivamus in libero convallis, tempus sem non, dignissim quam. Nam molestie diam nec leo dignissim, et iaculis erat aliquet. Praesent ullamcorper massa libero, non tempus eros commodo egestas. Nulla lorem elit, auctor id malesuada sit amet, semper in orci. Maecenas faucibus, risus vitae venenatis lacinia, erat mi venenatis augue, sit amet interdum dolor felis ut ante. Morbi a facilisis ante, in lobortis urna. Etiam ut nunc quis libero interdum aliquam eu at magna. Nunc vehicula risus eleifend molestie vulputate. Mauris diam odio, congue eget lorem id, finibus imperdiet sem.</p>\n<p>Vestibulum eget posuere metus, vel finibus leo. Suspendisse congue orci magna, in vestibulum lacus pulvinar a. Donec egestas, felis id feugiat tempus, orci velit ullamcorper risus, et ultricies augue arcu ullamcorper dolor. Mauris eget sollicitudin purus. Aenean a cursus risus, sit amet mattis erat. Curabitur vel venenatis sem. Cras non gravida tellus, eu egestas tellus. Morbi at lorem a turpis blandit vulputate vitae a est.</p>\n<p>Nam luctus vestibulum ultricies. Proin lobortis diam nec libero fringilla accumsan. Sed venenatis ante tortor, eu dapibus lectus finibus quis. Suspendisse faucibus felis nec consequat condimentum. Phasellus dui augue, sollicitudin euismod dolor non, hendrerit maximus sapien. Nullam porttitor hendrerit erat, eget commodo leo fermentum nec. Ut ex lacus, ullamcorper eu auctor eget, vehicula sed mauris. Aenean maximus ante eu eros sollicitudin bibendum. Quisque ullamcorper at lorem in bibendum. Phasellus erat sapien, iaculis in orci ac, tincidunt lacinia orci. Nunc euismod ligula lectus, eu euismod leo sollicitudin sit amet. Phasellus odio justo, pretium eget rhoncus sed, egestas eget felis. Phasellus cursus varius arcu, id bibendum enim convallis ac. Aliquam sagittis semper nulla ac molestie. Vestibulum varius gravida ornare.</p>\n<p>Aliquam posuere purus ac dolor eleifend fringilla. Fusce bibendum pretium facilisis. Etiam imperdiet ante vel convallis dignissim. Praesent vitae sapien a augue vehicula tincidunt. Quisque imperdiet sapien nec nibh tempus aliquet. Quisque sed tristique erat, sed faucibus ex. In fringilla elit et tortor pretium feugiat. Nullam ut posuere velit, nec volutpat sapien. Pellentesque congue pellentesque velit a egestas. Nullam libero elit, feugiat sollicitudin faucibus vel, vehicula eu turpis. Morbi mi diam, accumsan sed sapien vitae, auctor scelerisque nulla. Sed convallis velit non metus sollicitudin aliquam. Aenean fringilla leo et quam feugiat molestie. Curabitur gravida porttitor lorem.</p>\n<p>Nam ac molestie nunc. Nullam vel velit lacinia, auctor sapien vel, condimentum purus. Sed id vulputate tortor, quis pulvinar nunc. Nunc luctus sapien mi, id semper nisi ultricies vel. Proin laoreet, metus et rhoncus sagittis, neque nisl facilisis lorem, in feugiat arcu ex sit amet risus. Morbi et ante commodo, vehicula mi id, pulvinar ex. Integer tempus eros sit amet blandit dapibus. Nunc fringilla ac libero vitae viverra. Morbi mollis lorem non ex blandit, ut sollicitudin est faucibus.</p>\n</div>",
    "in_sitemap": true,
    "rating_average": 0.0,
    "featured_image": null,
    "updated": "2014-12-21T21:41:33.326Z",
    "rating_sum": 0,
    "slug": "een-controversi\u00eble-weblog",
    "status": 2,
    "publish_date": "2014-12-21T21:41:33.322Z",
    "title": "Een controversi\u00eble weblog",
    "_meta_title": "",
    "comments_count": 0,
    "categories": [
      3
    ]
  }
},
{
  "pk": 4,
  "model": "blog.blogpost",
  "fields": {
    "short_url": null,
    "keywords_string": "",
    "gen_description": true,
    "related_posts": [],
    "description": "\nLorem ipsum dolor sit amet, consectetur adipiscing elit. Morbi luctus eget erat efficitur porta. Donec a lorem urna. Morbi tincidunt ligula eget lectus condimentum, vitae consequat leo eleifend. Vivamus a porttitor felis. Curabitur suscipit, erat et varius egestas, odio ante pretium ante, a consectetur ligula urna non ante. Vivamus in libero convallis, tempus sem non, dignissim quam. Nam molestie diam nec leo dignissim, et iaculis erat aliquet. Praesent ullamcorper massa libero, non tempus eros commodo egestas. Nulla lorem elit, auctor id malesuada sit amet, semper in orci. Maecenas faucibus, risus vitae venenatis lacinia, erat mi venenatis augue, sit amet interdum dolor felis ut ante. Morbi a facilisis ante, in lobortis urna. Etiam ut nunc quis libero interdum aliquam eu at magna. Nunc vehicula risus eleifend molestie vulputate. Mauris diam odio, congue eget lorem id, finibus imperdiet sem.",
    "created": "2014-12-21T21:41:45.325Z",
    "allow_comments": true,
    "site": 3,
    "rating_count": 0,
    "user": [
      "admin"
    ],
    "expiry_date": null,
    "content": "<div id=\"lipsum\">\n<p>Lorem ipsum dolor sit amet, consectetur adipiscing elit. Morbi luctus eget erat efficitur porta. Donec a lorem urna. Morbi tincidunt ligula eget lectus condimentum, vitae consequat leo eleifend. Vivamus a porttitor felis. Curabitur suscipit, erat et varius egestas, odio ante pretium ante, a consectetur ligula urna non ante. Vivamus in libero convallis, tempus sem non, dignissim quam. Nam molestie diam nec leo dignissim, et iaculis erat aliquet. Praesent ullamcorper massa libero, non tempus eros commodo egestas. Nulla lorem elit, auctor id malesuada sit amet, semper in orci. Maecenas faucibus, risus vitae venenatis lacinia, erat mi venenatis augue, sit amet interdum dolor felis ut ante. Morbi a facilisis ante, in lobortis urna. Etiam ut nunc quis libero interdum aliquam eu at magna. Nunc vehicula risus eleifend molestie vulputate. Mauris diam odio, congue eget lorem id, finibus imperdiet sem.</p>\n<p>Vestibulum eget posuere metus, vel finibus leo. Suspendisse congue orci magna, in vestibulum lacus pulvinar a. Donec egestas, felis id feugiat tempus, orci velit ullamcorper risus, et ultricies augue arcu ullamcorper dolor. Mauris eget sollicitudin purus. Aenean a cursus risus, sit amet mattis erat. Curabitur vel venenatis sem. Cras non gravida tellus, eu egestas tellus. Morbi at lorem a turpis blandit vulputate vitae a est.</p>\n<p>Nam luctus vestibulum ultricies. Proin lobortis diam nec libero fringilla accumsan. Sed venenatis ante tortor, eu dapibus lectus finibus quis. Suspendisse faucibus felis nec consequat condimentum. Phasellus dui augue, sollicitudin euismod dolor non, hendrerit maximus sapien. Nullam porttitor hendrerit erat, eget commodo leo fermentum nec. Ut ex lacus, ullamcorper eu auctor eget, vehicula sed mauris. Aenean maximus ante eu eros sollicitudin bibendum. Quisque ullamcorper at lorem in bibendum. Phasellus erat sapien, iaculis in orci ac, tincidunt lacinia orci. Nunc euismod ligula lectus, eu euismod leo sollicitudin sit amet. Phasellus odio justo, pretium eget rhoncus sed, egestas eget felis. Phasellus cursus varius arcu, id bibendum enim convallis ac. Aliquam sagittis semper nulla ac molestie. Vestibulum varius gravida ornare.</p>\n<p>Aliquam posuere purus ac dolor eleifend fringilla. Fusce bibendum pretium facilisis. Etiam imperdiet ante vel convallis dignissim. Praesent vitae sapien a augue vehicula tincidunt. Quisque imperdiet sapien nec nibh tempus aliquet. Quisque sed tristique erat, sed faucibus ex. In fringilla elit et tortor pretium feugiat. Nullam ut posuere velit, nec volutpat sapien. Pellentesque congue pellentesque velit a egestas. Nullam libero elit, feugiat sollicitudin faucibus vel, vehicula eu turpis. Morbi mi diam, accumsan sed sapien vitae, auctor scelerisque nulla. Sed convallis velit non metus sollicitudin aliquam. Aenean fringilla leo et quam feugiat molestie. Curabitur gravida porttitor lorem.</p>\n<p>Nam ac molestie nunc. Nullam vel velit lacinia, auctor sapien vel, condimentum purus. Sed id vulputate tortor, quis pulvinar nunc. Nunc luctus sapien mi, id semper nisi ultricies vel. Proin laoreet, metus et rhoncus sagittis, neque nisl facilisis lorem, in feugiat arcu ex sit amet risus. Morbi et ante commodo, vehicula mi id, pulvinar ex. Integer tempus eros sit amet blandit dapibus. Nunc fringilla ac libero vitae viverra. Morbi mollis lorem non ex blandit, ut sollicitudin est faucibus.</p>\n</div>",
    "in_sitemap": true,
    "rating_average": 0.0,
    "featured_image": null,
    "updated": "2014-12-21T21:41:45.325Z",
    "rating_sum": 0,
    "slug": "een-mildere-weblog",
    "status": 2,
    "publish_date": "2014-12-21T21:41:45.323Z",
    "title": "Een mildere weblog",
    "_meta_title": "",
    "comments_count": 0,
    "categories": [
      3
    ]
  }
},
{
  "pk": 5,
  "model": "blog.blogpost",
  "fields": {
    "short_url": null,
    "keywords_string": "",
    "gen_description": true,
    "related_posts": [],
    "description": "\nLorem ipsum dolor sit amet, consectetur adipiscing elit. Morbi luctus eget erat efficitur porta. Donec a lorem urna. Morbi tincidunt ligula eget lectus condimentum, vitae consequat leo eleifend. Vivamus a porttitor felis. Curabitur suscipit, erat et varius egestas, odio ante pretium ante, a consectetur ligula urna non ante. Vivamus in libero convallis, tempus sem non, dignissim quam. Nam molestie diam nec leo dignissim, et iaculis erat aliquet. Praesent ullamcorper massa libero, non tempus eros commodo egestas. Nulla lorem elit, auctor id malesuada sit amet, semper in orci. Maecenas faucibus, risus vitae venenatis lacinia, erat mi venenatis augue, sit amet interdum dolor felis ut ante. Morbi a facilisis ante, in lobortis urna. Etiam ut nunc quis libero interdum aliquam eu at magna. Nunc vehicula risus eleifend molestie vulputate. Mauris diam odio, congue eget lorem id, finibus imperdiet sem.",
    "created": "2014-12-21T21:41:59.969Z",
    "allow_comments": true,
    "site": 3,
    "rating_count": 0,
    "user": [
      "admin"
    ],
    "expiry_date": null,
    "content": "<div id=\"lipsum\">\n<p>Lorem ipsum dolor sit amet, consectetur adipiscing elit. Morbi luctus eget erat efficitur porta. Donec a lorem urna. Morbi tincidunt ligula eget lectus condimentum, vitae consequat leo eleifend. Vivamus a porttitor felis. Curabitur suscipit, erat et varius egestas, odio ante pretium ante, a consectetur ligula urna non ante. Vivamus in libero convallis, tempus sem non, dignissim quam. Nam molestie diam nec leo dignissim, et iaculis erat aliquet. Praesent ullamcorper massa libero, non tempus eros commodo egestas. Nulla lorem elit, auctor id malesuada sit amet, semper in orci. Maecenas faucibus, risus vitae venenatis lacinia, erat mi venenatis augue, sit amet interdum dolor felis ut ante. Morbi a facilisis ante, in lobortis urna. Etiam ut nunc quis libero interdum aliquam eu at magna. Nunc vehicula risus eleifend molestie vulputate. Mauris diam odio, congue eget lorem id, finibus imperdiet sem.</p>\n<p>Vestibulum eget posuere metus, vel finibus leo. Suspendisse congue orci magna, in vestibulum lacus pulvinar a. Donec egestas, felis id feugiat tempus, orci velit ullamcorper risus, et ultricies augue arcu ullamcorper dolor. Mauris eget sollicitudin purus. Aenean a cursus risus, sit amet mattis erat. Curabitur vel venenatis sem. Cras non gravida tellus, eu egestas tellus. Morbi at lorem a turpis blandit vulputate vitae a est.</p>\n<p>Nam luctus vestibulum ultricies. Proin lobortis diam nec libero fringilla accumsan. Sed venenatis ante tortor, eu dapibus lectus finibus quis. Suspendisse faucibus felis nec consequat condimentum. Phasellus dui augue, sollicitudin euismod dolor non, hendrerit maximus sapien. Nullam porttitor hendrerit erat, eget commodo leo fermentum nec. Ut ex lacus, ullamcorper eu auctor eget, vehicula sed mauris. Aenean maximus ante eu eros sollicitudin bibendum. Quisque ullamcorper at lorem in bibendum. Phasellus erat sapien, iaculis in orci ac, tincidunt lacinia orci. Nunc euismod ligula lectus, eu euismod leo sollicitudin sit amet. Phasellus odio justo, pretium eget rhoncus sed, egestas eget felis. Phasellus cursus varius arcu, id bibendum enim convallis ac. Aliquam sagittis semper nulla ac molestie. Vestibulum varius gravida ornare.</p>\n<p>Aliquam posuere purus ac dolor eleifend fringilla. Fusce bibendum pretium facilisis. Etiam imperdiet ante vel convallis dignissim. Praesent vitae sapien a augue vehicula tincidunt. Quisque imperdiet sapien nec nibh tempus aliquet. Quisque sed tristique erat, sed faucibus ex. In fringilla elit et tortor pretium feugiat. Nullam ut posuere velit, nec volutpat sapien. Pellentesque congue pellentesque velit a egestas. Nullam libero elit, feugiat sollicitudin faucibus vel, vehicula eu turpis. Morbi mi diam, accumsan sed sapien vitae, auctor scelerisque nulla. Sed convallis velit non metus sollicitudin aliquam. Aenean fringilla leo et quam feugiat molestie. Curabitur gravida porttitor lorem.</p>\n<p>Nam ac molestie nunc. Nullam vel velit lacinia, auctor sapien vel, condimentum purus. Sed id vulputate tortor, quis pulvinar nunc. Nunc luctus sapien mi, id semper nisi ultricies vel. Proin laoreet, metus et rhoncus sagittis, neque nisl facilisis lorem, in feugiat arcu ex sit amet risus. Morbi et ante commodo, vehicula mi id, pulvinar ex. Integer tempus eros sit amet blandit dapibus. Nunc fringilla ac libero vitae viverra. Morbi mollis lorem non ex blandit, ut sollicitudin est faucibus.</p>\n</div>",
    "in_sitemap": true,
    "rating_average": 0.0,
    "featured_image": null,
    "updated": "2014-12-21T21:41:59.969Z",
    "rating_sum": 0,
    "slug": "het-persbericht-van-het-jaar",
    "status": 2,
    "publish_date": "2014-12-21T21:41:59.965Z",
    "title": "Het persbericht van het jaar!",
    "_meta_title": "",
    "comments_count": 0,
    "categories": [
      4
    ]
  }
}
]
