[
{
  "fields": {
    "gen_description": true,
    "title": "Home",
    "content_model": "homepage",
    "_meta_title": "",
    "titles": "Home",
    "in_menus": "1",
    "created": "2015-07-04T18:34:54.661Z",
    "status": 2,
    "in_sitemap": true,
    "updated": "2015-07-05T08:43:06.667Z",
    "expiry_date": null,
    "short_url": null,
    "slug": "/",
    "keywords_string": "",
    "site": 1,
    "_order": 0,
    "parent": null,
    "login_required": false,
    "description": "This is a test homepage.\u00a0",
    "publish_date": "2015-07-04T18:34:54Z"
  },
  "model": "pages.page",
  "pk": 2
},
{
  "fields": {
    "gen_description": true,
    "title": "EventsThisSite",
    "content_model": "richtextpage",
    "_meta_title": "",
    "titles": "EventsThisSite",
    "in_menus": "1",
    "created": "2015-07-04T18:35:24.832Z",
    "status": 2,
    "in_sitemap": true,
    "updated": "2015-07-05T08:42:32.212Z",
    "expiry_date": null,
    "short_url": null,
    "slug": "eventsthissite",
    "keywords_string": "",
    "site": 1,
    "_order": 1,
    "parent": null,
    "login_required": false,
    "description": "This is a test page.\u00a0",
    "publish_date": "2015-07-04T18:35:24Z"
  },
  "model": "pages.page",
  "pk": 3
},
{
  "fields": {
    "gen_description": true,
    "title": "LH Home",
    "content_model": "homepage",
    "_meta_title": "",
    "titles": "LH Home",
    "in_menus": "1",
    "created": "2015-07-04T18:43:06.316Z",
    "status": 2,
    "in_sitemap": true,
    "updated": "2015-07-04T18:44:42.864Z",
    "expiry_date": null,
    "short_url": null,
    "slug": "/",
    "keywords_string": "",
    "site": 2,
    "_order": 0,
    "parent": null,
    "login_required": false,
    "description": "Test homepage for a department site. \u00a0",
    "publish_date": "2015-07-04T18:43:06Z"
  },
  "model": "pages.page",
  "pk": 4
},
{
  "fields": {
    "gen_description": true,
    "title": "LH test page",
    "content_model": "richtextpage",
    "_meta_title": "",
    "titles": "LH test page",
    "in_menus": "1",
    "created": "2015-07-04T18:44:13.468Z",
    "status": 2,
    "in_sitemap": true,
    "updated": "2015-07-04T18:44:13.468Z",
    "expiry_date": null,
    "short_url": null,
    "slug": "lh-test-page",
    "keywords_string": "",
    "site": 2,
    "_order": 1,
    "parent": null,
    "login_required": false,
    "description": "Test page for the a department site.\u00a0",
    "publish_date": "2015-07-04T18:44:13.464Z"
  },
  "model": "pages.page",
  "pk": 5
},
{
  "fields": {
    "gen_description": true,
    "title": "AMS Home",
    "content_model": "homepage",
    "_meta_title": "",
    "titles": "AMS Home",
    "in_menus": "1",
    "created": "2015-07-05T07:50:59.383Z",
    "status": 2,
    "in_sitemap": true,
    "updated": "2015-07-05T07:50:59.383Z",
    "expiry_date": null,
    "short_url": null,
    "slug": "/",
    "keywords_string": "",
    "site": 3,
    "_order": 0,
    "parent": null,
    "login_required": false,
    "description": "This is a test homepage for a site.\u00a0",
    "publish_date": "2015-07-05T07:50:59.356Z"
  },
  "model": "pages.page",
  "pk": 6
},
{
  "fields": {
    "content": "<p>This is a test page.\u00a0</p>"
  },
  "model": "pages.richtextpage",
  "pk": 3
},
{
  "fields": {
    "content": "<p>Test page for the a department site.\u00a0</p>"
  },
  "model": "pages.richtextpage",
  "pk": 5
},
{
  "fields": {
    "name": "jd.local",
    "domain": "jd.local:8000"
  },
  "model": "sites.site",
  "pk": 1
},
{
  "fields": {
    "name": "lh.jd.local",
    "domain": "lh.jd.local:8000"
  },
  "model": "sites.site",
  "pk": 2
},
{
  "fields": {
    "name": "ams.jd.local",
    "domain": "ams.jd.local:8000"
  },
  "model": "sites.site",
  "pk": 3
},
{
  "fields": {
    "content_type": [
      "jdpages",
      "eventcolumnelement"
    ],
    "object_id": 1,
    "subtype": "",
    "name": "Events for all sites",
    "site": 1
  },
  "model": "jdpages.columnelement",
  "pk": 1
},
{
  "fields": {
    "content_type": [
      "jdpages",
      "eventcolumnelement"
    ],
    "object_id": 2,
    "subtype": "",
    "name": "Events for example.com",
    "site": 1
  },
  "model": "jdpages.columnelement",
  "pk": 2
},
{
  "fields": {
    "content_type": [
      "jdpages",
      "eventcolumnelement"
    ],
    "object_id": 3,
    "subtype": "",
    "name": "Events for all sites",
    "site": 2
  },
  "model": "jdpages.columnelement",
  "pk": 3
},
{
  "fields": {
    "content_type": [
      "jdpages",
      "eventcolumnelement"
    ],
    "object_id": 4,
    "subtype": "",
    "name": "Events for utrecht.jd.nl",
    "site": 2
  },
  "model": "jdpages.columnelement",
  "pk": 4
},
{
  "fields": {
    "content_type": [
      "jdpages",
      "eventcolumnelement"
    ],
    "object_id": 5,
    "subtype": "",
    "name": "Events for main site and utrecht.jd.nl",
    "site": 2
  },
  "model": "jdpages.columnelement",
  "pk": 5
},
{
  "fields": {
    "content_type": [
      "jdpages",
      "eventcolumnelement"
    ],
    "object_id": 6,
    "subtype": "",
    "name": "Events for all sites",
    "site": 3
  },
  "model": "jdpages.columnelement",
  "pk": 6
},
{
  "fields": {
    "content_type": [
      "jdpages",
      "eventcolumnelement"
    ],
    "object_id": 7,
    "subtype": "",
    "name": "Events for ams.jd.local",
    "site": 3
  },
  "model": "jdpages.columnelement",
  "pk": 7
},
{
  "fields": {
    "content_type": [
      "jdpages",
      "eventcolumnelement"
    ],
    "object_id": 8,
    "subtype": "",
    "name": "Events for main site and ams.jd.local",
    "site": 3
  },
  "model": "jdpages.columnelement",
  "pk": 8
},
{
  "fields": {
    "title": "All events",
    "_order": 0,
    "max_items": 10,
    "site": 1,
    "page": 2,
    "horizontal_position": "Left",
    "column_element": 1
  },
  "model": "jdpages.columnelementwidget",
  "pk": 1
},
{
  "fields": {
    "title": "Main Events",
    "_order": 0,
    "max_items": 10,
    "site": 1,
    "page": 3,
    "horizontal_position": "Left",
    "column_element": 2
  },
  "model": "jdpages.columnelementwidget",
  "pk": 2
},
{
  "fields": {
    "site": 1
  },
  "model": "jdpages.sidebar",
  "pk": 1
},
{
  "fields": {
    "site": 2
  },
  "model": "jdpages.sidebar",
  "pk": 2
},
{
  "fields": {
    "site": 3
  },
  "model": "jdpages.sidebar",
  "pk": 3
},
{
  "fields": {
    "sidebar": 1,
    "active": false,
    "site": 1
  },
  "model": "jdpages.sidebartabswidget",
  "pk": 1
},
{
  "fields": {
    "sidebar": 2,
    "active": true,
    "site": 2
  },
  "model": "jdpages.sidebartabswidget",
  "pk": 2
},
{
  "fields": {
    "sidebar": 3,
    "active": true,
    "site": 3
  },
  "model": "jdpages.sidebartabswidget",
  "pk": 3
},
{
  "fields": {
    "content": "<p>This is a test homepage for a site.\u00a0</p>"
  },
  "model": "jdpages.homepage",
  "pk": 6
},
{
  "fields": {
    "content": "<p>This is a test homepage.\u00a0</p>"
  },
  "model": "jdpages.homepage",
  "pk": 2
},
{
  "fields": {
    "content": "<p>Test homepage for a department site. \u00a0</p>"
  },
  "model": "jdpages.homepage",
  "pk": 4
},
{
  "fields": {
    "type": "AL",
    "site": 1
  },
  "model": "jdpages.eventcolumnelement",
  "pk": 1
},
{
  "fields": {
    "type": "SI",
    "site": 1
  },
  "model": "jdpages.eventcolumnelement",
  "pk": 2
},
{
  "fields": {
    "type": "AL",
    "site": 2
  },
  "model": "jdpages.eventcolumnelement",
  "pk": 3
},
{
  "fields": {
    "type": "SI",
    "site": 2
  },
  "model": "jdpages.eventcolumnelement",
  "pk": 4
},
{
  "fields": {
    "type": "SM",
    "site": 2
  },
  "model": "jdpages.eventcolumnelement",
  "pk": 5
},
{
  "fields": {
    "type": "AL",
    "site": 3
  },
  "model": "jdpages.eventcolumnelement",
  "pk": 6
},
{
  "fields": {
    "type": "SI",
    "site": 3
  },
  "model": "jdpages.eventcolumnelement",
  "pk": 7
},
{
  "fields": {
    "type": "SM",
    "site": 3
  },
  "model": "jdpages.eventcolumnelement",
  "pk": 8
},
{
  "fields": {
    "value": "False",
    "name": "ADMIN_MENU_COLLAPSED",
    "site": 1
  },
  "model": "conf.setting",
  "pk": 1
},
{
  "fields": {
    "value": "10",
    "name": "SEARCH_PER_PAGE",
    "site": 1
  },
  "model": "conf.setting",
  "pk": 2
},
{
  "fields": {
    "value": "5",
    "name": "BLOG_POST_PER_PAGE",
    "site": 1
  },
  "model": "conf.setting",
  "pk": 3
},
{
  "fields": {
    "value": "1",
    "name": "PIWIK_SITE_ID",
    "site": 1
  },
  "model": "conf.setting",
  "pk": 4
},
{
  "fields": {
    "value": "False",
    "name": "SSL_ENABLED",
    "site": 1
  },
  "model": "conf.setting",
  "pk": 5
},
{
  "fields": {
    "value": "3",
    "name": "TWITTER_DEFAULT_NUM_TWEETS",
    "site": 1
  },
  "model": "conf.setting",
  "pk": 6
},
{
  "fields": {
    "value": "search",
    "name": "TWITTER_DEFAULT_QUERY_TYPE",
    "site": 1
  },
  "model": "conf.setting",
  "pk": 7
},
{
  "fields": {
    "value": "",
    "name": "SSL_FORCE_HOST",
    "site": 1
  },
  "model": "conf.setting",
  "pk": 8
},
{
  "fields": {
    "value": "from:stephen_mcd mezzanine",
    "name": "TWITTER_DEFAULT_QUERY",
    "site": 1
  },
  "model": "conf.setting",
  "pk": 9
},
{
  "fields": {
    "value": "",
    "name": "TWITTER_CONSUMER_SECRET",
    "site": 1
  },
  "model": "conf.setting",
  "pk": 10
},
{
  "fields": {
    "value": "Jonge Democraten",
    "name": "SITE_TITLE",
    "site": 1
  },
  "model": "conf.setting",
  "pk": 11
},
{
  "fields": {
    "value": "",
    "name": "TWITTER_ACCESS_TOKEN_SECRET",
    "site": 1
  },
  "model": "conf.setting",
  "pk": 12
},
{
  "fields": {
    "value": "",
    "name": "TWITTER_CONSUMER_KEY",
    "site": 1
  },
  "model": "conf.setting",
  "pk": 13
},
{
  "fields": {
    "value": "2",
    "name": "SIDEBAR_AGENDA_SITES",
    "site": 1
  },
  "model": "conf.setting",
  "pk": 14
},
{
  "fields": {
    "value": "",
    "name": "SITE_TAGLINE",
    "site": 1
  },
  "model": "conf.setting",
  "pk": 15
},
{
  "fields": {
    "value": "",
    "name": "TWITTER_ACCESS_TOKEN_KEY",
    "site": 1
  },
  "model": "conf.setting",
  "pk": 16
},
{
  "fields": {
    "value": "10",
    "name": "MAX_PAGING_LINKS",
    "site": 1
  },
  "model": "conf.setting",
  "pk": 17
},
{
  "fields": {
    "value": "1",
    "name": "RICHTEXT_FILTER_LEVEL",
    "site": 1
  },
  "model": "conf.setting",
  "pk": 18
},
{
  "fields": {
    "value": "False",
    "name": "ADMIN_MENU_COLLAPSED",
    "site": 2
  },
  "model": "conf.setting",
  "pk": 19
},
{
  "fields": {
    "value": "10",
    "name": "SEARCH_PER_PAGE",
    "site": 2
  },
  "model": "conf.setting",
  "pk": 20
},
{
  "fields": {
    "value": "5",
    "name": "BLOG_POST_PER_PAGE",
    "site": 2
  },
  "model": "conf.setting",
  "pk": 21
},
{
  "fields": {
    "value": "1",
    "name": "PIWIK_SITE_ID",
    "site": 2
  },
  "model": "conf.setting",
  "pk": 22
},
{
  "fields": {
    "value": "False",
    "name": "SSL_ENABLED",
    "site": 2
  },
  "model": "conf.setting",
  "pk": 23
},
{
  "fields": {
    "value": "3",
    "name": "TWITTER_DEFAULT_NUM_TWEETS",
    "site": 2
  },
  "model": "conf.setting",
  "pk": 24
},
{
  "fields": {
    "value": "search",
    "name": "TWITTER_DEFAULT_QUERY_TYPE",
    "site": 2
  },
  "model": "conf.setting",
  "pk": 25
},
{
  "fields": {
    "value": "",
    "name": "SSL_FORCE_HOST",
    "site": 2
  },
  "model": "conf.setting",
  "pk": 26
},
{
  "fields": {
    "value": "from:stephen_mcd mezzanine",
    "name": "TWITTER_DEFAULT_QUERY",
    "site": 2
  },
  "model": "conf.setting",
  "pk": 27
},
{
  "fields": {
    "value": "",
    "name": "TWITTER_CONSUMER_SECRET",
    "site": 2
  },
  "model": "conf.setting",
  "pk": 28
},
{
  "fields": {
    "value": "JD Leiden Haaglanden",
    "name": "SITE_TITLE",
    "site": 2
  },
  "model": "conf.setting",
  "pk": 29
},
{
  "fields": {
    "value": "",
    "name": "TWITTER_ACCESS_TOKEN_SECRET",
    "site": 2
  },
  "model": "conf.setting",
  "pk": 30
},
{
  "fields": {
    "value": "",
    "name": "TWITTER_CONSUMER_KEY",
    "site": 2
  },
  "model": "conf.setting",
  "pk": 31
},
{
  "fields": {
    "value": "2",
    "name": "SIDEBAR_AGENDA_SITES",
    "site": 2
  },
  "model": "conf.setting",
  "pk": 32
},
{
  "fields": {
    "value": "Leiden Haaglanden",
    "name": "SITE_TAGLINE",
    "site": 2
  },
  "model": "conf.setting",
  "pk": 33
},
{
  "fields": {
    "value": "",
    "name": "TWITTER_ACCESS_TOKEN_KEY",
    "site": 2
  },
  "model": "conf.setting",
  "pk": 34
},
{
  "fields": {
    "value": "10",
    "name": "MAX_PAGING_LINKS",
    "site": 2
  },
  "model": "conf.setting",
  "pk": 35
},
{
  "fields": {
    "value": "1",
    "name": "RICHTEXT_FILTER_LEVEL",
    "site": 2
  },
  "model": "conf.setting",
  "pk": 36
},
{
  "fields": {
    "gen_description": true,
    "title": "JD event",
    "event_category": null,
    "_meta_title": "",
    "created": "2015-07-04T18:56:54.388Z",
    "status": 2,
    "in_sitemap": true,
    "updated": "2015-07-04T18:56:54.388Z",
    "expiry_date": null,
    "short_url": null,
    "slug": "jd-event",
    "keywords_string": "",
    "site": 1,
    "content": "<p>Test jd event.</p>",
    "description": "Test jd event.",
    "publish_date": "2015-07-04T18:56:54.359Z"
  },
  "model": "events.event",
  "pk": 1
},
{
  "fields": {
    "gen_description": true,
    "title": "Leiden Haaglanden meeting",
    "event_category": null,
    "_meta_title": "",
    "created": "2015-07-04T18:58:59.362Z",
    "status": 2,
    "in_sitemap": true,
    "updated": "2015-07-05T08:43:49.815Z",
    "expiry_date": null,
    "short_url": null,
    "slug": "leiden-haaglanden-meeting",
    "keywords_string": "",
    "site": 2,
    "content": "<p>This is a test department meeting.</p>",
    "description": "This is a test department meeting.",
    "publish_date": "2015-07-04T18:58:59Z"
  },
  "model": "events.event",
  "pk": 2
},
{
  "fields": {
    "gen_description": true,
    "title": "JD draft event",
    "event_category": null,
    "_meta_title": "",
    "created": "2015-07-05T09:36:31.623Z",
    "status": 1,
    "in_sitemap": true,
    "updated": "2015-07-05T09:36:31.623Z",
    "expiry_date": null,
    "short_url": null,
    "slug": "jd-draft-event",
    "keywords_string": "",
    "site": 1,
    "content": "",
    "description": "JD draft event",
    "publish_date": "2015-07-05T09:36:31.621Z"
  },
  "model": "events.event",
  "pk": 3
},
{
  "fields": {
    "gen_description": false,
    "title": "JD event (First occurrence)",
    "end_time": "2020-07-04T18:00:00Z",
    "_meta_title": null,
    "created": "2015-07-04T18:56:54.397Z",
    "start_time": "2020-07-04T09:00:00Z",
    "status": 2,
    "in_sitemap": true,
    "updated": "2015-07-04T18:56:54.397Z",
    "expiry_date": null,
    "short_url": null,
    "slug": "jd-event-first-occurrence",
    "keywords_string": "",
    "site": 1,
    "location": "Utrecht",
    "description": "First occurrence",
    "publish_date": "2015-07-04T18:56:54.359Z",
    "event": 1
  },
  "model": "events.occurrence",
  "pk": 1
},
{
  "fields": {
    "gen_description": false,
    "title": "JD event (Second occurrence)",
    "end_time": "2020-07-11T18:00:00Z",
    "_meta_title": null,
    "created": "2015-07-04T18:56:54.400Z",
    "start_time": "2020-07-11T09:00:00Z",
    "status": 2,
    "in_sitemap": true,
    "updated": "2015-07-04T18:56:54.400Z",
    "expiry_date": null,
    "short_url": null,
    "slug": "jd-event-second-occurrence",
    "keywords_string": "",
    "site": 1,
    "location": "Amsterdam",
    "description": "Second occurrence",
    "publish_date": "2015-07-04T18:56:54.359Z",
    "event": 1
  },
  "model": "events.occurrence",
  "pk": 2
},
{
  "fields": {
    "gen_description": false,
    "title": "Leiden Haaglanden meeting (First occurrence)",
    "end_time": "2020-07-05T16:00:00Z",
    "_meta_title": null,
    "created": "2015-07-04T18:58:59.371Z",
    "start_time": "2020-07-05T15:00:00Z",
    "status": 2,
    "in_sitemap": true,
    "updated": "2015-07-05T08:43:49.818Z",
    "expiry_date": null,
    "short_url": null,
    "slug": "leiden-haaglanden-meeting-first-occurrence",
    "keywords_string": "",
    "site": 2,
    "location": "Leiden",
    "description": "First occurrence",
    "publish_date": "2015-07-04T18:58:59Z",
    "event": 2
  },
  "model": "events.occurrence",
  "pk": 3
},
{
  "fields": {
    "gen_description": false,
    "title": "Leiden Haaglanden meeting (Second occurrence)",
    "end_time": "2020-07-12T16:00:00Z",
    "_meta_title": null,
    "created": "2015-07-04T18:59:39.298Z",
    "start_time": "2020-07-12T15:00:00Z",
    "status": 2,
    "in_sitemap": true,
    "updated": "2015-07-05T08:43:49.827Z",
    "expiry_date": null,
    "short_url": null,
    "slug": "leiden-haaglanden-meeting",
    "keywords_string": "",
    "site": 2,
    "location": "Den Haag",
    "description": "Second occurrence",
    "publish_date": "2015-07-04T18:58:59Z",
    "event": 2
  },
  "model": "events.occurrence",
  "pk": 4
},
{
  "fields": {
    "gen_description": false,
    "title": "JD draft event (First occurrence)",
    "end_time": "2020-07-06T10:00:00Z",
    "_meta_title": null,
    "created": "2015-07-05T09:36:31.632Z",
    "start_time": "2020-07-06T09:00:00Z",
    "status": 1,
    "in_sitemap": true,
    "updated": "2015-07-05T09:36:31.632Z",
    "expiry_date": null,
    "short_url": null,
    "slug": "jd-draft-event-first-occurrence",
    "keywords_string": "",
    "site": 1,
    "location": "Amsterdam",
    "description": "First occurrence",
    "publish_date": "2015-07-05T09:36:31.621Z",
    "event": 3
  },
  "model": "events.occurrence",
  "pk": 5
},
{
  "fields": {
    "gen_description": false,
    "title": "JD draft event (Second occurrence)",
    "end_time": "2020-07-08T10:00:00Z",
    "_meta_title": null,
    "created": "2015-07-05T09:36:31.635Z",
    "start_time": "2020-07-08T09:00:00Z",
    "status": 1,
    "in_sitemap": true,
    "updated": "2015-07-05T09:36:31.635Z",
    "expiry_date": null,
    "short_url": null,
    "slug": "jd-draft-event-second-occurrence",
    "keywords_string": "",
    "site": 1,
    "location": "Amsterdam",
    "description": "Second occurrence",
    "publish_date": "2015-07-05T09:36:31.621Z",
    "event": 3
  },
  "model": "events.occurrence",
  "pk": 6
},
{
  "fields": {
    "user_permissions": [],
    "is_active": true,
    "last_login": "2015-07-05T07:42:27.643Z",
    "first_name": "",
    "password": "pbkdf2_sha256$15000$a7lvPZCqrZNr$Bs8WrBxUt0gnaJrK/MOttAm8NuZfkQh2qpE4D8GTPLM=",
    "email": "admin@admin.com",
    "last_name": "",
    "date_joined": "2015-07-04T18:33:52.173Z",
    "username": "admin",
    "is_staff": true,
    "is_superuser": true,
    "groups": []
  },
  "model": "auth.user",
  "pk": 1
}
]
